Date, OpenDJ, HighDJ, LowDJ, CloseDJ
1994-01-01,3756.6,3790.7,3715.24,3756.6
1994-01-01,3756.6,3790.7,3715.24,3756.6
1994-01-03,3756.6,3790.7,3715.24,3756.6
1994-01-04,3783.9,3798.25,3718.89,3783.9
1994-01-05,3798.82,3821.33,3750.41,3798.82
1994-01-07,3820.77,3842.15,3778.83,3820.77
1994-01-10,3865.51,3874.52,3804.72,3865.51
1994-01-11,3850.31,3885.21,3823.02,3850.31
1994-01-12,3848.63,3876.49,3809.79,3848.63
1994-01-13,3842.43,3864.67,3808.38,3842.43
1994-01-14,3867.2,3891.96,3830.62,3867.2
1994-01-17,3870.29,3896.75,3833.71,3870.29
1994-01-18,3870.29,3905.19,3840.75,3870.29
1994-01-19,3884.37,3909.97,3839.34,3884.37
1994-01-20,3891.96,3915.6,3857.91,3891.96
1994-01-21,3914.48,3933.33,3875.36,3914.48
1994-01-24,3912.79,3947.68,3882.11,3912.79
1994-01-25,3895.34,3937.55,3863.82,3895.34
1994-01-26,3908.0,3934.74,3863.82,3908.0
1994-01-27,3926.3,3951.34,3876.77,3926.3
1994-01-28,3945.43,3971.89,3919.54,3945.43
1994-01-31,3978.36,4002.84,3937.27,3978.36
1994-02-01,3964.01,3998.06,3938.12,3964.01
1994-02-02,3975.54,3997.78,3937.27,3975.54
1994-02-03,3967.66,3995.52,3932.77,3967.66
1994-02-04,3871.42,3979.76,3857.63,3871.42
1994-02-07,3906.32,3923.48,3840.75,3906.32
1994-02-08,3906.03,3951.34,3873.67,3906.03
1994-02-09,3931.92,3956.97,3887.74,3931.92
1994-02-10,3895.34,3953.59,3882.96,3895.34
1994-02-11,3894.78,3920.95,3855.94,3894.78
1994-02-14,3904.06,3935.86,3873.67,3904.06
1994-02-15,3928.27,3950.5,3891.4,3928.27
1994-02-16,3937.27,3964.85,3906.32,3937.27
1994-02-17,3922.64,3975.82,3894.21,3922.64
1994-02-18,3887.46,3931.92,3869.73,3887.46
1994-02-22,3911.66,3928.83,3873.39,3911.66
1994-02-23,3891.68,3931.36,3872.83,3891.68
1994-02-24,3839.9,3895.62,3823.86,3839.9
1994-02-25,3838.78,3868.89,3811.76,3838.78
1994-02-28,3832.02,3874.52,3817.95,3832.02
1994-03-01,3809.23,3848.34,3772.93,3809.23
1994-03-02,3831.74,3845.25,3741.69,3831.74
1994-03-03,3824.42,3862.13,3784.74,3824.42
1994-03-04,3832.3,3868.04,3800.5,3832.3
1994-03-07,3856.22,3882.4,3824.71,3856.22
1994-03-08,3851.72,3881.55,3822.45,3851.72
1994-03-09,3853.41,3874.52,3817.95,3853.41
1994-03-10,3830.62,3865.51,3801.63,3830.62
1994-03-11,3862.7,3872.83,3806.69,3862.7
1994-03-14,3862.98,3894.21,3835.96,3862.98
1994-03-15,3849.59,3888.46,3826.85,3849.59
1994-03-16,3848.15,3879.53,3819.94,3848.15
1994-03-17,3865.14,3891.34,3821.66,3865.14
1994-03-18,3895.65,3911.78,3838.65,3895.65
1994-03-21,3864.85,3898.25,3838.65,3864.85
1994-03-22,3862.55,3896.23,3840.66,3862.55
1994-03-23,3869.46,3901.41,3839.8,3869.46
1994-03-24,3821.09,3865.42,3792.58,3821.09
1994-03-25,3774.73,3845.85,3764.66,3774.73
1994-03-28,3762.35,3793.45,3719.74,3762.35
1994-03-29,3699.02,3771.86,3689.23,3699.02
1994-03-30,3626.75,3718.88,3612.36,3626.75
1994-03-31,3635.96,3673.1,3544.12,3635.96
1994-04-05,3675.41,3698.15,3625.02,3675.41
1994-04-06,3679.73,3722.34,3643.16,3679.73
1994-04-07,3693.26,3712.83,3642.59,3693.26
1994-04-08,3674.26,3717.15,3644.03,3674.26
1994-04-11,3688.83,3720.66,3651.35,3688.83
1994-04-12,3681.69,3722.14,3661.17,3681.69
1994-04-13,3661.47,3704.3,3616.85,3661.47
1994-04-14,3663.25,3693.59,3625.77,3663.25
1994-04-15,3661.47,3699.24,3631.13,3661.47
1994-04-18,3620.42,3679.61,3593.35,3620.42
1994-04-19,3619.82,3670.39,3567.18,3619.82
1994-04-20,3598.71,3662.66,3546.65,3598.71
1994-04-21,3652.54,3673.96,3582.94,3652.54
1994-04-22,3648.68,3690.32,3621.01,3648.68
1994-04-25,3705.78,3721.25,3635.29,3705.78
1994-04-26,3699.54,3733.15,3669.79,3699.54
1994-04-28,3668.31,3723.93,3640.35,3668.31
1994-04-29,3681.69,3707.87,3642.13,3681.69
1994-05-03,3714.41,3736.12,3669.79,3714.41
1994-05-04,3697.75,3730.17,3670.09,3697.75
1994-05-05,3695.97,3731.07,3675.45,3695.97
1994-05-06,3669.5,3702.51,3625.77,3669.5
1994-05-09,3629.04,3676.93,3612.39,3629.04
1994-05-10,3656.41,3684.67,3627.56,3656.41
1994-05-11,3629.04,3678.42,3609.71,3629.04
1994-05-12,3652.84,3682.58,3624.58,3652.84
1994-05-13,3659.68,3690.32,3626.37,3659.68
1994-05-16,3671.5,3694.21,3628.52,3671.5
1994-05-17,3720.61,3735.04,3653.7,3720.61
1994-05-18,3732.89,3761.74,3683.16,3732.89
1994-05-19,3758.98,3782.92,3707.72,3758.98
1994-05-20,3766.35,3788.76,3721.84,3766.35
1994-05-23,3742.41,3770.65,3711.4,3742.41
1994-05-24,3745.17,3786.3,3707.11,3745.17
1994-05-25,3755.3,3768.19,3710.79,3755.3
1994-05-26,3753.46,3785.07,3722.76,3753.46
1994-05-27,3757.14,3772.18,3723.68,3757.14
1994-05-31,3758.37,3783.29,3725.45,3758.37
1994-06-01,3760.83,3785.14,3717.76,3760.83
1994-06-02,3758.99,3791.6,3732.83,3758.99
1994-06-03,3772.22,3792.22,3732.52,3772.22
1994-06-06,3768.52,3812.83,3749.75,3768.52
1994-06-07,3755.91,3788.52,3733.14,3755.91
1994-06-08,3749.45,3780.83,3721.45,3749.45
1994-06-09,3753.14,3776.83,3721.45,3753.14
1994-06-10,3773.45,3798.68,3739.6,3773.45
1994-06-13,3783.12,3808.17,3741.26,3783.12
1994-06-14,3814.83,3839.88,3769.17,3814.83
1994-06-15,3790.41,3838.29,3772.02,3790.41
1994-06-16,3811.34,3830.68,3771.39,3811.34
1994-06-17,3776.78,3821.48,3764.09,3776.78
1994-06-20,3741.9,3771.07,3716.21,3741.9
1994-06-21,3707.97,3756.8,3674.68,3707.97
1994-06-22,3724.77,3748.87,3694.65,3724.77
1994-06-23,3699.09,3752.04,3685.14,3699.09
1994-06-24,3636.94,3704.8,3616.65,3636.94
1994-06-27,3685.5,3694.89,3603.92,3685.5
1994-06-28,3669.64,3705.58,3630.47,3669.64
1994-06-29,3667.05,3711.73,3645.68,3667.05
1994-06-30,3624.96,3683.56,3610.72,3624.96
1994-07-01,3646.65,3675.79,3611.04,3646.65
1994-07-05,3652.48,3680.65,3621.73,3652.48
1994-07-06,3674.5,3698.13,3631.11,3674.5
1994-07-07,3688.42,3714.32,3656.04,3688.42
1994-07-08,3709.14,3728.56,3660.9,3709.14
1994-07-11,3702.99,3735.36,3671.26,3702.99
1994-07-12,3702.66,3725.32,3660.9,3702.66
1994-07-13,3704.28,3738.27,3683.89,3704.28
1994-07-14,3739.25,3763.53,3697.48,3739.25
1994-07-15,3753.81,3769.35,3712.37,3753.81
1994-07-18,3755.43,3779.39,3725.0,3755.43
1994-07-19,3748.31,3777.45,3726.3,3748.31
1994-07-20,3727.27,3763.85,3706.22,3727.27
1994-07-21,3732.45,3763.2,3684.86,3732.45
1994-07-22,3735.04,3765.15,3707.19,3735.04
1994-07-25,3741.84,3762.56,3713.67,3741.84
1994-07-26,3735.68,3764.5,3706.22,3735.68
1994-07-27,3720.47,3753.17,3693.27,3720.47
1994-07-28,3730.83,3757.05,3701.69,3730.83
1994-07-29,3764.5,3782.63,3726.3,3764.5
1994-08-01,3798.17,3809.5,3749.28,3798.17
1994-08-02,3796.22,3829.25,3776.48,3796.22
1994-08-03,3792.66,3815.0,3762.88,3792.66
1994-08-04,3765.79,3807.23,3752.52,3765.79
1994-08-05,3747.02,3769.68,3725.0,3747.02
1994-08-08,3753.81,3780.68,3732.77,3753.81
1994-08-09,3755.76,3773.89,3728.56,3755.76
1994-08-10,3766.76,3793.96,3738.27,3766.76
1994-08-11,3750.9,3785.86,3728.56,3750.9
1994-08-12,3768.71,3792.66,3738.27,3768.71
1994-08-15,3760.29,3798.17,3742.16,3760.29
1994-08-16,3784.57,3804.64,3732.45,3784.57
1994-08-17,3776.48,3812.09,3754.46,3776.48
1994-08-18,3755.43,3793.63,3736.98,3755.43
1994-08-19,3755.11,3785.22,3727.59,3755.11
1994-08-22,3751.22,3771.94,3722.41,3751.22
1994-08-23,3775.83,3804.64,3745.07,3775.83
1994-08-24,3846.73,3852.56,3767.41,3846.73
1994-08-25,3829.89,3872.63,3810.47,3829.89
1994-08-26,3881.05,3903.38,3836.69,3881.05
1994-08-29,3898.85,3927.34,3869.39,3898.85
1994-08-30,3917.3,3934.14,3875.54,3917.3
1994-08-31,3913.42,3954.54,3878.78,3913.42
1994-09-01,3901.44,3927.99,3871.66,3901.44
1994-09-02,3885.58,3928.64,3871.98,3885.58
1994-09-06,3898.7,3918.55,3860.01,3898.7
1994-09-07,3886.25,3920.9,3860.68,3886.25
1994-09-08,3908.46,3926.96,3872.46,3908.46
1994-09-09,3874.81,3902.06,3844.2,3874.81
1994-09-12,3860.34,3897.02,3843.86,3860.34
1994-09-13,3879.86,3905.76,3854.29,3879.86
1994-09-14,3895.33,3918.55,3856.64,3895.33
1994-09-15,3953.88,3959.93,3883.9,3953.88
1994-09-16,3933.35,3955.22,3894.66,3933.35
1994-09-19,3936.72,3972.72,3909.8,3936.72
1994-09-20,3869.09,3932.01,3859.67,3869.09
1994-09-21,3851.6,3886.92,3806.85,3851.6
1994-09-22,3837.13,3882.55,3818.29,3837.13
1994-09-23,3831.75,3872.46,3806.51,3831.75
1994-09-26,3849.24,3869.43,3804.5,3849.24
1994-09-27,3863.04,3891.63,3828.72,3863.04
1994-09-28,3878.18,3904.76,3854.29,3878.18
1994-09-29,3854.63,3892.64,3834.78,3854.63
1994-09-30,3843.19,3891.3,3825.69,3843.19
1994-10-03,3846.89,3872.79,3809.21,3846.89
1994-10-04,3801.13,3873.47,3788.35,3801.13
1994-10-05,3787.34,3811.56,3736.2,3787.34
1994-10-06,3775.56,3810.89,3752.01,3775.56
1994-10-07,3797.43,3826.03,3754.37,3797.43
1994-10-10,3821.32,3843.19,3789.36,3821.32
1994-10-11,3876.83,3898.36,3818.96,3876.83
1994-10-13,3889.95,3944.12,3878.18,3889.95
1994-10-14,3910.47,3927.97,3862.03,3910.47
1994-10-17,3923.93,3949.84,3883.22,3923.93
1994-10-18,3917.54,3945.46,3892.64,3917.54
1994-10-19,3936.04,3958.25,3887.93,3936.04
1994-10-20,3911.15,3954.89,3873.13,3911.15
1994-10-21,3891.3,3921.58,3861.35,3891.3
1994-10-24,3855.3,3925.61,3840.16,3855.3
1994-10-25,3850.59,3883.56,3803.49,3850.59
1994-10-26,3848.23,3891.97,3816.61,3848.23
1994-10-27,3875.15,3893.99,3834.44,3875.15
1994-10-28,3930.66,3953.54,3863.37,3930.66
1994-10-31,3908.12,3956.9,3889.28,3908.12
1994-11-02,3837.13,3888.94,3820.31,3837.13
1994-11-03,3845.88,3872.46,3814.25,3845.88
1994-11-04,3807.52,3879.52,3802.81,3807.52
1994-11-07,3808.87,3830.4,3781.62,3808.87
1994-11-08,3830.74,3857.65,3795.75,3830.74
1994-11-10,3821.99,3873.47,3806.18,3821.99
1994-11-11,3801.47,3830.06,3779.93,3801.47
1994-11-14,3829.73,3849.91,3795.07,3829.73
1994-11-15,3826.36,3871.45,3794.4,3826.36
1994-11-16,3845.2,3864.38,3803.82,3845.2
1994-11-17,3828.05,3868.08,3797.77,3828.05
1994-11-18,3815.26,3844.87,3773.21,3815.26
1994-11-21,3769.51,3845.2,3758.74,3769.51
1994-11-22,3677.99,3787.34,3669.58,3677.99
1994-11-23,3674.63,3704.91,3612.05,3674.63
1994-11-25,3708.27,3722.4,3675.97,3708.27
1994-11-28,3739.56,3759.41,3693.13,3739.56
1994-11-29,3738.55,3755.04,3703.9,3738.55
1994-11-30,3739.23,3783.3,3718.37,3739.23
1994-12-01,3700.87,3755.37,3680.68,3700.87
1994-12-02,3745.62,3755.04,3680.68,3745.62
1994-12-05,3741.92,3779.93,3715.67,3741.92
1994-12-07,3735.52,3758.07,3700.87,3735.52
1994-12-09,3691.11,3713.32,3638.97,3691.11
1994-12-12,3718.37,3734.52,3667.9,3718.37
1994-12-13,3715.34,3749.32,3690.78,3715.34
1994-12-14,3746.29,3772.2,3700.53,3746.29
1994-12-15,3765.47,3794.07,3729.13,3765.47
1994-12-16,3807.19,3817.95,3758.07,3807.19
1994-12-19,3790.7,3815.26,3764.46,3790.7
1994-12-20,3767.15,3807.19,3752.35,3767.15
1994-12-21,3801.8,3836.46,3761.77,3801.8
1994-12-22,3814.92,3850.59,3780.61,3814.92
1994-12-23,3833.43,3860.01,3808.53,3833.43
1994-12-27,3861.69,3882.21,3832.08,3861.69
1994-12-28,3839.49,3871.45,3816.94,3839.49
1994-12-29,3833.43,3867.41,3812.91,3833.43
1994-12-30,3834.44,3874.48,3812.91,3834.44
1995-01-03,3838.48,3864.72,3805.5,3838.48
1995-01-04,3857.65,3876.83,3815.26,3857.65
1995-01-05,3850.92,3876.83,3825.35,3850.92
1995-01-09,3861.35,3889.28,3834.44,3861.35
1995-01-10,3866.74,3912.49,3844.87,3866.74
1995-01-11,3862.03,3899.71,3824.68,3862.03
1995-01-12,3859.0,3886.59,3831.41,3859.0
1995-01-13,3908.46,3924.27,3852.61,3908.46
1995-01-16,3932.34,3955.56,3889.95,3932.34
1995-01-17,3930.66,3953.88,3895.33,3930.66
1995-01-18,3928.98,3950.85,3889.95,3928.98
1995-01-19,3882.21,3929.99,3866.74,3882.21
1995-01-20,3869.43,3898.7,3826.7,3869.43
1995-01-23,3867.41,3885.58,3815.26,3867.41
1995-01-24,3862.7,3898.36,3840.16,3862.7
1995-01-25,3871.45,3908.79,3832.08,3871.45
1995-01-26,3870.44,3903.51,3839.15,3870.44
1995-01-27,3857.99,3914.18,3827.37,3857.99
1995-01-30,3832.08,3881.2,3794.4,3832.08
1995-01-31,3843.86,3872.12,3809.54,3843.86
1995-02-01,3847.56,3886.25,3809.21,3847.56
1995-02-02,3870.77,3884.23,3828.38,3870.77
1995-02-03,3928.64,3959.6,3876.16,3928.64
1995-02-06,3937.73,3964.31,3900.04,3937.73
1995-02-07,3937.39,3960.27,3907.45,3937.39
1995-02-08,3935.37,3967.67,3909.13,3935.37
1995-02-09,3932.68,3967.33,3904.76,3932.68
1995-02-10,3939.07,3962.96,3908.46,3939.07
1995-02-13,3954.21,3974.74,3920.57,3954.21
1995-02-14,3958.25,3984.83,3930.66,3958.25
1995-02-15,3986.17,4019.15,3937.73,3986.17
1995-02-16,3987.52,4011.07,3948.16,3987.52
1995-02-17,3953.54,4001.99,3937.05,3953.54
1995-02-21,3963.97,3989.88,3930.66,3963.97
1995-02-22,3973.05,4002.32,3944.46,3973.05
1995-02-23,4003.33,4034.62,3979.45,4003.33
1995-02-24,4011.74,4033.61,3974.06,4011.74
1995-02-27,3988.57,4033.19,3966.78,3988.57
1995-02-28,4011.05,4021.43,3967.48,4011.05
1995-03-01,3994.8,4033.19,3960.56,3994.8
1995-03-02,3979.93,4009.67,3947.07,3979.93
1995-03-03,3989.61,4004.83,3946.03,3989.61
1995-03-06,3997.56,4015.89,3944.31,3997.56
1995-03-07,3962.63,4009.67,3935.31,3962.63
1995-03-08,3979.23,4002.41,3944.65,3979.23
1995-03-09,3983.39,4011.4,3953.99,3983.39
1995-03-10,4035.61,4054.97,3978.2,4035.61
1995-03-13,4025.23,4060.85,3999.29,4025.23
1995-03-14,4048.75,4087.14,4014.86,4048.75
1995-03-15,4038.37,4070.19,4008.63,4038.37
1995-03-16,4069.15,4095.78,4021.77,4069.15
1995-03-17,4073.65,4101.66,4044.94,4073.65
1995-03-21,4072.61,4122.41,4046.67,4072.61
1995-03-22,4082.99,4107.54,4039.07,4082.99
1995-03-23,4087.83,4107.89,4046.33,4087.83
1995-03-24,4138.67,4155.27,4087.14,4138.67
1995-03-27,4157.34,4177.4,4113.08,4157.34
1995-03-28,4151.81,4176.02,4120.68,4151.81
1995-03-29,4160.8,4213.71,4121.72,4160.8
1995-03-30,4172.56,4213.37,4128.29,4172.56
1995-03-31,4157.69,4194.0,4100.28,4157.69
1995-04-03,4168.41,4202.3,4129.68,4168.41
1995-04-04,4201.61,4220.98,4154.23,4201.61
1995-04-05,4200.57,4229.62,4166.33,4200.57
1995-04-06,4205.41,4239.31,4179.13,4205.41
1995-04-07,4192.62,4226.86,4154.23,4192.62
1995-04-10,4198.15,4219.94,4163.91,4198.15
1995-04-11,4187.08,4229.97,4168.06,4187.08
1995-04-12,4197.81,4221.67,4163.57,4197.81
1995-04-17,4195.38,4260.06,4174.63,4195.38
1995-04-18,4179.13,4221.67,4152.15,4179.13
1995-04-19,4207.49,4232.39,4143.51,4207.49
1995-04-20,4230.66,4263.86,4186.39,4230.66
1995-04-21,4270.09,4296.37,4214.41,4270.09
1995-04-24,4303.98,4328.88,4239.65,4303.98
1995-04-25,4300.17,4337.18,4267.32,4300.17
1995-04-26,4299.83,4324.73,4267.32,4299.83
1995-04-27,4314.7,4335.1,4269.05,4314.7
1995-04-28,4321.27,4348.94,4270.78,4321.27
1995-05-03,4373.15,4392.51,4312.28,4373.15
1995-05-04,4359.66,4426.41,4329.92,4359.66
1995-05-05,4343.4,4389.75,4310.55,4343.4
1995-05-08,4383.87,4407.04,4316.43,4383.87
1995-05-09,4390.78,4421.22,4360.0,4390.78
1995-05-10,4404.62,4440.24,4347.55,4404.62
1995-05-11,4411.19,4446.12,4365.19,4411.19
1995-05-12,4430.56,4463.07,4371.07,4430.56
1995-05-16,4435.05,4464.1,4408.08,4435.05
1995-05-17,4422.6,4452.69,4386.63,4422.6
1995-05-18,4340.64,4426.41,4330.95,4340.64
1995-05-19,4341.33,4368.65,4287.38,4341.33
1995-05-22,4395.63,4416.03,4337.87,4395.63
1995-05-23,4436.44,4451.65,4372.46,4436.44
1995-05-24,4438.16,4480.7,4390.78,4438.16
1995-05-25,4412.23,4451.31,4375.91,4412.23
1995-05-26,4369.0,4423.64,4338.91,4369.0
1995-05-30,4378.68,4412.92,4334.41,4378.68
1995-05-31,4465.14,4467.91,4360.7,4465.14
1995-06-01,4472.75,4499.72,4421.56,4472.75
1995-06-02,4444.39,4496.27,4406.35,4444.39
1995-06-05,4476.55,4510.45,4417.76,4476.55
1995-06-06,4485.2,4520.47,4446.46,4485.2
1995-06-07,4462.03,4497.65,4432.29,4462.03
1995-06-08,4458.57,4492.12,4431.59,4458.57
1995-06-09,4423.99,4466.87,4394.59,4423.99
1995-06-12,4446.46,4482.09,4415.69,4446.46
1995-06-13,4484.51,4504.91,4440.24,4484.51
1995-06-14,4491.08,4510.79,4449.23,4491.08
1995-06-15,4496.27,4527.74,4466.87,4496.27
1995-06-16,4510.79,4533.96,4482.43,4510.79
1995-06-19,4553.68,4577.19,4498.69,4553.68
1995-06-20,4550.56,4587.22,4497.99,4550.56
1995-06-21,4547.1,4583.07,4517.02,4547.1
1995-06-22,4589.64,4614.2,4535.35,4589.64
1995-06-23,4585.84,4609.7,4549.18,4585.84
1995-06-26,4551.25,4600.02,4536.38,4551.25
1995-06-27,4542.61,4592.41,4511.48,4542.61
1995-06-28,4556.79,4587.22,4512.87,4556.79
1995-06-29,4550.56,4592.76,4510.45,4550.56
1995-06-30,4556.1,4606.24,4513.9,4556.1
1995-07-03,4585.15,4594.83,4536.04,4585.15
1995-07-05,4615.23,4652.24,4561.63,4615.23
1995-07-06,4664.0,4681.98,4587.91,4664.0
1995-07-07,4702.73,4740.77,4628.38,4702.73
1995-07-10,4702.39,4747.69,4670.91,4702.39
1995-07-11,4680.6,4724.52,4647.74,4680.6
1995-07-12,4727.29,4747.0,4654.66,4727.29
1995-07-13,4727.48,4766.58,4676.06,4727.48
1995-07-14,4708.82,4736.99,4664.79,4708.82
1995-07-17,4736.29,4767.63,4681.35,4736.29
1995-07-18,4686.28,4734.53,4648.24,4686.28
1995-07-19,4628.87,4698.6,4530.26,4628.87
1995-07-20,4641.55,4684.52,4578.51,4641.55
1995-07-21,4641.55,4676.06,4596.82,4641.55
1995-07-24,4668.67,4701.42,4620.42,4668.67
1995-07-25,4714.45,4743.69,4651.76,4714.45
1995-07-26,4707.06,4750.73,4665.15,4707.06
1995-07-27,4732.77,4767.99,4691.56,4732.77
1995-07-28,4715.51,4762.7,4686.28,4715.51
1995-07-31,4708.47,4753.55,4671.13,4708.47
1995-08-01,4700.37,4742.98,4648.59,4700.37
1995-08-02,4690.15,4772.56,4667.96,4690.15
1995-08-03,4701.42,4720.44,4632.04,4701.42
1995-08-04,4683.46,4728.54,4660.57,4683.46
1995-08-07,4693.32,4727.84,4667.26,4693.32
1995-08-08,4693.32,4722.55,4654.23,4693.32
1995-08-09,4671.49,4712.34,4649.3,4671.49
1995-08-10,4643.66,4698.96,4621.47,4643.66
1995-08-11,4618.3,4659.51,4584.85,4618.3
1995-08-14,4659.86,4677.12,4601.75,4659.86
1995-08-16,4639.08,4673.6,4593.3,4639.08
1995-08-17,4630.63,4659.16,4587.66,4630.63
1995-08-18,4617.6,4665.15,4597.88,4617.6
1995-08-21,4614.78,4676.42,4593.65,4614.78
1995-08-22,4620.42,4646.13,4580.62,4620.42
1995-08-23,4584.85,4636.27,4571.81,4584.85
1995-08-24,4580.62,4618.3,4552.8,4580.62
1995-08-25,4601.4,4629.93,4569.7,4601.4
1995-08-28,4594.0,4632.39,4566.53,4594.0
1995-08-29,4608.44,4625.35,4554.21,4608.44
1995-08-30,4604.57,4639.79,4582.38,4604.57
1995-08-31,4610.56,4634.51,4582.38,4610.56
1995-09-01,4647.54,4672.19,4594.71,4647.54
1995-09-05,4670.08,4697.9,4625.7,4670.08
1995-09-06,4683.81,4716.21,4648.95,4683.81
1995-09-07,4669.72,4710.58,4640.14,4669.72
1995-09-08,4700.72,4722.91,4648.59,4700.72
1995-09-11,4704.94,4744.04,4672.54,4704.94
1995-09-12,4747.21,4762.35,4689.45,4747.21
1995-09-13,4765.52,4801.09,4697.55,4765.52
1995-09-14,4801.8,4830.32,4731.36,4801.8
1995-09-15,4797.57,4839.48,4762.35,4797.57
1995-09-18,4780.41,4814.01,4729.47,4780.41
1995-09-19,4767.04,4798.11,4734.53,4767.04
1995-09-20,4792.69,4828.46,4746.45,4792.69
1995-09-21,4767.4,4820.15,4728.75,4767.4
1995-09-22,4764.1,4789.44,4706.35,4764.1
1995-09-25,4769.93,4804.62,4728.02,4769.93
1995-09-26,4765.6,4816.54,4738.86,4765.6
1995-09-27,4762.35,4790.16,4692.98,4762.35
1995-09-28,4787.64,4810.03,4731.64,4787.64
1995-09-29,4789.08,4834.96,4757.65,4789.08
1995-10-02,4761.26,4817.98,4732.72,4761.26
1995-10-03,4749.7,4791.61,4702.74,4749.7
1995-10-04,4740.67,4787.27,4689.01,4740.67
1995-10-05,4762.71,4794.86,4705.63,4762.71
1995-10-06,4769.21,4805.7,4731.64,4769.21
1995-10-09,4726.22,4781.13,4691.54,4726.22
1995-10-10,4720.8,4745.73,4638.43,4720.8
1995-10-11,4735.25,4773.91,4686.48,4735.25
1995-10-13,4793.78,4845.08,4749.7,4793.78
1995-10-16,4784.38,4823.04,4751.51,4784.38
1995-10-17,4795.94,4831.35,4747.9,4795.94
1995-10-18,4777.52,4837.49,4747.53,4777.52
1995-10-19,4802.45,4830.27,4744.28,4802.45
1995-10-20,4794.86,4836.41,4758.37,4794.86
1995-10-23,4755.48,4805.7,4724.41,4755.48
1995-10-24,4783.66,4819.07,4730.92,4783.66
1995-10-25,4753.68,4824.49,4708.88,4753.68
1995-10-26,4703.82,4777.88,4655.05,4703.82
1995-10-27,4741.75,4766.68,4653.24,4741.75
1995-10-30,4756.57,4798.84,4716.46,4756.57
1995-10-31,4755.48,4821.96,4735.97,4755.48
1995-11-02,4808.59,4833.16,4745.0,4808.59
1995-11-03,4825.57,4858.81,4774.63,4825.57
1995-11-06,4814.01,4862.78,4779.33,4814.01
1995-11-07,4797.03,4839.3,4770.66,4797.03
1995-11-08,4852.67,4877.59,4775.71,4852.67
1995-11-09,4864.23,4902.52,4811.84,4864.23
1995-11-10,4870.37,4896.02,4820.51,4870.37
1995-11-13,4872.9,4909.75,4821.23,4872.9
1995-11-14,4871.81,4923.11,4826.29,4871.81
1995-11-15,4922.75,4939.73,4835.69,4922.75
1995-11-16,4969.36,5003.68,4902.16,4969.36
1995-11-17,4989.95,5022.1,4934.31,4989.95
1995-11-20,4983.09,5030.77,4946.6,4983.09
1995-11-21,5023.55,5050.28,4948.04,5023.55
1995-11-22,5041.61,5096.17,4982.72,5041.61
1995-11-24,5048.84,5072.68,5028.61,5048.84
1995-11-27,5070.88,5114.23,5034.03,5070.88
1995-11-28,5078.1,5105.56,5006.21,5078.1
1995-11-29,5105.56,5126.51,5047.03,5105.56
1995-11-30,5074.49,5143.13,5053.17,5074.49
1995-12-01,5087.13,5133.02,5038.36,5087.13
1995-12-04,5139.52,5157.58,5057.87,5139.52
1995-12-05,5177.45,5216.83,5108.45,5177.45
1995-12-07,5159.39,5211.05,5124.35,5159.39
1995-12-11,5184.32,5225.5,5122.18,5184.32
1995-12-12,5174.92,5226.23,5132.29,5174.92
1995-12-13,5216.47,5246.1,5144.22,5216.47
1995-12-14,5182.15,5266.69,5148.55,5182.15
1995-12-15,5176.73,5217.55,5135.54,5176.73
1995-12-18,5075.21,5159.39,5042.7,5075.21
1995-12-19,5109.89,5146.02,5016.68,5109.89
1995-12-20,5059.32,5173.48,5047.39,5059.32
1995-12-21,5096.53,5135.91,5031.5,5096.53
1995-12-22,5097.97,5146.74,5064.01,5097.97
1995-12-26,5110.26,5149.27,5072.32,5110.26
1995-12-27,5105.92,5146.74,5077.74,5105.92
1995-12-28,5095.8,5132.65,5062.21,5095.8
1995-12-29,5117.12,5144.58,5063.65,5117.12
1996-01-02,5177.45,5208.16,5087.13,5177.45
1996-01-03,5194.07,5252.6,5143.13,5194.07
1996-01-04,5173.84,5259.46,5114.23,5173.84
1996-01-05,5181.43,5217.55,5107.0,5181.43
1996-01-08,5197.68,5225.5,5163.36,5197.68
1996-01-09,5130.13,5239.23,5100.86,5130.13
1996-01-10,5032.94,5141.69,5000.07,5032.94
1996-01-11,5065.1,5099.78,5002.96,5065.1
1996-01-12,5061.12,5114.23,5000.07,5061.12
1996-01-15,5043.78,5099.42,5012.71,5043.78
1996-01-16,5088.22,5116.04,5000.79,5088.22
1996-01-17,5066.9,5133.38,5028.61,5066.9
1996-01-18,5124.35,5166.98,5032.58,5124.35
1996-01-19,5184.68,5214.66,5087.49,5184.68
1996-01-22,5219.36,5254.77,5133.02,5219.36
1996-01-23,5192.27,5241.76,5141.33,5192.27
1996-01-24,5242.84,5297.04,5176.73,5242.84
1996-01-25,5216.83,5289.45,5173.84,5216.83
1996-01-26,5271.75,5293.78,5187.21,5271.75
1996-01-29,5304.98,5338.22,5246.82,5304.98
1996-01-30,5381.21,5409.75,5288.73,5381.21
1996-01-31,5395.3,5433.24,5314.38,5395.3
1996-02-01,5405.06,5438.29,5335.69,5405.06
1996-02-02,5373.99,5442.99,5338.94,5373.99
1996-02-05,5407.59,5433.96,5319.43,5407.59
1996-02-06,5459.61,5483.82,5371.82,5459.61
1996-02-07,5492.12,5520.3,5423.84,5492.12
1996-02-08,5539.45,5559.68,5441.55,5539.45
1996-02-09,5541.62,5603.76,5474.06,5541.62
1996-02-12,5600.15,5643.5,5531.14,5600.15
1996-02-13,5601.23,5644.94,5530.06,5601.23
1996-02-14,5579.55,5633.02,5534.39,5579.55
1996-02-15,5551.37,5623.27,5514.88,5551.37
1996-02-16,5503.32,5563.3,5470.45,5503.32
1996-02-20,5458.53,5515.97,5393.5,5458.53
1996-02-21,5515.97,5548.12,5440.82,5515.97
1996-02-22,5608.46,5638.44,5511.63,5608.46
1996-02-23,5630.49,5693.36,5546.32,5630.49
1996-02-26,5565.1,5647.83,5530.42,5565.1
1996-02-27,5549.21,5597.26,5478.76,5549.21
1996-02-28,5506.21,5625.07,5487.07,5506.21
1996-02-29,5485.62,5562.21,5440.46,5485.62
1996-03-01,5536.56,5573.41,5424.2,5536.56
1996-03-04,5600.15,5646.39,5511.99,5600.15
1996-03-05,5642.42,5655.78,5558.24,5642.42
1996-03-06,5629.77,5700.22,5585.7,5629.77
1996-03-07,5641.69,5667.34,5572.33,5641.69
1996-03-08,5470.45,5612.79,5395.3,5470.45
1996-03-11,5581.0,5605.2,5425.29,5581.0
1996-03-12,5583.89,5622.55,5464.67,5583.89
1996-03-13,5568.72,5626.52,5513.8,5568.72
1996-03-14,5586.06,5662.29,5536.56,5586.06
1996-03-15,5584.97,5628.69,5523.56,5584.97
1996-03-18,5683.6,5706.0,5573.41,5683.6
1996-03-19,5669.51,5755.86,5619.66,5669.51
1996-03-20,5655.42,5724.06,5590.39,5655.42
1996-03-21,5626.88,5696.25,5590.03,5626.88
1996-03-22,5636.64,5681.07,5589.67,5636.64
1996-03-25,5643.86,5712.14,5592.92,5643.86
1996-03-26,5670.6,5701.3,5595.81,5670.6
1996-03-27,5626.88,5703.47,5596.53,5626.88
1996-03-28,5630.85,5664.45,5564.74,5630.85
1996-03-29,5587.14,5682.88,5550.29,5587.14
1996-04-01,5637.72,5670.23,5562.57,5637.72
1996-04-02,5671.68,5706.72,5597.26,5671.68
1996-04-03,5689.74,5712.5,5619.29,5689.74
1996-04-08,5594.37,5624.71,5518.14,5594.37
1996-04-09,5560.41,5644.58,5530.06,5560.41
1996-04-10,5485.98,5601.23,5452.02,5485.98
1996-04-11,5487.07,5540.17,5382.66,5487.07
1996-04-12,5532.59,5577.39,5445.16,5532.59
1996-04-15,5592.92,5614.6,5517.41,5592.92
1996-04-16,5620.02,5656.14,5554.99,5620.02
1996-04-17,5549.93,5653.25,5500.07,5549.93
1996-04-18,5551.74,5600.51,5493.93,5551.74
1996-04-19,5535.48,5593.64,5504.41,5535.48
1996-04-22,5564.74,5610.62,5516.33,5564.74
1996-04-23,5588.59,5621.82,5534.76,5588.59
1996-04-24,5553.9,5619.29,5512.36,5553.9
1996-04-25,5566.91,5601.23,5490.68,5566.91
1996-04-26,5567.99,5618.57,5517.78,5567.99
1996-04-29,5573.41,5611.71,5515.25,5573.41
1996-04-30,5569.08,5606.29,5522.83,5569.08
1996-05-03,5478.03,5555.71,5439.74,5478.03
1996-05-06,5464.31,5528.97,5397.83,5464.31
1996-05-07,5420.95,5486.34,5392.05,5420.95
1996-05-08,5474.06,5486.34,5327.74,5474.06
1996-05-09,5475.14,5534.76,5419.87,5475.14
1996-05-10,5518.14,5559.68,5478.03,5518.14
1996-05-13,5582.6,5601.8,5495.42,5582.6
1996-05-14,5624.71,5663.12,5566.71,5624.71
1996-05-16,5635.05,5677.53,5577.42,5635.05
1996-05-17,5687.5,5729.61,5631.35,5687.5
1996-05-20,5748.82,5778.74,5657.58,5748.82
1996-05-21,5736.26,5794.63,5698.21,5736.26
1996-05-22,5778.0,5803.49,5687.87,5778.0
1996-05-23,5762.12,5833.04,5704.12,5762.12
1996-05-24,5762.86,5815.68,5722.59,5762.86
1996-05-28,5709.67,5798.69,5680.48,5709.67
1996-05-29,5673.83,5743.65,5632.46,5673.83
1996-05-30,5693.41,5734.41,5625.07,5693.41
1996-05-31,5643.18,5712.62,5614.36,5643.18
1996-06-03,5624.71,5662.75,5587.4,5624.71
1996-06-04,5665.71,5697.84,5616.58,5665.71
1996-06-05,5697.48,5718.53,5631.35,5697.48
1996-06-06,5667.19,5750.67,5639.48,5667.19
1996-06-07,5697.11,5708.93,5559.69,5697.11
1996-06-10,5687.87,5727.03,5643.54,5687.87
1996-06-11,5668.66,5747.71,5637.63,5668.66
1996-06-12,5668.29,5725.55,5637.63,5668.29
1996-06-13,5657.95,5714.84,5622.86,5657.95
1996-06-14,5649.45,5687.13,5609.93,5649.45
1996-06-17,5652.78,5689.72,5614.36,5652.78
1996-06-18,5628.03,5683.44,5607.71,5628.03
1996-06-19,5648.35,5693.78,5600.7,5648.35
1996-06-20,5659.43,5709.3,5606.97,5659.43
1996-06-21,5705.23,5722.22,5639.11,5705.23
1996-06-24,5717.79,5770.61,5688.61,5717.79
1996-06-25,5719.27,5760.27,5668.66,5719.27
1996-06-26,5682.7,5739.22,5652.04,5682.7
1996-06-27,5677.53,5715.21,5616.21,5677.53
1996-06-28,5654.63,5724.44,5625.81,5654.63
1996-07-01,5729.98,5749.19,5637.26,5729.98
1996-07-02,5720.38,5769.88,5668.29,5720.38
1996-07-03,5703.02,5749.93,5656.47,5703.02
1996-07-05,5588.14,5657.58,5570.77,5588.14
1996-07-08,5550.83,5622.12,5519.8,5550.83
1996-07-09,5581.86,5622.49,5540.12,5581.86
1996-07-10,5603.65,5628.03,5515.0,5603.65
1996-07-11,5520.5,5600.33,5447.77,5520.5
1996-07-12,5510.56,5562.65,5455.16,5510.56
1996-07-15,5349.51,5527.93,5326.98,5349.51
1996-07-16,5358.76,5438.66,5170.11,5358.76
1996-07-17,5376.88,5465.29,5325.1,5376.88
1996-07-18,5464.18,5500.43,5352.1,5464.18
1996-07-19,5426.82,5490.44,5393.53,5426.82
1996-07-22,5390.94,5446.05,5346.92,5390.94
1996-07-23,5346.55,5447.9,5313.63,5346.55
1996-07-24,5354.69,5402.04,5244.83,5354.69
1996-07-25,5422.01,5469.36,5355.8,5422.01
1996-07-26,5473.06,5503.02,5397.97,5473.06
1996-07-29,5434.59,5497.47,5414.61,5434.59
1996-07-30,5481.93,5503.76,5403.52,5481.93
1996-07-31,5528.91,5558.13,5460.48,5528.91
1996-08-01,5594.75,5628.79,5507.83,5594.75
1996-08-02,5679.83,5703.51,5601.41,5679.83
1996-08-05,5674.28,5719.04,5639.14,5674.28
1996-08-06,5696.11,5716.45,5630.26,5696.11
1996-08-07,5718.67,5754.55,5659.12,5718.67
1996-08-08,5713.49,5746.41,5661.34,5713.49
1996-08-09,5681.31,5747.15,5654.31,5681.31
1996-08-12,5704.98,5746.04,5625.83,5704.98
1996-08-13,5647.28,5713.86,5618.06,5647.28
1996-08-14,5666.88,5695.0,5614.36,5666.88
1996-08-16,5689.45,5722.74,5646.54,5689.45
1996-08-19,5699.44,5728.66,5664.3,5699.44
1996-08-20,5721.26,5747.52,5670.21,5721.26
1996-08-21,5689.82,5734.95,5648.76,5689.82
1996-08-22,5733.47,5761.95,5662.45,5733.47
1996-08-23,5722.74,5761.58,5679.09,5722.74
1996-08-26,5693.89,5742.71,5665.41,5693.89
1996-08-27,5711.27,5735.32,5670.58,5711.27
1996-08-28,5712.38,5747.89,5678.72,5712.38
1996-08-29,5647.65,5716.82,5615.47,5647.65
1996-08-30,5616.21,5659.86,5571.45,5616.21
1996-09-03,5648.39,5667.99,5550.37,5648.39
1996-09-04,5656.9,5682.05,5608.81,5656.9
1996-09-05,5606.96,5669.47,5592.53,5606.96
1996-09-06,5659.86,5696.48,5585.51,5659.86
1996-09-09,5733.84,5756.4,5662.08,5733.84
1996-09-10,5727.18,5767.87,5681.68,5727.18
1996-09-11,5754.92,5777.49,5696.85,5754.92
1996-09-12,5771.94,5815.59,5739.76,5771.94
1996-09-13,5838.52,5871.44,5786.73,5838.52
1996-09-16,5889.2,5920.64,5823.72,5889.2
1996-09-17,5888.83,5929.51,5830.38,5888.83
1996-09-18,5877.36,5919.9,5838.15,5877.36
1996-09-19,5867.74,5908.8,5818.17,5867.74
1996-09-20,5888.46,5925.82,5840.74,5888.46
1996-09-23,5894.74,5913.24,5820.39,5894.74
1996-09-24,5874.03,5952.08,5831.86,5874.03
1996-09-25,5877.36,5928.77,5827.42,5877.36
1996-09-26,5868.85,5928.04,5828.9,5868.85
1996-09-27,5872.92,5903.99,5819.65,5872.92
1996-09-30,5882.17,5934.32,5845.18,5882.17
1996-10-01,5904.9,5942.17,5833.72,5904.9
1996-10-02,5933.97,5966.02,5888.88,5933.97
1996-10-03,5932.85,5972.36,5887.76,5932.85
1996-10-04,5992.86,6023.79,5917.2,5992.86
1996-10-07,5979.81,6025.28,5945.15,5979.81
1996-10-08,5966.77,6032.36,5930.24,5966.77
1996-10-09,5930.62,5985.03,5892.23,5930.62
1996-10-10,5921.67,5956.71,5876.58,5921.67
1996-10-11,5969.38,5999.56,5912.36,5969.38
1996-10-14,6010.0,6043.91,5952.61,6010.0
1996-10-15,6004.78,6077.83,5951.12,6004.78
1996-10-16,6020.81,6056.21,5943.66,6020.81
1996-10-17,6059.2,6101.31,5994.72,6059.2
1996-10-18,6094.23,6119.57,6011.49,6094.23
1996-10-21,6090.87,6162.8,6027.9,6090.87
1996-10-22,6061.8,6114.73,6015.59,6061.8
1996-10-23,6036.46,6081.93,5965.65,6036.46
1996-10-24,5992.48,6080.07,5953.72,5992.48
1996-10-25,6007.02,6047.64,5954.47,6007.02
1996-10-28,5972.73,6063.67,5952.61,5972.73
1996-10-29,6007.02,6054.72,5938.82,6007.02
1996-10-30,5993.23,6055.84,5956.71,5993.23
1996-10-31,6029.38,6063.67,5955.59,6029.38
1996-11-04,6041.68,6083.05,5981.3,6041.68
1996-11-05,6081.18,6125.53,6029.01,6081.18
1996-11-06,6177.71,6200.44,6060.69,6177.71
1996-11-07,6206.04,6238.83,6130.38,6206.04
1996-11-08,6219.82,6247.4,6151.62,6219.82
1996-11-11,6255.6,6292.87,6198.58,6255.6
1996-11-12,6266.04,6314.49,6199.7,6266.04
1996-11-13,6274.24,6317.1,6206.78,6274.24
1996-11-14,6313.0,6350.64,6232.5,6313.0
1996-11-15,6348.03,6414.37,6277.22,6348.03
1996-11-18,6346.91,6407.66,6297.34,6346.91
1996-11-19,6397.6,6428.16,6323.06,6397.6
1996-11-20,6430.02,6482.2,6370.02,6430.02
1996-11-21,6418.47,6463.56,6370.02,6418.47
1996-11-22,6471.76,6498.22,6402.44,6471.76
1996-11-25,6547.79,6565.68,6443.44,6547.79
1996-11-26,6528.41,6606.3,6475.49,6528.41
1996-11-27,6499.34,6566.43,6457.97,6499.34
1996-11-29,6521.7,6551.15,6490.4,6521.7
1996-12-02,6521.7,6553.01,6439.34,6521.7
1996-12-03,6442.69,6577.23,6422.94,6442.69
1996-12-04,6422.94,6482.2,6339.46,6422.94
1996-12-05,6437.1,6491.14,6363.31,6437.1
1996-12-09,6463.94,6496.73,6375.98,6463.94
1996-12-10,6473.25,6545.56,6427.04,6473.25
1996-12-11,6402.52,6457.88,6317.94,6402.52
1996-12-12,6303.71,6465.57,6283.72,6303.71
1996-12-13,6304.87,6377.14,6227.59,6304.87
1996-12-16,6268.35,6388.68,6227.98,6268.35
1996-12-17,6308.33,6354.46,6206.83,6308.33
1996-12-18,6346.77,6399.06,6272.96,6346.77
1996-12-19,6473.64,6499.4,6352.15,6473.64
1996-12-20,6484.4,6597.43,6445.19,6484.4
1996-12-23,6489.02,6539.76,6428.27,6489.02
1996-12-26,6546.68,6594.74,6495.94,6546.68
1996-12-27,6560.91,6607.81,6510.93,6560.91
1996-12-30,6549.37,6587.05,6540.53,6549.37
1996-12-31,6448.27,6580.9,6421.74,6448.27
1997-01-02,6442.49,6511.38,6318.96,6442.49
1997-01-03,6544.09,6586.42,6437.1,6544.09
1997-01-07,6600.66,6621.82,6481.75,6600.66
1997-01-08,6549.48,6650.3,6509.84,6549.48
1997-01-09,6625.67,6677.24,6520.23,6625.67
1997-01-10,6703.79,6725.35,6530.62,6703.79
1997-01-13,6709.18,6773.45,6647.99,6709.18
1997-01-14,6762.29,6816.17,6689.94,6762.29
1997-01-15,6726.88,6800.77,6669.93,6726.88
1997-01-16,6765.37,6818.47,6688.4,6765.37
1997-01-17,6833.1,6863.88,6732.66,6833.1
1997-01-20,6843.87,6893.13,6777.3,6843.87
1997-01-21,6883.9,6934.69,6771.14,6883.9
1997-01-22,6850.03,6913.14,6801.16,6850.03
1997-01-23,6755.75,6953.55,6724.19,6755.75
1997-01-24,6696.48,6798.08,6629.91,6696.48
1997-01-27,6660.69,6748.82,6598.73,6660.69
1997-01-28,6656.08,6823.48,6612.2,6656.08
1997-01-29,6740.74,6766.91,6627.98,6740.74
1997-01-30,6823.86,6845.03,6719.96,6823.86
1997-01-31,6813.09,6912.37,6769.99,6813.09
1997-02-03,6806.16,6858.11,6733.04,6806.16
1997-02-04,6833.48,6859.65,6738.43,6833.48
1997-02-05,6746.9,6913.14,6704.56,6746.9
1997-02-06,6773.06,6821.17,6683.4,6773.06
1997-02-07,6855.8,6906.22,6747.28,6855.8
1997-02-10,6806.54,6908.14,6771.14,6806.54
1997-02-11,6858.11,6887.36,6756.9,6858.11
1997-02-12,6961.63,6976.64,6844.26,6961.63
1997-02-13,7022.44,7074.39,6924.3,7022.44
1997-02-14,6988.96,7074.77,6935.85,6988.96
1997-02-18,7067.46,7084.39,6946.62,7067.46
1997-02-19,7020.13,7112.87,6980.87,7020.13
1997-02-20,6927.38,7035.91,6890.82,6927.38
1997-02-21,6931.62,6984.72,6869.27,6931.62
1997-02-24,7008.2,7049.76,6868.5,7008.2
1997-02-25,7038.21,7099.79,6935.08,7038.21
1997-02-26,6983.18,7076.31,6878.12,6983.18
1997-02-27,6925.07,7028.59,6885.44,6925.07
1997-02-28,6877.74,6978.18,6820.78,6877.74
1997-03-03,6918.92,6957.01,6798.46,6918.92
1997-03-04,6852.72,6983.95,6814.63,6852.72
1997-03-05,6945.85,6966.64,6836.95,6945.85
1997-03-06,6944.7,7017.05,6896.6,6944.7
1997-03-07,7000.89,7047.07,6927.0,7000.89
1997-03-10,7079.39,7103.25,6970.1,7079.39
1997-03-11,7085.16,7158.28,7026.28,7085.16
1997-03-12,7039.37,7111.72,6988.96,7039.37
1997-03-13,6878.89,7023.59,6852.72,6878.89
1997-03-14,6935.46,6996.27,6851.19,6935.46
1997-03-17,6955.48,7004.2,6820.28,6955.48
1997-03-18,6896.56,6997.4,6841.05,6896.56
1997-03-19,6877.68,6944.15,6794.22,6877.68
1997-03-20,6820.28,6901.47,6765.14,6820.28
1997-03-21,6804.79,6890.52,6742.85,6804.79
1997-03-24,6905.25,6933.58,6746.63,6905.25
1997-03-25,6876.17,6984.94,6832.74,6876.17
1997-03-26,6880.7,6954.72,6811.21,6880.7
1997-03-31,6583.48,6743.23,6532.49,6583.48
1997-04-01,6611.05,6667.7,6482.64,6611.05
1997-04-02,6517.01,6636.73,6476.6,6517.01
1997-04-03,6477.35,6540.43,6379.16,6477.35
1997-04-04,6526.07,6561.57,6376.9,6526.07
1997-04-07,6555.91,6639.0,6508.7,6555.91
1997-04-08,6609.16,6638.62,6491.71,6609.16
1997-04-09,6563.84,6662.41,6521.16,6563.84
1997-04-10,6540.05,6626.91,6495.48,6540.05
1997-04-11,6391.69,6529.48,6358.42,6391.69
1997-04-14,6451.9,6487.22,6315.84,6451.9
1997-04-15,6587.16,6626.09,6457.92,6587.16
1997-04-16,6679.87,6708.77,6506.08,6679.87
1997-04-17,6658.6,6750.91,6600.8,6658.6
1997-04-18,6703.55,6749.71,6616.46,6703.55
1997-04-21,6660.21,6768.17,6594.38,6660.21
1997-04-22,6833.59,6858.08,6628.5,6833.59
1997-04-23,6812.72,6902.23,6746.5,6812.72
1997-04-24,6792.25,6923.9,6742.89,6792.25
1997-04-25,6738.87,6826.77,6681.08,6738.87
1997-04-28,6783.02,6826.37,6667.03,6783.02
1997-04-29,6962.03,6998.15,6820.75,6962.03
1997-04-30,7008.99,7081.23,6912.26,7008.99
1997-05-05,7214.49,7232.15,7029.46,7214.49
1997-05-06,7225.32,7299.98,7139.43,7225.32
1997-05-07,7085.65,7246.6,7064.78,7085.65
1997-05-08,7136.62,7236.96,7040.3,7136.62
1997-05-09,7169.53,7235.76,7079.63,7169.53
1997-05-12,7292.75,7317.47,7156.35,7292.75
1997-05-13,7274.21,7350.85,7211.16,7274.21
1997-05-14,7286.16,7381.76,7238.35,7286.16
1997-05-16,7194.67,7332.31,7170.77,7194.67
1997-05-19,7228.88,7274.21,7140.69,7228.88
1997-05-20,7303.46,7336.02,7123.38,7303.46
1997-05-21,7290.69,7385.47,7218.99,7290.69
1997-05-22,7258.13,7348.79,7210.33,7258.13
1997-05-23,7345.91,7382.58,7260.61,7345.91
1997-05-27,7383.41,7421.32,7276.68,7383.41
1997-05-28,7357.23,7430.2,7287.26,7357.23
1997-05-29,7330.18,7404.44,7272.24,7330.18
1997-05-30,7331.04,7385.98,7203.99,7331.04
1997-06-02,7289.4,7383.84,7244.76,7289.4
1997-06-03,7312.15,7379.98,7225.02,7312.15
1997-06-04,7269.66,7350.36,7214.29,7269.66
1997-06-05,7305.29,7376.97,7241.33,7305.29
1997-06-06,7435.78,7473.98,7290.26,7435.78
1997-06-09,7478.5,7548.52,7412.44,7478.5
1997-06-10,7539.27,7599.61,7459.12,7539.27
1997-06-11,7575.83,7633.96,7476.29,7575.83
1997-06-12,7711.47,7741.42,7569.66,7711.47
1997-06-13,7782.04,7829.08,7683.42,7782.04
1997-06-16,7772.09,7829.99,7712.37,7772.09
1997-06-17,7760.78,7834.97,7680.71,7760.78
1997-06-18,7718.71,7789.28,7651.3,7718.71
1997-06-19,7777.06,7834.51,7697.45,7777.06
1997-06-20,7796.51,7868.44,7733.64,7796.51
1997-06-23,7604.26,7816.87,7592.04,7604.26
1997-06-24,7758.06,7787.01,7602.9,7758.06
1997-06-25,7689.98,7832.48,7615.57,7689.98
1997-06-26,7654.25,7754.22,7581.64,7654.25
1997-06-27,7687.72,7793.12,7627.33,7687.72
1997-06-30,7672.79,7768.01,7571.46,7672.79
1997-07-01,7722.33,7801.04,7613.53,7722.33
1997-07-02,7795.38,7814.38,7648.14,7795.38
1997-07-03,7895.81,7952.35,7805.79,7895.81
1997-07-07,7858.49,7983.79,7805.34,7858.49
1997-07-08,7962.31,8000.08,7824.33,7962.31
1997-07-09,7842.43,8027.67,7775.48,7842.43
1997-07-10,7886.76,7953.94,7777.06,7886.76
1997-07-11,7921.82,7984.02,7837.68,7921.82
1997-07-14,7922.98,8001.26,7831.0,7922.98
1997-07-15,7975.71,8037.03,7843.78,7975.71
1997-07-16,8038.88,8108.1,7919.73,8038.88
1997-07-17,8020.77,8136.67,7910.67,8020.77
1997-07-18,7890.46,8057.23,7829.61,7890.46
1997-07-21,7906.72,7981.51,7783.85,7906.72
1997-07-22,8061.65,8093.93,7870.72,8061.65
1997-07-23,8088.36,8199.15,8024.95,8088.36
1997-07-24,8116.93,8174.53,7968.51,8116.93
1997-07-28,8121.11,8221.68,8051.89,8121.11
1997-07-29,8174.53,8232.36,8049.34,8174.53
1997-07-30,8254.89,8313.19,8156.88,8254.89
1997-07-31,8222.61,8328.99,8160.36,8222.61
1997-08-01,8194.04,8287.65,8062.11,8194.04
1997-08-04,8198.45,8261.4,8097.65,8198.45
1997-08-05,8187.54,8251.88,8129.93,8187.54
1997-08-06,8259.31,8302.05,8130.63,8259.31
1997-08-07,8188.0,8340.14,8158.73,8188.0
1997-08-08,8031.22,8170.58,7961.07,8031.22
1997-08-11,8062.11,8122.27,7922.52,8062.11
1997-08-12,7960.84,8132.49,7926.46,7960.84
1997-08-13,7928.32,8075.58,7848.19,7928.32
1997-08-14,7942.03,8027.73,7843.54,7942.03
1997-08-18,7803.36,7847.49,7588.28,7803.36
1997-08-19,7918.1,7947.37,7776.65,7918.1
1997-08-20,8021.23,8037.95,7870.95,8021.23
1997-08-21,7893.95,8043.06,7834.02,7893.95
1997-08-22,7887.91,7904.86,7695.36,7887.91
1997-08-25,7859.57,7974.08,7791.75,7859.57
1997-08-26,7782.22,7891.62,7734.61,7782.22
1997-08-27,7787.33,7850.51,7666.55,7787.33
1997-08-28,7694.43,7831.7,7634.5,7694.43
1997-08-29,7622.42,7729.73,7580.85,7622.42
1997-09-02,7879.78,7903.47,7650.99,7879.78
1997-09-03,7894.64,7972.22,7828.45,7894.64
1997-09-04,7867.24,7936.45,7788.5,7867.24
1997-09-05,7822.41,7952.01,7765.27,7822.41
1997-09-08,7835.18,7921.35,7795.0,7835.18
1997-09-09,7851.91,7922.05,7768.52,7851.91
1997-09-10,7719.28,7868.16,7686.3,7719.28
1997-09-11,7660.98,7745.29,7556.23,7660.98
1997-09-12,7742.97,7779.67,7584.56,7742.97
1997-09-15,7721.14,7832.86,7680.95,7721.14
1997-09-16,7895.92,7951.18,7709.75,7895.92
1997-09-17,7886.44,7981.54,7816.47,7886.44
1997-09-18,7922.72,8049.36,7858.93,7922.72
1997-09-19,7917.27,7972.29,7821.69,7917.27
1997-09-22,7996.83,8078.36,7889.27,7996.83
1997-09-23,7970.06,8048.16,7885.34,7970.06
1997-09-24,7906.71,8065.84,7866.43,7906.71
1997-09-25,7848.01,7962.45,7802.34,7848.01
1997-09-26,7922.18,7970.8,7853.66,7922.18
1997-09-29,7991.43,8030.48,7862.99,7991.43
1997-09-30,7945.26,8045.7,7900.08,7945.26
1997-10-01,8015.5,8081.06,7909.41,8015.5
1997-10-02,8027.53,8087.45,7943.79,8027.53
1997-10-03,8038.58,8183.22,7937.89,8038.58
1997-10-06,8100.22,8160.63,8017.71,8100.22
1997-10-07,8178.31,8218.34,8058.96,8178.31
1997-10-08,8095.06,8208.52,8019.92,8095.06
1997-10-09,8061.42,8127.72,7980.87,8061.42
1997-10-10,8045.21,8091.38,7961.96,8045.21
1997-10-13,8072.22,8150.31,8026.3,8072.22
1997-10-14,8096.29,8168.24,7990.2,8096.29
1997-10-15,8057.98,8127.48,7997.57,8057.98
1997-10-16,7938.88,8146.14,7880.18,7938.88
1997-10-17,7847.03,7953.61,7731.12,7847.03
1997-10-20,7921.44,7966.63,7774.83,7921.44
1997-10-21,8060.44,8090.4,7909.41,8060.44
1997-10-22,8034.65,8124.78,7941.33,8034.65
1997-10-23,7847.77,7957.05,7767.22,7847.77
1997-10-24,7715.41,7975.47,7645.91,7715.41
1997-10-27,7161.15,7717.37,7150.1,7161.15
1997-10-28,7498.32,7553.57,6936.45,7498.32
1997-10-29,7506.67,7664.08,7409.67,7506.67
1997-10-30,7381.67,7569.78,7340.42,7381.67
1997-10-31,7442.08,7544.24,7329.61,7442.08
1997-11-03,7674.39,7709.02,7503.48,7674.39
1997-11-04,7689.13,7757.15,7583.29,7689.13
1997-11-05,7692.57,7791.78,7628.96,7692.57
1997-11-06,7683.24,7758.63,7597.78,7683.24
1997-11-07,7581.32,7646.89,7460.99,7581.32
1997-11-10,7552.59,7687.9,7511.83,7552.59
1997-11-11,7558.73,7655.49,7485.3,7558.73
1997-11-12,7401.32,7573.22,7359.32,7401.32
1997-11-13,7487.76,7546.45,7334.77,7487.76
1997-11-14,7572.48,7634.61,7431.03,7572.48
1997-11-17,7698.22,7781.71,7613.49,7698.22
1997-11-18,7650.82,7772.62,7607.11,7650.82
1997-11-19,7724.74,7779.75,7599.5,7724.74
1997-11-20,7826.61,7889.77,7718.19,7826.61
1997-11-21,7881.07,7934.53,7758.47,7881.07
1997-11-24,7767.92,7887.28,7723.41,7767.92
1997-11-25,7808.95,7880.32,7706.0,7808.95
1997-11-26,7794.78,7893.5,7749.77,7794.78
1997-11-28,7823.13,7872.86,7786.08,7823.13
1997-12-01,8013.11,8048.92,7823.62,8013.11
1997-12-02,8018.83,8096.66,7935.03,8018.83
1997-12-03,8032.01,8118.3,7915.63,8032.01
1997-12-04,8050.16,8159.58,7978.3,8050.16
1997-12-05,8149.13,8209.56,7980.04,8149.13
1997-12-09,8049.66,8142.67,7990.98,8049.66
1997-12-10,7978.79,8077.27,7881.07,7978.79
1997-12-11,7848.99,7961.64,7778.37,7848.99
1997-12-12,7838.3,7947.21,7756.73,7838.3
1997-12-15,7922.59,7992.72,7807.96,7922.59
1997-12-16,7976.31,8069.06,7889.52,7976.31
1997-12-17,7957.41,8068.81,7879.08,7957.41
1997-12-18,7846.5,7991.48,7781.35,7846.5
1997-12-19,7756.29,7878.6,7563.23,7756.29
1997-12-22,7819.31,7892.05,7710.45,7819.31
1997-12-23,7691.77,7874.12,7667.11,7691.77
1997-12-26,7679.31,7743.34,7634.72,7679.31
1997-12-29,7792.41,7835.01,7712.94,7792.41
1997-12-30,7915.97,7958.32,7787.68,7915.97
1997-12-31,7908.25,7995.93,7833.76,7908.25
1998-01-02,7965.04,8001.41,7845.47,7965.04
1998-01-05,7978.99,8072.91,7865.4,7978.99
1998-01-07,7902.27,7943.87,7751.56,7902.27
1998-01-08,7802.62,7935.4,7733.12,7802.62
1998-01-09,7580.42,7815.08,7513.41,7580.42
1998-01-12,7647.18,7706.22,7391.59,7647.18
1998-01-13,7732.13,7791.17,7610.31,7732.13
1998-01-14,7784.69,7836.25,7669.1,7784.69
1998-01-15,7691.77,7803.87,7651.66,7691.77
1998-01-16,7753.55,7846.47,7687.04,7753.55
1998-01-20,7873.12,7908.0,7696.01,7873.12
1998-01-21,7794.4,7874.87,7707.96,7794.4
1998-01-22,7730.88,7833.26,7637.71,7730.88
1998-01-23,7700.74,7814.08,7609.31,7700.74
1998-01-26,7712.94,7813.59,7629.99,7712.94
1998-01-27,7815.08,7890.56,7677.07,7815.08
1998-01-28,7915.47,7985.97,7761.52,7915.47
1998-01-29,7973.02,8062.94,7854.19,7973.02
1998-01-30,7906.5,8023.83,7850.95,7906.5
1998-02-02,8107.78,8157.86,7987.46,8107.78
1998-02-03,8160.35,8193.23,8010.63,8160.35
1998-02-04,8129.71,8188.0,8050.99,8129.71
1998-02-05,8117.25,8215.65,8037.54,8117.25
1998-02-06,8189.49,8255.26,8102.3,8189.49
1998-02-09,8180.52,8256.75,8104.55,8180.52
1998-02-10,8295.61,8368.1,8149.88,8295.61
1998-02-11,8314.55,8367.61,8223.87,8314.55
1998-02-12,8369.6,8412.2,8206.93,8369.6
1998-02-13,8370.1,8416.43,8269.21,8370.1
1998-02-17,8398.5,8483.94,8335.97,8398.5
1998-02-18,8451.06,8503.12,8326.75,8451.06
1998-02-19,8375.58,8463.26,8327.25,8375.58
1998-02-20,8413.94,8449.06,8291.88,8413.94
1998-02-23,8410.2,8490.92,8331.98,8410.2
1998-02-24,8370.1,8457.78,8303.83,8370.1
1998-02-25,8457.78,8510.6,8362.37,8457.78
1998-02-26,8490.67,8541.98,8377.82,8490.67
1998-02-27,8545.72,8616.72,8426.15,8545.72
1998-03-02,8550.45,8649.35,8427.89,8550.45
1998-03-03,8584.83,8632.16,8464.26,8584.83
1998-03-04,8539.24,8609.99,8454.79,8539.24
1998-03-05,8444.33,8526.79,8377.32,8444.33
1998-03-06,8569.39,8610.49,8432.62,8569.39
1998-03-09,8567.14,8661.56,8482.45,8567.14
1998-03-10,8643.12,8688.71,8550.45,8643.12
1998-03-11,8675.75,8740.52,8599.28,8675.75
1998-03-12,8659.56,8725.58,8576.86,8659.56
1998-03-13,8602.52,8733.3,8563.9,8602.52
1998-03-16,8718.85,8760.45,8573.37,8718.85
1998-03-17,8749.99,8812.52,8633.41,8749.99
1998-03-18,8775.4,8825.72,8655.83,8775.4
1998-03-20,8906.43,8957.25,8766.43,8906.43
1998-03-23,8816.25,8939.31,8758.71,8816.25
1998-03-24,8904.44,8962.48,8815.01,8904.44
1998-03-25,8872.8,8997.11,8780.88,8872.8
1998-03-26,8846.89,8931.09,8769.92,8846.89
1998-03-27,8796.08,8941.31,8741.77,8796.08
1998-03-30,8782.12,8877.04,8701.66,8782.12
1998-03-31,8799.81,8937.57,8726.32,8799.81
1998-04-01,8868.32,8935.33,8715.61,8868.32
1998-04-02,8986.64,9025.26,8829.21,8986.64
1998-04-03,8983.41,9085.79,8896.22,8983.41
1998-04-06,9033.23,9170.74,8958.49,9033.23
1998-04-07,8956.5,9072.34,8862.34,8956.5
1998-04-08,8891.48,9023.51,8821.73,8891.48
1998-04-14,9110.2,9177.96,8971.45,9110.2
1998-04-15,9162.27,9249.95,9017.53,9162.27
1998-04-16,9076.57,9204.12,8978.92,9076.57
1998-04-17,9167.5,9213.58,9010.06,9167.5
1998-04-20,9141.84,9245.22,9027.25,9141.84
1998-04-21,9184.94,9250.2,9051.41,9184.94
1998-04-22,9176.72,9287.32,9083.8,9176.72
1998-04-23,9143.33,9269.88,9061.88,9143.33
1998-04-24,9064.62,9206.36,8983.65,9064.62
1998-04-27,8917.64,9026.25,8796.08,8917.64
1998-04-28,8898.96,9051.16,8828.71,8898.96
1998-04-29,8951.52,9036.47,8857.85,8951.52
1998-04-30,9063.37,9169.99,8970.95,9063.37
1998-05-04,9192.66,9311.98,9134.86,9192.66
1998-05-05,9147.57,9251.95,9062.37,9147.57
1998-05-06,9054.65,9223.8,9017.28,9054.65
1998-05-07,8976.68,9102.98,8914.9,8976.68
1998-05-08,9055.15,9143.09,8951.27,9055.15
1998-05-11,9091.52,9231.52,9045.43,9091.52
1998-05-12,9161.77,9214.08,9023.51,9161.77
1998-05-13,9211.84,9283.09,9119.67,9211.84
1998-05-14,9172.23,9266.89,9077.07,9172.23
1998-05-15,9096.0,9240.74,9051.91,9096.0
1998-05-18,9050.91,9171.23,8972.2,9050.91
1998-05-19,9054.65,9164.51,8997.36,9054.65
1998-05-20,9171.48,9219.06,9010.56,9171.48
1998-05-21,9132.37,9248.96,9058.64,9132.37
1998-05-22,9114.44,9209.35,9040.7,9114.44
1998-05-26,8963.73,9201.63,8949.78,8963.73
1998-05-27,8936.57,9015.04,8760.95,8936.57
1998-05-28,8970.2,9040.7,8861.59,8970.2
1998-05-29,8899.95,9060.13,8859.6,8899.95
1998-06-02,8891.24,9014.05,8838.92,8891.24
1998-06-03,8803.8,8970.2,8769.67,8803.8
1998-06-04,8870.56,8916.64,8719.85,8870.56
1998-06-05,9037.71,9057.39,8866.57,9037.71
1998-06-08,9069.6,9155.04,8994.12,9069.6
1998-06-09,9049.92,9130.13,8966.72,9049.92
1998-06-10,8971.7,9145.08,8891.98,8971.7
1998-06-11,8811.77,9015.54,8774.4,8811.77
1998-06-12,8834.94,8891.24,8660.56,8834.94
1998-06-15,8627.93,8818.99,8588.32,8627.93
1998-06-16,8665.29,8751.24,8524.55,8665.29
1998-06-17,8829.46,8932.34,8695.43,8829.46
1998-06-18,8813.01,8900.2,8740.77,8813.01
1998-06-19,8712.87,8885.01,8664.79,8712.87
1998-06-22,8711.13,8805.04,8639.38,8711.13
1998-06-23,8828.46,8877.78,8724.83,8828.46
1998-06-24,8923.87,8971.2,8740.52,8923.87
1998-06-25,8935.58,9079.56,8863.58,8935.58
1998-06-26,8944.54,9047.93,8879.78,8944.54
1998-06-29,8997.36,9099.24,8930.84,8997.36
1998-06-30,8952.02,9085.79,8868.57,8952.02
1998-07-01,9048.67,9103.23,8918.64,9048.67
1998-07-02,9025.26,9094.01,8956.25,9025.26
1998-07-06,9091.77,9137.11,8965.97,9091.77
1998-07-07,9085.04,9209.85,9001.84,9085.04
1998-07-08,9174.97,9231.27,9041.7,9174.97
1998-07-09,9089.78,9217.07,9014.3,9089.78
1998-07-10,9105.74,9194.82,8976.23,9105.74
1998-07-13,9096.21,9132.77,9073.3,9096.21
1998-07-14,9245.54,9314.54,9087.2,9245.54
1998-07-15,9234.47,9388.69,9165.99,9234.47
1998-07-16,9328.19,9368.35,9173.19,9328.19
1998-07-17,9337.97,9412.64,9259.96,9337.97
1998-07-20,9295.75,9408.26,9206.15,9295.75
1998-07-21,9190.19,9369.12,9145.39,9190.19
1998-07-22,9128.91,9264.85,8996.83,9128.91
1998-07-23,8932.98,9196.11,8892.56,8932.98
1998-07-24,8937.36,9077.67,8814.29,8937.36
1998-07-27,9028.24,9084.63,8806.05,9028.24
1998-07-28,8934.78,9065.57,8786.48,8934.78
1998-07-29,8914.96,9039.57,8831.28,8914.96
1998-07-30,9026.95,9113.2,8884.83,9026.95
1998-07-31,8883.29,9109.34,8810.94,8883.29
1998-08-03,8786.74,8948.17,8729.58,8786.74
1998-08-04,8487.31,8896.68,8463.37,8487.31
1998-08-05,8546.78,8641.78,8316.1,8546.78
1998-08-06,8577.68,8671.14,8415.22,8577.68
1998-08-07,8598.02,8745.03,8490.4,8598.02
1998-08-10,8574.85,8689.16,8491.17,8574.85
1998-08-11,8462.85,8538.29,8263.32,8462.85
1998-08-12,8552.96,8621.71,8437.1,8552.96
1998-08-13,8459.5,8656.46,8399.51,8459.5
1998-08-14,8425.0,8635.87,8342.1,8425.0
1998-08-17,8574.85,8613.98,8350.34,8574.85
1998-08-18,8714.65,8767.69,8551.93,8714.65
1998-08-19,8693.28,8797.81,8635.61,8693.28
1998-08-20,8611.41,8726.75,8538.29,8611.41
1998-08-21,8533.65,8600.34,8307.6,8533.65
1998-08-24,8566.61,8680.66,8452.29,8566.61
1998-08-25,8602.65,8740.91,8510.22,8602.65
1998-08-26,8523.35,8639.47,8396.68,8523.35
1998-08-27,8165.99,8448.69,8062.24,8165.99
1998-08-28,8051.68,8301.68,7951.27,8051.68
1998-08-31,7539.07,8149.0,7517.7,7539.07
1998-09-01,7827.43,7937.37,7379.7,7827.43
1998-09-02,7782.37,8036.23,7710.54,7782.37
1998-09-03,7682.22,7841.59,7499.68,7682.22
1998-09-04,7640.25,7831.29,7450.24,7640.25
1998-09-08,8020.78,8103.69,7779.03,8020.78
1998-09-09,7865.02,8094.16,7796.79,7865.02
1998-09-10,7615.54,7761.0,7469.04,7615.54
1998-09-11,7795.5,7866.31,7497.36,7795.5
1998-09-14,7945.35,8081.29,7848.03,7945.35
1998-09-15,8024.39,8087.21,7840.3,8024.39
1998-09-16,8089.78,8159.3,7923.46,8089.78
1998-09-17,7873.77,8001.99,7795.5,7873.77
1998-09-18,7895.66,8012.03,7759.97,7895.66
1998-09-21,7933.25,8008.43,7653.64,7933.25
1998-09-22,7897.2,8038.29,7816.87,7897.2
1998-09-23,8154.41,8198.43,7891.79,8154.41
1998-09-24,8001.99,8227.53,7906.73,8001.99
1998-09-25,8028.77,8127.89,7849.06,8028.77
1998-09-28,8108.84,8239.37,7986.8,8108.84
1998-09-29,8080.52,8253.79,7946.63,8080.52
1998-09-30,7842.62,8097.51,7775.42,7842.62
1998-10-01,7632.53,7856.26,7540.87,7632.53
1998-10-02,7784.69,7866.31,7496.84,7784.69
1998-10-05,7726.24,7866.82,7507.14,7726.24
1998-10-06,7742.98,7951.53,7646.43,7742.98
1998-10-07,7741.69,7913.94,7558.89,7741.69
1998-10-08,7731.91,7822.02,7399.38,7731.91
1998-10-09,7899.52,7976.76,7628.15,7899.52
1998-10-13,7938.14,8093.9,7805.29,7938.14
1998-10-14,7968.78,8107.29,7812.75,7968.78
1998-10-15,8299.36,8375.57,7885.62,8299.36
1998-10-16,8416.76,8521.29,8244.26,8416.76
1998-10-19,8466.45,8591.07,8321.5,8466.45
1998-10-20,8505.85,8713.62,8419.08,8505.85
1998-10-21,8519.23,8641.02,8380.72,8519.23
1998-10-22,8533.14,8629.17,8334.12,8533.14
1998-10-23,8452.29,8589.01,8366.04,8452.29
1998-10-26,8432.21,8564.03,8349.57,8432.21
1998-10-27,8366.04,8586.69,8309.92,8366.04
1998-10-28,8371.97,8504.04,8271.55,8371.97
1998-10-29,8495.03,8539.83,8305.54,8495.03
1998-10-30,8592.1,8718.25,8481.39,8592.1
1998-11-02,8706.15,8804.51,8573.56,8706.15
1998-11-03,8706.15,8819.18,8601.88,8706.15
1998-11-04,8783.14,8933.49,8660.33,8783.14
1998-11-05,8915.47,8943.79,8676.55,8915.47
1998-11-06,8975.46,9042.4,8831.02,8975.46
1998-11-09,8897.96,9024.89,8813.0,8897.96
1998-11-10,8863.98,9020.0,8760.99,8863.98
1998-11-11,8823.82,8980.35,8759.19,8823.82
1998-11-12,8829.74,8951.26,8733.7,8829.74
1998-11-13,8919.59,8982.16,8782.62,8919.59
1998-11-16,9011.25,9093.12,8885.09,9011.25
1998-11-17,8986.28,9158.26,8870.42,8986.28
1998-11-18,9041.11,9095.7,8897.96,9041.11
1998-11-19,9056.05,9147.96,8967.22,9056.05
1998-11-20,9159.55,9215.93,9048.32,9159.55
1998-11-23,9374.27,9425.77,9137.92,9374.27
1998-11-24,9301.15,9457.95,9219.28,9301.15
1998-11-25,9314.28,9387.66,9199.2,9314.28
1998-11-27,9333.08,9403.62,9263.82,9333.08
1998-11-30,9116.55,9348.53,9074.07,9116.55
1998-12-01,9133.54,9214.65,8934.52,9133.54
1998-12-02,9064.54,9154.4,8922.94,9064.54
1998-12-03,8879.68,9112.69,8839.78,8879.68
1998-12-04,9016.14,9078.7,8873.76,9016.14
1998-12-07,9070.47,9146.93,8946.11,9070.47
1998-12-09,9009.19,9138.18,8881.23,9009.19
1998-12-10,8841.58,9034.42,8795.24,8841.58
1998-12-11,8821.76,8916.24,8680.41,8821.76
1998-12-14,8695.6,8868.1,8610.63,8695.6
1998-12-15,8823.3,8878.4,8614.75,8823.3
1998-12-16,8790.6,8922.94,8675.52,8790.6
1998-12-17,8875.82,8959.76,8725.21,8875.82
1998-12-18,8903.63,9012.28,8789.31,8903.63
1998-12-21,8988.85,9150.54,8874.28,8988.85
1998-12-22,9044.46,9122.99,8909.29,9044.46
1998-12-23,9202.03,9255.84,9022.58,9202.03
1998-12-28,9226.75,9330.5,9133.54,9226.75
1998-12-29,9320.98,9375.3,9152.34,9320.98
1998-12-30,9274.64,9390.75,9211.3,9274.64
1999-01-04,9184.27,9393.84,9089.0,9184.27
1999-01-05,9311.19,9389.46,9137.66,9311.19
1999-01-07,9537.76,9616.29,9369.12,9537.76
1999-01-08,9643.32,9759.44,9447.91,9643.32
1999-01-11,9619.89,9751.46,9446.36,9619.89
1999-01-12,9474.68,9680.4,9394.87,9474.68
1999-01-13,9349.56,9485.24,9134.06,9349.56
1999-01-14,9120.93,9380.2,9052.44,9120.93
1999-01-15,9340.55,9381.74,9124.02,9340.55
1999-01-19,9355.22,9499.14,9165.73,9355.22
1999-01-20,9335.91,9555.01,9230.35,9335.91
1999-01-21,9264.08,9479.83,9150.28,9264.08
1999-01-22,9120.67,9289.31,8998.89,9120.67
1999-01-25,9203.32,9273.09,8994.26,9203.32
1999-01-26,9324.58,9408.77,9118.35,9324.58
1999-01-27,9200.23,9461.04,9135.86,9200.23
1999-01-28,9281.33,9384.83,9134.57,9281.33
1999-01-29,9358.83,9457.18,9172.16,9358.83
1999-02-01,9345.7,9513.05,9266.91,9345.7
1999-02-02,9274.12,9394.1,9146.16,9274.12
1999-02-03,9366.81,9454.09,9176.8,9366.81
1999-02-04,9304.5,9511.5,9178.6,9304.5
1999-02-05,9304.24,9457.43,9141.27,9304.24
1999-02-08,9291.11,9427.83,9148.99,9291.11
1999-02-09,9133.03,9361.92,9076.13,9133.03
1999-02-10,9177.31,9267.68,9025.41,9177.31
1999-02-11,9363.46,9423.19,9088.49,9363.46
1999-02-12,9274.89,9437.35,9161.35,9274.89
1999-02-16,9297.03,9458.46,9187.1,9297.03
1999-02-17,9195.47,9409.53,9124.03,9195.47
1999-02-18,9298.63,9368.48,9145.09,9298.63
1999-02-19,9339.95,9430.59,9218.13,9339.95
1999-02-22,9552.68,9596.13,9289.04,9552.68
1999-02-23,9544.42,9659.58,9425.26,9544.42
1999-02-24,9399.67,9662.77,9357.81,9399.67
1999-02-25,9366.34,9446.32,9200.27,9366.34
1999-02-26,9306.58,9459.52,9177.54,9306.58
1999-03-01,9324.78,9419.32,9167.76,9324.78
1999-03-02,9297.61,9464.57,9216.66,9297.61
1999-03-03,9275.88,9397.86,9163.41,9275.88
1999-03-04,9467.4,9549.99,9272.08,9467.4
1999-03-05,9736.08,9799.92,9558.41,9736.08
1999-03-08,9727.61,9825.02,9616.33,9727.61
1999-03-09,9693.76,9856.65,9586.08,9693.76
1999-03-10,9772.84,9849.71,9624.94,9772.84
1999-03-11,9897.44,9992.35,9742.32,9897.44
1999-03-12,9876.35,10042.58,9779.78,9876.35
1999-03-15,9958.77,10027.59,9807.53,9958.77
1999-03-16,9930.47,10062.84,9857.48,9930.47
1999-03-17,9879.41,10024.54,9792.55,9879.41
1999-03-18,9997.62,10060.62,9776.17,9997.62
1999-03-19,9903.55,10158.57,9856.37,9903.55
1999-03-22,9890.51,10005.95,9796.99,9890.51
1999-03-23,9671.83,9897.72,9593.85,9671.83
1999-03-24,9666.84,9803.09,9547.23,9666.84
1999-03-25,9836.39,9916.59,9666.28,9836.39
1999-03-26,9822.24,9923.53,9700.69,9822.24
1999-03-29,10006.78,10089.48,9837.78,10006.78
1999-03-30,9913.26,10035.36,9812.53,9913.26
1999-03-31,9786.16,10025.1,9744.82,9786.16
1999-04-06,9963.49,10097.25,9862.48,9963.49
1999-04-07,10085.31,10166.62,9859.98,10085.31
1999-04-08,10197.7,10282.62,9980.69,10197.7
1999-04-09,10173.84,10298.71,10035.09,10173.84
1999-04-12,10339.51,10384.46,10042.02,10339.51
1999-04-13,10395.01,10512.1,10239.33,10395.01
1999-04-14,10411.66,10692.48,10196.87,10411.66
1999-04-15,10462.72,10673.89,10201.31,10462.72
1999-04-16,10493.89,10632.9,10299.55,10493.89
1999-04-19,10440.53,10879.76,10284.39,10440.53
1999-04-20,10448.55,10610.06,10212.87,10448.55
1999-04-21,10581.42,10702.56,10309.09,10581.42
1999-04-22,10727.18,10896.42,10517.85,10727.18
1999-04-23,10689.67,10858.34,10530.45,10689.67
1999-04-26,10718.59,10854.33,10540.47,10718.59
1999-04-27,10831.71,10977.46,10647.29,10831.71
1999-04-28,10845.45,11050.77,10665.9,10845.45
1999-04-29,10878.38,11052.49,10710.0,10878.38
1999-04-30,10789.04,11072.25,10603.76,10789.04
1999-05-03,11014.69,11083.13,10701.12,11014.69
1999-05-04,10886.11,11140.12,10787.32,10886.11
1999-05-05,10955.41,11055.36,10711.15,10955.41
1999-05-06,10946.82,11093.44,10730.33,10946.82
1999-05-07,11031.59,11135.54,10838.29,11031.59
1999-05-10,11007.25,11173.05,10876.38,11007.25
1999-05-11,11026.15,11185.08,10882.11,11026.15
1999-05-12,11000.37,11146.71,10759.54,11000.37
1999-05-13,11107.19,11244.36,10931.36,11107.19
1999-05-14,10913.32,11076.55,10787.03,10913.32
1999-05-17,10853.47,10976.32,10677.64,10853.47
1999-05-18,10836.95,11017.75,10678.86,10836.95
1999-05-19,10887.39,10988.85,10722.81,10887.39
1999-05-20,10866.74,11020.7,10773.83,10866.74
1999-05-21,10829.28,10974.69,10728.12,10829.28
1999-05-24,10654.67,10924.26,10568.85,10654.67
1999-05-25,10531.09,10818.96,10494.52,10531.09
1999-05-26,10702.16,10818.08,10416.06,10702.16
1999-05-27,10466.93,10734.21,10372.96,10466.93
1999-05-28,10559.74,10690.07,10389.94,10559.74
1999-06-01,10596.26,10717.2,10334.42,10596.26
1999-06-02,10577.89,10694.09,10388.24,10577.89
1999-06-03,10663.69,10767.86,10515.52,10663.69
1999-06-04,10799.84,10892.6,10558.26,10799.84
1999-06-07,10909.38,11016.4,10718.47,10909.38
1999-06-08,10765.64,10954.66,10671.93,10765.64
1999-06-09,10690.29,10871.39,10602.59,10690.29
1999-06-10,10621.27,10736.2,10452.52,10621.27
1999-06-11,10490.51,10744.11,10386.98,10490.51
1999-06-14,10563.33,10691.24,10414.52,10563.33
1999-06-15,10594.99,10740.0,10500.01,10594.99
1999-06-16,10784.95,10883.74,10608.92,10784.95
1999-06-17,10841.63,10936.61,10642.8,10841.63
1999-06-18,10855.56,10978.09,10751.39,10855.56
1999-06-21,10815.98,10960.36,10684.91,10815.98
1999-06-22,10721.63,10879.94,10639.63,10721.63
1999-06-23,10666.86,10791.29,10542.75,10666.86
1999-06-24,10534.83,10736.83,10404.07,10534.83
1999-06-25,10552.56,10719.42,10477.21,10552.56
1999-06-28,10655.15,10792.24,10535.15,10655.15
1999-06-29,10815.35,10855.56,10589.61,10815.35
1999-06-30,10970.8,11120.24,10657.36,10970.8
1999-07-01,11066.42,11156.65,10841.63,11066.42
1999-07-02,11139.24,11205.41,10995.5,11139.24
1999-07-06,11135.12,11291.21,11021.78,11135.12
1999-07-07,11187.36,11268.42,11008.16,11187.36
1999-07-08,11126.89,11290.58,10985.68,11126.89
1999-07-09,11193.7,11284.25,11050.59,11193.7
1999-07-12,11200.98,11314.64,11087.95,11200.98
1999-07-13,11175.02,11277.6,11013.55,11175.02
1999-07-14,11148.1,11289.95,11051.86,11148.1
1999-07-15,11186.41,11313.37,11072.75,11186.41
1999-07-16,11209.84,11300.08,11069.27,11209.84
1999-07-19,11187.68,11321.61,11069.9,11187.68
1999-07-20,10996.13,11245.62,10914.13,10996.13
1999-07-21,11002.78,11142.72,10865.69,11002.78
1999-07-22,10969.22,11140.51,10796.67,10969.22
1999-07-23,10910.96,11069.59,10813.77,10910.96
1999-07-26,10863.16,11014.5,10748.86,10863.16
1999-07-27,10979.04,11079.4,10834.35,10979.04
1999-07-28,10972.07,11090.48,10851.13,10972.07
1999-07-29,10791.29,10920.15,10672.24,10791.29
1999-07-30,10655.15,10897.98,10594.99,10655.15
1999-08-02,10645.96,10849.23,10551.3,10645.96
1999-08-03,10677.31,10812.82,10538.0,10677.31
1999-08-04,10674.77,10901.78,10585.17,10674.77
1999-08-05,10793.82,10876.77,10509.19,10793.82
1999-08-06,10714.03,10896.08,10584.86,10714.03
1999-08-09,10707.7,10854.61,10571.56,10707.7
1999-08-10,10655.15,10812.82,10487.32,10655.15
1999-08-11,10787.8,10878.99,10596.26,10787.8
1999-08-12,10789.39,10967.64,10688.07,10789.39
1999-08-13,10973.65,11049.64,10822.0,10973.65
1999-08-16,11046.79,11105.05,10853.98,11046.79
1999-08-17,11117.08,11180.08,10963.52,11117.08
1999-08-18,10991.38,11153.49,10913.5,10991.38
1999-08-19,10963.84,11037.29,10809.65,10963.84
1999-08-20,11100.61,11155.07,10916.35,11100.61
1999-08-23,11299.76,11344.09,11087.95,11299.76
1999-08-24,11283.3,11404.87,11135.76,11283.3
1999-08-25,11326.04,11428.94,11106.31,11326.04
1999-08-26,11198.45,11393.48,11133.86,11198.45
1999-08-27,11090.17,11295.33,11021.14,11090.17
1999-08-30,10914.13,11176.6,10869.81,10914.13
1999-08-31,10829.28,11079.08,10725.43,10829.28
1999-09-01,10937.88,11013.55,10784.32,10937.88
1999-09-02,10843.21,10923.95,10669.71,10843.21
1999-09-03,11078.45,11155.7,10922.36,11078.45
1999-09-07,11034.13,11191.0,10910.65,11034.13
1999-09-08,11036.34,11164.89,10898.62,11036.34
1999-09-09,11079.4,11172.17,10900.83,11079.4
1999-09-10,11028.43,11218.39,10965.74,11028.43
1999-09-13,11030.33,11146.52,10886.9,11030.33
1999-09-14,10910.33,11061.04,10815.67,10910.33
1999-09-15,10801.42,11049.96,10757.41,10801.42
1999-09-16,10737.46,10876.45,10592.46,10737.46
1999-09-17,10803.63,10946.74,10690.61,10803.63
1999-09-20,10823.9,10918.88,10715.93,10823.9
1999-09-21,10598.47,10785.9,10517.1,10598.47
1999-09-22,10524.07,10688.39,10407.56,10524.07
1999-09-23,10318.59,10643.75,10260.33,10318.59
1999-09-24,10279.33,10428.14,10128.63,10279.33
1999-09-27,10303.39,10498.73,10201.76,10303.39
1999-09-28,10275.53,10386.03,10055.17,10275.53
1999-09-29,10213.48,10408.51,10119.76,10213.48
1999-09-30,10336.95,10456.32,10156.8,10336.95
1999-10-01,10273.0,10425.92,10108.05,10273.0
1999-10-04,10401.23,10538.32,10220.44,10401.23
1999-10-05,10400.59,10578.21,10250.2,10400.59
1999-10-06,10588.34,10655.46,10340.75,10588.34
1999-10-07,10537.05,10687.12,10430.99,10537.05
1999-10-08,10649.76,10743.48,10423.7,10649.76
1999-10-11,10648.18,10781.16,10545.6,10648.18
1999-10-13,10232.16,10495.89,10173.58,10232.16
1999-10-14,10286.61,10416.74,10071.64,10286.61
1999-10-15,10019.71,10278.06,9911.43,10019.71
1999-10-18,10116.28,10221.07,9884.2,10116.28
1999-10-19,10204.93,10418.01,10093.8,10204.93
1999-10-20,10392.36,10485.13,10144.46,10392.36
1999-10-21,10297.69,10414.52,10047.57,10297.69
1999-10-22,10470.25,10581.69,10301.18,10470.25
1999-10-25,10349.93,10518.37,10225.82,10349.93
1999-10-26,10302.13,10486.39,10208.73,10302.13
1999-10-27,10394.89,10515.19,10172.32,10394.89
1999-10-28,10622.53,10726.7,10450.62,10622.53
1999-10-29,10729.86,10883.1,10580.11,10729.86
1999-11-02,10580.92,10816.11,10508.14,10580.92
1999-11-03,10609.06,10759.22,10485.5,10609.06
1999-11-04,10639.64,10817.94,10523.43,10639.64
1999-11-05,10704.48,10885.53,10635.67,10704.48
1999-11-08,10718.85,10838.74,10548.2,10718.85
1999-11-09,10617.32,10806.63,10507.22,10617.32
1999-11-10,10597.74,10713.04,10449.42,10597.74
1999-11-11,10595.3,10716.41,10485.2,10595.3
1999-11-12,10769.32,10845.16,10513.03,10769.32
1999-11-15,10760.75,10899.22,10626.49,10760.75
1999-11-16,10932.33,10996.55,10691.94,10932.33
1999-11-17,10883.09,11040.9,10773.9,10883.09
1999-11-18,11035.7,11147.02,10859.92,11035.7
1999-11-19,11003.89,11146.41,10871.77,11003.89
1999-11-22,11089.52,11195.34,10887.67,11089.52
1999-11-23,10995.63,11178.83,10899.6,10995.63
1999-11-24,11008.17,11131.12,10859.23,11008.17
1999-11-26,10988.91,11115.83,10938.14,10988.91
1999-11-29,10947.92,11059.25,10813.36,10947.92
1999-11-30,10877.81,11142.13,10785.22,10877.81
1999-12-01,10998.39,11111.24,10798.07,10998.39
1999-12-02,11039.06,11183.72,10896.24,11039.06
1999-12-03,11286.18,11423.5,11114.53,11286.18
1999-12-07,11106.65,11351.32,10993.49,11106.65
1999-12-09,11134.79,11327.46,10962.6,11134.79
1999-12-10,11224.7,11358.66,11042.12,11224.7
1999-12-13,11192.59,11379.46,11024.38,11192.59
1999-12-14,11160.17,11336.33,11027.13,11160.17
1999-12-15,11225.32,11400.48,11014.6,11225.32
1999-12-16,11244.89,11396.89,11016.12,11244.89
1999-12-17,11257.43,11497.2,11103.59,11257.43
1999-12-20,11144.27,11417.38,11026.22,11144.27
1999-12-21,11200.54,11328.69,10973.61,11200.54
1999-12-22,11203.6,11375.17,11075.76,11203.6
1999-12-23,11405.76,11506.38,11231.13,11405.76
1999-12-27,11391.08,11603.02,11253.15,11391.08
1999-12-28,11476.71,11613.72,11302.08,11476.71
1999-12-29,11484.66,11658.68,11367.53,11484.66
1999-12-30,11452.86,11640.33,11388.94,11452.86
2000-01-03,11501.85,11641.07,11180.98,11357.51
2000-01-04,11349.75,11358.44,10903.62,10997.93
2000-01-05,10989.37,11337.65,10862.66,11122.65
2000-01-07,11247.06,11686.37,11168.26,11522.56
2000-01-10,11532.48,11765.17,11427.0,11572.2
2000-01-11,11568.47,11748.11,11398.3,11511.08
2000-01-12,11506.73,11751.83,11385.74,11551.1
2000-01-13,11558.24,11776.96,11409.63,11582.43
2000-01-14,11619.35,11908.5,11506.42,11722.98
2000-01-18,11719.19,11848.32,11397.32,11560.72
2000-01-19,11535.24,11710.57,11320.28,11489.36
2000-01-20,11490.29,11654.72,11192.14,11351.3
2000-01-21,11356.26,11513.87,11113.65,11251.71
2000-01-24,11251.94,11501.15,10847.15,11008.17
2000-01-25,11010.96,11229.68,10779.83,11029.89
2000-01-26,11025.85,11280.56,10848.39,11032.99
2000-01-27,11035.55,11274.36,10818.3,11028.02
2000-01-28,11024.92,11115.2,10649.21,10738.87
2000-01-31,10735.77,11062.77,10610.43,10940.53
2000-02-01,10937.74,11187.18,10798.44,11041.05
2000-02-02,11037.64,11228.44,10873.52,11003.2
2000-02-03,11010.48,11209.21,10799.68,11013.44
2000-02-04,11014.37,11200.83,10847.54,10963.8
2000-02-07,10965.97,11098.14,10734.53,10905.79
2000-02-08,10904.26,11144.37,10826.67,10957.6
2000-02-09,10948.82,11016.54,10647.04,10699.16
2000-02-10,10697.92,10853.67,10491.3,10643.63
2000-02-11,10638.64,10763.38,10301.12,10425.21
2000-02-14,10431.65,10684.27,10327.25,10519.84
2000-02-15,10520.15,10821.09,10385.74,10718.09
2000-02-16,10711.82,10831.64,10467.41,10561.41
2000-02-17,10565.76,10806.51,10348.66,10514.57
2000-02-18,10514.57,10562.34,10127.69,10219.52
2000-02-22,10219.83,10447.55,10011.35,10304.84
2000-02-23,10294.82,10443.21,10077.74,10225.73
2000-02-24,10242.48,10321.9,9877.94,10092.63
2000-02-25,10090.77,10196.02,9767.8,9862.12
2000-02-28,9854.66,10228.52,9760.36,10038.65
2000-02-29,10039.58,10332.14,9926.65,10128.31
2000-03-01,10128.11,10355.72,9935.96,10137.93
2000-03-02,10135.44,10361.61,9986.53,10164.92
2000-03-03,10171.12,10581.89,10148.16,10367.2
2000-03-06,10358.96,10518.91,10039.73,10170.5
2000-03-07,10197.61,10208.66,9650.84,9796.03
2000-03-08,9800.69,10037.41,9611.75,9856.53
2000-03-09,9855.29,10097.28,9667.28,10010.73
2000-03-10,10008.55,10211.77,9792.93,9928.82
2000-03-13,9947.13,10111.25,9670.07,9947.13
2000-03-14,9957.67,10149.41,9744.84,9811.24
2000-03-15,9808.15,10294.6,9676.9,10131.41
2000-03-16,10139.58,10716.23,10142.27,10630.6
2000-03-17,10629.98,10849.63,10399.15,10595.23
2000-03-20,10594.75,10866.08,10456.86,10680.24
2000-03-21,10680.24,11017.48,10516.12,10907.34
2000-03-22,10916.96,11054.71,10671.86,10866.7
2000-03-23,10884.38,11224.72,10738.25,11119.86
2000-03-24,11107.45,11311.28,10901.44,11112.72
2000-03-27,11093.25,11274.98,10880.97,11025.85
2000-03-28,11023.68,11192.77,10804.65,10936.11
2000-03-29,10939.05,11214.48,10793.79,11018.72
2000-03-30,11008.17,11258.23,10796.58,10980.25
2000-03-31,10993.28,11244.58,10801.23,10921.92
2000-04-03,10863.28,11345.41,10816.75,11221.93
2000-04-04,11225.34,11541.17,10677.76,11164.84
2000-04-05,11163.29,11326.79,10894.0,11033.92
2000-04-06,11029.56,11303.83,10921.07,11114.27
2000-04-07,11122.03,11318.41,10932.78,11111.48
2000-04-10,11114.89,11404.35,10954.19,11186.56
2000-04-11,11180.98,11459.58,10989.55,11287.08
2000-04-12,11283.05,11600.12,11017.79,11125.13
2000-04-13,11132.58,11290.8,10804.65,10923.55
2000-04-14,10922.85,10890.9,10172.67,10305.77
2000-04-17,10303.29,10725.22,10129.24,10582.51
2000-04-18,10584.02,10954.19,10424.9,10767.42
2000-04-19,10748.97,10909.2,10499.98,10674.96
2000-04-20,10668.19,10941.47,10574.75,10844.05
2000-04-25,10916.65,11265.67,10764.62,11124.82
2000-04-26,11127.92,11246.75,10814.88,10945.5
2000-04-27,10941.91,11024.61,10650.14,10888.1
2000-04-28,10892.76,11008.17,10632.46,10733.91
2000-05-02,10805.58,10932.47,10578.79,10731.12
2000-05-03,10732.21,10754.39,10345.17,10480.13
2000-05-04,10478.89,10631.53,10293.05,10412.49
2000-05-05,10409.7,10688.61,10312.91,10577.86
2000-05-08,10571.31,10744.22,10398.77,10603.63
2000-05-09,10607.54,10765.75,10435.96,10536.75
2000-05-10,10533.09,10649.95,10162.6,10367.78
2000-05-11,10369.27,10676.88,10311.58,10545.97
2000-05-12,10549.06,10780.37,10444.54,10609.37
2000-05-15,10606.97,10906.47,10509.31,10807.78
2000-05-16,10816.01,11086.72,10723.48,10934.57
2000-05-17,10930.64,10947.25,10648.78,10769.74
2000-05-18,10771.8,10938.34,10669.0,10777.28
2000-05-19,10764.22,10821.83,10468.19,10626.85
2000-05-22,10624.79,10718.0,10308.15,10542.55
2000-05-23,10539.12,10671.74,10322.2,10422.27
2000-05-24,10420.9,10679.53,10240.99,10535.35
2000-05-25,10529.87,10644.32,10207.75,10323.92
2000-05-26,10299.24,10487.72,10163.2,10299.24
2000-05-30,10302.31,10596.69,10287.94,10527.13
2000-05-31,10528.28,10692.73,10376.69,10522.33
2000-06-01,10532.27,10780.37,10422.95,10652.2
2000-06-02,10660.09,11013.05,10600.46,10794.76
2000-06-05,10793.11,10951.78,10629.03,10815.3
2000-06-06,10822.61,10916.97,10592.12,10735.57
2000-06-07,10733.48,10976.51,10592.12,10812.86
2000-06-08,10818.78,10951.09,10524.92,10668.72
2000-06-09,10678.47,10848.38,10515.52,10614.06
2000-06-12,10615.12,10757.6,10476.88,10564.21
2000-06-13,10562.31,10751.86,10395.56,10621.84
2000-06-14,10632.46,10860.84,10542.99,10687.95
2000-06-15,10689.63,10889.48,10552.89,10714.82
2000-06-16,10717.76,10784.47,10391.32,10449.3
2000-06-19,10448.4,10733.56,10322.02,10557.84
2000-06-20,10558.9,10632.09,10318.84,10435.16
2000-06-21,10446.83,10607.69,10312.48,10497.74
2000-06-22,10495.97,10596.73,10256.97,10376.12
2000-06-23,10376.47,10555.37,10283.13,10404.75
2000-06-26,10403.69,10680.26,10365.16,10542.99
2000-06-27,10541.58,10741.69,10383.89,10504.46
2000-06-28,10506.39,10712.7,10399.1,10527.79
2000-06-29,10523.9,10582.94,10278.98,10398.04
2000-06-30,10393.09,10628.2,10161.51,10447.89
2000-07-03,10450.36,10610.17,10353.66,10560.67
2000-07-05,10538.23,10674.16,10362.33,10483.6
2000-07-06,10481.45,10644.11,10303.28,10481.47
2000-07-07,10483.33,10742.04,10419.25,10635.98
2000-07-10,10627.14,10792.25,10520.01,10646.58
2000-07-11,10649.06,10807.45,10626.79,10727.19
2000-07-12,10722.24,10930.84,10639.51,10783.76
2000-07-13,10774.92,10963.02,10643.4,10788.71
2000-07-14,10793.31,10935.44,10661.43,10812.75
2000-07-17,10812.4,10969.38,10653.3,10804.27
2000-07-18,10799.16,10895.57,10613.0,10739.92
2000-07-19,10724.15,10907.15,10587.89,10696.08
2000-07-20,10700.68,10980.34,10671.33,10843.87
2000-07-21,10843.51,10949.58,10614.06,10733.56
2000-07-24,10731.44,10895.84,10545.47,10682.12
2000-07-25,10689.28,10867.2,10557.49,10699.97
2000-07-26,10689.36,10790.13,10447.18,10516.48
2000-07-27,10516.83,10745.93,10450.01,10586.13
2000-07-28,10594.97,10732.14,10367.28,10511.17
2000-07-31,10514.29,10727.09,10374.0,10521.98
2000-08-01,10523.81,10728.92,10428.58,10606.95
2000-08-02,10609.15,10818.66,10514.29,10687.53
2000-08-03,10679.37,10844.3,10518.68,10706.58
2000-08-04,10713.36,10873.97,10555.68,10767.75
2000-08-07,10773.98,10973.23,10657.5,10867.01
2000-08-08,10865.15,11083.11,10741.38,10976.89
2000-08-09,10970.94,11097.03,10780.02,10905.83
2000-08-10,10901.06,11069.93,10779.47,10908.76
2000-08-11,10905.98,11131.83,10841.37,11027.8
2000-08-14,11027.07,11232.92,10928.91,11176.14
2000-08-15,11175.05,11227.06,10965.54,11067.0
2000-08-16,11068.83,11171.02,10888.62,11008.39
2000-08-17,11010.95,11180.91,10899.24,11055.64
2000-08-18,11051.2,11180.54,10933.3,11046.48
2000-08-21,11058.85,11193.73,10945.39,11079.81
2000-08-22,11082.2,11274.67,11000.33,11139.15
2000-08-23,11130.55,11253.06,10990.44,11144.65
2000-08-24,11143.91,11253.06,10990.44,11182.74
2000-08-25,11180.54,11301.41,11073.59,11192.63
2000-08-28,11194.48,11410.44,11123.35,11252.84
2000-08-29,11249.27,11356.42,11100.79,11215.1
2000-08-30,11209.01,11282.06,11034.57,11103.01
2000-08-31,11105.23,11415.99,11040.85,11215.1
2000-09-01,11219.54,11406.74,11130.01,11238.78
2000-09-05,11221.76,11382.69,11094.5,11260.61
2000-09-06,11253.58,11518.83,11186.25,11310.64
2000-09-07,11316.01,11444.84,11124.83,11259.87
2000-09-08,11261.72,11381.95,11059.72,11220.65
2000-09-11,11219.54,11367.15,11043.07,11195.49
2000-09-12,11197.71,11351.98,11015.7,11233.23
2000-09-13,11225.03,11350.87,11020.14,11182.18
2000-09-14,11189.58,11285.39,10986.47,11087.47
2000-09-15,11087.84,11203.26,10857.73,10927.06
2000-09-18,10926.42,11053.8,10693.84,10808.52
2000-09-19,10812.22,10960.94,10645.38,10789.29
2000-09-20,10794.47,10906.93,10500.35,10687.92
2000-09-21,10680.52,10902.12,10548.08,10765.52
2000-09-22,10678.3,10936.53,10505.16,10847.37
2000-09-25,10847.37,11039.47,10664.24,10808.15
2000-09-26,10806.3,10915.44,10499.61,10631.32
2000-09-27,10634.45,10821.1,10439.31,10628.36
2000-09-28,10629.84,10948.0,10539.48,10824.06
2000-09-29,10821.4,10923.21,10552.15,10650.92
2000-10-02,10659.06,10876.23,10479.27,10700.13
2000-10-03,10709.84,10976.11,10561.03,10719.74
2000-10-04,10723.33,10972.41,10596.54,10784.48
2000-10-05,10783.72,10940.23,10570.28,10724.92
2000-10-06,10726.76,10871.42,10440.05,10596.54
2000-10-09,10596.91,10762.1,10438.94,10568.43
2000-10-10,10569.17,10744.52,10377.16,10524.4
2000-10-11,10521.07,10647.23,10228.44,10413.79
2000-10-13,10031.62,10325.37,9883.27,10192.18
2000-10-16,10184.78,10428.95,10033.84,10238.8
2000-10-17,10242.87,10402.32,9924.34,10089.71
2000-10-18,10085.99,10171.47,9571.4,9975.02
2000-10-19,10014.61,10317.23,9901.77,10142.98
2000-10-20,10141.13,10406.76,9925.82,10226.59
2000-10-23,10230.29,10496.28,10078.24,10271.72
2000-10-24,10273.57,10583.96,10136.69,10393.07
2000-10-25,10395.66,10563.99,10170.08,10326.48
2000-10-26,10330.18,10563.25,10128.18,10380.12
2000-10-27,10381.6,10696.43,10296.7,10590.62
2000-10-30,10588.06,10944.98,10506.25,10835.77
2000-10-31,10835.39,11108.79,10681.06,10971.14
2000-11-02,10903.17,11071.06,10731.49,10880.51
2000-11-03,10883.17,10996.17,10650.72,10817.95
2000-11-06,10820.6,11092.1,10741.73,10977.21
2000-11-07,10978.72,11105.75,10825.15,10952.18
2000-11-08,10954.34,11152.02,10779.27,10907.06
2000-11-09,10902.11,10989.34,10576.4,10834.25
2000-11-10,10813.78,10886.2,10497.53,10602.95
2000-11-13,10595.35,10701.54,10273.24,10517.25
2000-11-14,10528.25,10809.61,10484.64,10681.06
2000-11-15,10681.21,10863.83,10544.17,10707.6
2000-11-16,10705.33,10757.66,10639.35,10656.03
2000-11-17,10657.13,10824.77,10462.55,10629.87
2000-11-20,10624.18,10707.22,10331.45,10462.65
2000-11-21,10465.57,10676.13,10303.39,10494.5
2000-11-22,10484.26,10589.67,10251.06,10399.32
2000-11-24,10403.87,10596.5,10354.2,10470.23
2000-11-27,10479.33,10758.04,10411.08,10546.07
2000-11-28,10537.86,10730.35,10356.47,10507.58
2000-11-29,10502.74,10746.66,10383.02,10629.11
2000-11-30,10610.53,10690.16,10204.8,10414.49
2000-12-01,10416.76,10645.42,10238.54,10373.54
2000-12-04,10377.33,10695.28,10227.17,10560.1
2000-12-05,10576.78,11044.7,10504.36,10898.72
2000-12-07,10644.66,10791.4,10448.99,10617.36
2000-12-11,10719.36,10931.33,10521.04,10725.8
2000-12-12,10722.77,10968.77,10582.09,10768.27
2000-12-13,10777.95,11002.23,10653.76,10794.44
2000-12-14,10794.82,10864.49,10508.53,10674.99
2000-12-15,10647.98,10706.84,10324.24,10434.96
2000-12-18,10433.34,10783.82,10417.43,10645.42
2000-12-19,10643.14,10865.35,10441.41,10584.37
2000-12-20,10580.97,10604.08,10197.59,10318.93
2000-12-21,10314.38,10651.96,10158.15,10487.29
2000-12-22,10495.26,10772.07,10364.09,10635.56
2000-12-27,10690.1,10944.6,10551.0,10803.16
2000-12-28,10795.2,11009.44,10645.42,10868.76
2000-12-29,10868.76,11031.05,10675.75,10786.85
2001-01-02,10790.92,10916.98,10450.55,10646.15
2001-01-03,10637.42,11212.62,10367.19,10945.75
2001-01-04,10944.94,11224.41,10672.59,10912.41
2001-01-05,10912.81,10990.59,10492.84,10662.01
2001-01-08,10658.73,10818.98,10407.85,10621.35
2001-01-09,10625.21,10801.09,10387.12,10572.55
2001-01-10,10568.48,10728.3,10325.71,10604.27
2001-01-11,10600.2,10808.0,10400.94,10609.55
2001-01-12,10608.74,10743.75,10339.94,10525.38
2001-01-16,10525.78,10751.48,10362.72,10652.66
2001-01-17,10660.95,10817.35,10442.83,10584.34
2001-01-18,10584.57,10834.43,10466.01,10678.28
2001-01-19,10686.0,10792.14,10448.93,10587.59
2001-01-22,10581.9,10749.44,10371.66,10578.24
2001-01-23,10575.8,10773.94,10459.91,10649.81
2001-01-24,10651.85,10795.8,10483.49,10646.97
2001-01-25,10644.53,10882.42,10520.9,10729.52
2001-01-26,10727.08,10874.28,10506.26,10659.98
2001-01-29,10657.13,10832.56,10515.99,10702.19
2001-01-30,10702.19,10950.38,10609.77,10881.2
2001-01-31,10882.25,11072.28,10705.23,10887.36
2001-02-01,10884.82,11063.95,10759.85,10983.63
2001-02-02,10982.71,11093.01,10786.69,10864.1
2001-02-05,10860.44,11061.43,10756.98,10965.85
2001-02-06,10965.03,11117.8,10820.28,10957.42
2001-02-07,10948.95,11140.09,10794.29,10946.72
2001-02-08,10940.62,11080.42,10776.04,10880.55
2001-02-09,10878.51,10979.12,10682.77,10781.45
2001-02-12,10779.42,11024.92,10727.02,10946.77
2001-02-13,10950.18,11114.44,10774.98,10903.32
2001-02-14,10899.42,10989.61,10683.39,10795.41
2001-02-15,10800.65,11023.44,10694.43,10891.02
2001-02-16,10884.11,10946.12,10652.33,10799.82
2001-02-20,10800.23,10988.29,10612.25,10730.88
2001-02-21,10721.29,10828.48,10468.32,10526.58
2001-02-22,10527.8,10694.5,10278.93,10526.81
2001-02-23,10529.25,10595.01,10225.14,10441.9
2001-02-26,10447.59,10701.92,10347.59,10642.53
2001-02-27,10638.44,10787.29,10463.92,10636.88
2001-02-28,10639.32,10750.23,10374.62,10495.28
2001-03-01,10493.25,10602.23,10236.91,10450.14
2001-03-02,10438.04,10645.57,10239.81,10466.31
2001-03-05,10468.93,10659.52,10393.59,10562.3
2001-03-06,10570.17,10759.4,10507.21,10591.22
2001-03-07,10591.86,10822.23,10524.76,10729.6
2001-03-08,10727.16,10940.45,10625.95,10858.25
2001-03-09,10850.11,10874.15,10520.42,10644.62
2001-03-12,10638.52,10619.64,10138.89,10208.25
2001-03-13,10206.89,10397.83,10021.6,10290.8
2001-03-14,10279.42,10232.44,9817.74,9973.46
2001-03-15,9982.92,10190.8,9887.68,10031.28
2001-03-16,10023.55,10119.44,9720.17,9823.41
2001-03-19,9820.05,10059.08,9720.94,9959.11
2001-03-20,9961.14,10130.45,9675.51,9720.76
2001-03-21,9717.46,9807.08,9391.42,9487.0
2001-03-22,9490.66,9565.4,9047.56,9389.48
2001-03-23,9395.58,9631.8,9249.63,9504.78
2001-03-26,9509.25,9820.5,9489.75,9687.53
2001-03-27,9687.93,10012.98,9584.29,9947.54
2001-03-28,9941.2,9939.68,9607.06,9785.35
2001-03-29,9784.94,9950.22,9583.67,9799.06
2001-03-30,9799.47,9998.49,9685.07,9878.78
2001-04-02,9877.16,10043.02,9638.35,9777.93
2001-04-03,9774.78,9779.74,9385.43,9485.71
2001-04-04,9480.95,9693.05,9303.48,9515.42
2001-04-05,9527.21,9969.92,9628.83,9918.05
2001-04-06,9913.94,9951.73,9600.91,9791.09
2001-04-09,9793.58,9999.35,9699.92,9845.15
2001-04-10,9850.35,10226.85,9863.03,10102.74
2001-04-11,10109.05,10247.31,9898.77,10013.47
2001-04-12,10013.08,10178.22,9862.71,10126.94
2001-04-17,10151.73,10286.61,9980.22,10216.73
2001-04-18,10226.88,10806.41,10215.69,10615.83
2001-04-19,10616.09,10768.28,10468.79,10693.71
2001-04-20,10690.33,10755.46,10445.43,10579.85
2001-04-23,10571.0,10669.71,10393.05,10532.23
2001-04-24,10529.75,10694.61,10401.45,10454.34
2001-04-25,10453.43,10675.95,10373.14,10625.2
2001-04-26,10633.01,10820.72,10533.98,10692.35
2001-04-27,10694.95,10894.6,10632.36,10810.05
2001-04-30,10814.41,10973.15,10666.13,10734.97
2001-05-02,10902.77,11024.31,10726.77,10876.68
2001-05-03,10872.32,10911.06,10657.99,10796.65
2001-05-04,10793.2,10989.95,10638.48,10951.24
2001-05-07,10952.35,11059.51,10822.74,10935.17
2001-05-08,10936.66,11001.07,10755.07,10883.51
2001-05-09,10875.96,10964.84,10739.78,10866.98
2001-05-10,10868.87,11049.39,10826.9,10910.44
2001-05-11,10908.3,10969.39,10716.16,10821.31
2001-05-14,10819.55,10930.09,10730.74,10877.33
2001-05-15,10877.46,10979.35,10752.73,10872.97
2001-05-16,10864.74,11258.21,10779.66,11215.92
2001-05-17,11218.65,11413.46,11104.34,11248.58
2001-05-18,11245.78,11374.87,11123.01,11301.74
2001-05-21,11299.14,11436.42,11149.82,11337.92
2001-05-22,11339.8,11411.63,11162.83,11257.24
2001-05-23,11257.76,11308.44,11033.16,11105.51
2001-05-24,11107.07,11248.19,10977.2,11122.42
2001-05-25,11122.03,11166.92,10949.01,11005.37
2001-05-29,11004.66,11162.96,10913.44,11039.14
2001-05-30,11032.96,11089.89,10819.74,10872.64
2001-05-31,10873.23,11023.25,10798.53,10911.94
2001-06-01,10913.57,11063.61,10793.46,10990.41
2001-06-04,10991.77,11125.99,10898.8,11061.52
2001-06-05,11061.39,11234.98,10973.1,11175.84
2001-06-06,11177.73,11236.68,10998.48,11070.24
2001-06-07,11069.58,11169.34,10940.11,11090.74
2001-06-08,11095.62,11088.59,10882.92,10977.0
2001-06-11,10974.79,11038.56,10819.29,10922.09
2001-06-12,10914.67,11009.93,10744.99,10948.38
2001-06-13,10942.0,11065.92,10817.21,10871.62
2001-06-14,10868.27,10874.91,10604.45,10690.13
2001-06-15,10680.81,10792.25,10495.69,10623.64
2001-06-18,10622.5,10781.45,10531.78,10645.38
2001-06-19,10654.3,10793.46,10514.74,10596.67
2001-06-20,10593.79,10770.88,10480.2,10647.33
2001-06-21,10646.39,10848.47,10512.67,10715.43
2001-06-22,10716.5,10753.27,10513.61,10604.59
2001-06-25,10607.88,10711.19,10417.93,10504.22
2001-06-26,10497.3,10600.9,10313.4,10472.48
2001-06-27,10470.35,10608.48,10351.1,10434.84
2001-06-28,10438.73,10736.43,10429.74,10566.21
2001-06-29,10565.27,10729.18,10374.32,10502.4
2001-07-02,10504.95,10707.24,10397.2,10593.72
2001-07-03,10588.89,10648.0,10479.99,10571.11
2001-07-05,10566.23,10617.47,10403.57,10479.86
2001-07-06,10476.73,10483.82,10176.26,10252.68
2001-07-09,10253.62,10389.91,10166.55,10299.4
2001-07-10,10300.82,10406.87,10104.06,10175.64
2001-07-11,10174.7,10355.83,10049.38,10241.02
2001-07-12,10269.31,10542.02,10249.58,10478.99
2001-07-13,10478.39,10615.42,10374.01,10539.06
2001-07-16,10537.98,10649.02,10374.55,10472.12
2001-07-17,10468.62,10683.76,10363.51,10606.39
2001-07-18,10594.54,10676.83,10374.55,10569.83
2001-07-19,10574.33,10758.14,10480.54,10610.0
2001-07-20,10606.19,10668.33,10456.26,10576.65
2001-07-23,10576.92,10644.73,10374.81,10424.42
2001-07-24,10423.8,10469.4,10170.82,10241.12
2001-07-25,10241.75,10466.28,10159.34,10405.67
2001-07-26,10403.46,10498.73,10237.46,10455.63
2001-07-27,10451.89,10516.38,10316.28,10416.67
2001-07-30,10418.68,10513.26,10301.05,10401.72
2001-07-31,10403.18,10639.4,10364.84,10522.81
2001-08-01,10527.38,10659.33,10423.31,10510.01
2001-08-02,10513.47,10663.07,10454.53,10551.18
2001-08-03,10550.01,10592.98,10381.1,10512.78
2001-08-06,10504.13,10549.59,10337.23,10401.31
2001-08-07,10399.03,10520.11,10324.5,10458.74
2001-08-08,10456.18,10509.8,10245.68,10293.5
2001-08-09,10291.15,10361.52,10160.51,10298.56
2001-08-10,10296.89,10473.33,10164.67,10416.25
2001-08-13,10411.9,10504.82,10314.95,10415.91
2001-08-14,10416.95,10513.68,10333.29,10412.17
2001-08-16,10342.1,10460.82,10198.15,10392.52
2001-08-17,10385.46,10418.68,10143.49,10240.78
2001-08-20,10239.33,10388.23,10146.05,10320.07
2001-08-21,10320.07,10436.39,10132.92,10174.14
2001-08-22,10170.3,10340.76,10099.07,10276.9
2001-08-23,10276.41,10357.09,10142.66,10229.15
2001-08-24,10232.48,10487.52,10190.34,10423.17
2001-08-27,10422.76,10498.03,10334.88,10382.35
2001-08-28,10382.56,10405.88,10175.6,10222.03
2001-08-29,10224.45,10292.6,10030.43,10090.9
2001-08-30,10077.07,10149.1,9829.35,9919.58
2001-08-31,9918.96,10072.22,9846.72,9949.75
2001-09-04,9946.98,10238.5,9858.34,9997.49
2001-09-05,9998.12,10140.79,9820.98,10033.27
2001-09-06,10028.35,10053.73,9762.03,9840.84
2001-09-07,9841.25,9824.78,9507.04,9605.85
2001-09-10,9603.36,9740.44,9431.07,9605.51
2001-09-17,9580.32,9294.55,8755.46,8920.7
2001-09-18,8922.7,9126.89,8743.91,8903.4
2001-09-19,8903.54,8990.37,8453.01,8759.13
2001-09-20,8748.61,8711.38,8304.45,8376.21
2001-09-21,8356.56,8484.22,7926.93,8235.81
2001-09-24,8242.32,8733.39,8359.26,8603.86
2001-09-25,8605.59,8778.23,8435.56,8659.97
2001-09-26,8660.06,8766.81,8457.37,8567.39
2001-09-27,8567.46,8757.47,8398.14,8681.42
2001-09-28,8679.07,8937.58,8633.75,8847.56
2001-10-01,8845.97,8931.7,8659.9,8836.83
2001-10-02,8836.69,9001.03,8737.61,8950.59
2001-10-03,8946.02,9193.32,8800.99,9123.78
2001-10-04,9127.24,9259.61,8982.28,9060.88
2001-10-05,9058.83,9208.4,8894.47,9119.77
2001-10-08,9115.75,9187.85,8937.86,9067.94
2001-10-09,9066.56,9168.42,8927.34,9052.44
2001-10-10,9052.3,9305.97,8975.15,9240.86
2001-10-11,9242.63,9522.61,9204.73,9410.45
2001-10-15,9340.84,9417.51,9181.07,9347.62
2001-10-16,9346.31,9479.37,9239.68,9384.23
2001-10-17,9389.76,9539.22,9199.89,9232.97
2001-10-18,9230.75,9310.33,9061.02,9163.22
2001-10-19,9162.81,9278.36,9027.74,9204.11
2001-10-22,9203.91,9438.75,9101.08,9377.03
2001-10-23,9379.17,9499.78,9249.02,9340.08
2001-10-24,9341.4,9456.4,9218.29,9345.62
2001-10-25,9342.29,9491.48,9143.09,9462.9
2001-10-26,9462.28,9626.54,9369.35,9545.17
2001-10-29,9543.37,9521.58,9232.83,9269.5
2001-10-30,9264.52,9265.34,9011.96,9121.98
2001-10-31,9123.64,9281.68,9018.26,9075.14
2001-11-01,9087.45,9320.77,8987.61,9263.9
2001-11-02,9264.52,9406.93,9152.91,9323.54
2001-11-05,9326.59,9534.58,9329.01,9441.03
2001-11-06,9437.09,9627.44,9315.79,9591.12
2001-11-07,9584.68,9695.67,9457.99,9554.37
2001-11-08,9558.39,9765.0,9506.91,9587.52
2001-11-09,9586.96,9692.35,9478.75,9608.0
2001-11-12,9606.13,9642.25,9347.76,9554.37
2001-11-13,9551.43,9811.29,9592.43,9750.95
2001-11-14,9751.13,9943.18,9683.97,9823.61
2001-11-15,9824.65,9967.46,9745.43,9872.39
2001-11-16,9871.51,9967.94,9754.07,9866.99
2001-11-19,9870.45,10040.46,9826.96,9976.46
2001-11-20,9968.64,10023.37,9825.06,9901.38
2001-11-21,9894.19,9932.31,9746.45,9834.68
2001-11-23,9833.09,9983.24,9804.37,9959.71
2001-11-26,9961.58,10054.58,9862.22,9982.75
2001-11-27,9980.33,10021.48,9776.07,9872.6
2001-11-28,9867.06,9889.13,9662.8,9711.86
2001-11-29,9710.34,9873.29,9629.72,9829.42
2001-11-30,9828.8,9945.8,9752.26,9851.56
2001-12-03,9848.93,9861.94,9651.87,9763.96
2001-12-04,9765.55,9937.29,9700.24,9893.84
2001-12-05,9891.35,10195.59,9875.92,10114.29
2001-12-07,10099.14,10160.24,9938.54,10049.46
2001-12-10,10047.04,10123.78,9868.03,9921.45
2001-12-11,9925.6,10063.98,9794.48,9888.37
2001-12-12,9887.27,9919.72,9806.1,9894.81
2001-12-13,9889.13,9927.95,9691.3,9766.45
2001-12-14,9764.72,9888.44,9661.14,9811.15
2001-12-17,9809.42,9996.25,9747.77,9891.97
2001-12-18,9893.22,10066.27,9876.19,9998.39
2001-12-19,9994.59,10142.95,9876.96,10070.49
2001-12-20,10064.13,10076.03,9985.18,9985.18
2001-12-21,9986.84,10148.13,9935.7,10035.34
2001-12-27,10088.71,10187.71,10036.1,10131.31
2001-12-28,10133.94,10220.78,10067.17,10136.99
2002-01-02,10021.71,10125.85,9889.69,10073.4
2002-01-03,10073.88,10227.36,10002.54,10172.14
2002-01-04,10176.84,10341.87,10132.14,10259.74
2002-01-07,10261.33,10345.4,10137.61,10197.05
2002-01-08,10195.76,10270.53,10063.43,10150.55
2002-01-09,10153.18,10311.98,10049.25,10094.09
2002-01-10,10092.5,10174.91,9956.67,10067.86
2002-01-11,10069.52,10163.77,9938.12,9987.53
2002-01-14,9985.38,10038.87,9831.98,9891.42
2002-01-15,9892.73,10038.94,9805.33,9924.15
2002-01-16,9916.54,9923.32,9661.0,9712.27
2002-01-17,9712.21,9910.11,9684.39,9850.04
2002-01-18,9830.94,9873.98,9673.11,9771.85
2002-01-22,9772.34,9905.26,9652.01,9713.8
2002-01-23,9710.96,9853.64,9588.49,9730.96
2002-01-24,9734.21,9926.71,9670.99,9796.07
2002-01-25,9793.23,9949.54,9697.47,9840.08
2002-01-28,9843.05,9959.44,9746.66,9865.75
2002-01-29,9865.54,9952.59,9576.65,9618.24
2002-01-30,9619.14,9821.81,9443.32,9762.86
2002-01-31,9763.2,9963.79,9701.76,9920.0
2002-02-01,9923.04,10022.82,9795.45,9907.26
2002-02-04,9905.46,9940.96,9648.55,9687.09
2002-02-05,9684.74,9842.77,9553.96,9685.43
2002-02-06,9682.04,9801.33,9558.18,9653.39
2002-02-07,9650.97,9799.67,9562.12,9625.44
2002-02-08,9627.65,9795.38,9503.52,9744.24
2002-02-11,9739.81,9933.07,9668.34,9884.78
2002-02-12,9880.35,9943.24,9766.18,9863.74
2002-02-13,9856.99,10056.24,9839.18,9989.67
2002-02-14,9989.67,10092.29,9905.95,10001.99
2002-02-15,10000.83,10065.37,9843.4,9903.04
2002-02-19,9899.24,9923.39,9704.03,9745.14
2002-02-20,9742.37,9990.78,9674.91,9941.17
2002-02-21,9933.56,10072.98,9788.11,9834.68
2002-02-22,9834.89,10032.45,9726.67,9968.15
2002-02-25,9969.75,10204.04,9934.94,10145.71
2002-02-26,10145.86,10241.89,9986.84,10115.26
2002-02-27,10117.65,10315.72,10025.86,10127.58
2002-02-28,10130.28,10283.89,10055.34,10106.13
2002-03-01,10111.04,10397.09,10086.51,10368.86
2002-03-04,10368.1,10656.5,10313.01,10586.82
2002-03-05,10591.38,10639.96,10349.9,10433.41
2002-03-06,10431.96,10637.19,10393.84,10574.29
2002-03-07,10578.1,10663.82,10405.94,10525.37
2002-03-08,10531.67,10728.87,10480.33,10572.49
2002-03-11,10570.07,10679.68,10470.85,10611.24
2002-03-12,10604.32,10682.72,10462.34,10632.35
2002-03-13,10620.17,10648.68,10427.67,10501.85
2002-03-14,10501.29,10615.74,10421.17,10517.14
2002-03-15,10516.45,10663.69,10452.1,10607.23
2002-03-18,10608.54,10707.01,10488.84,10577.75
2002-03-19,10578.38,10722.78,10530.63,10635.25
2002-03-20,10626.85,10634.84,10455.56,10501.57
2002-03-21,10501.99,10577.82,10326.99,10479.84
2002-03-22,10477.7,10537.62,10324.23,10427.67
2002-03-25,10428.43,10497.76,10255.45,10281.67
2002-03-26,10280.51,10475.0,10233.65,10353.36
2002-03-27,10351.28,10490.15,10300.29,10426.91
2002-03-28,10429.68,10537.48,10341.59,10403.94
2002-04-02,10352.46,10394.92,10204.66,10313.71
2002-04-03,10311.81,10377.09,10116.02,10198.29
2002-04-04,10199.54,10301.53,10118.1,10235.17
2002-04-05,10235.8,10403.66,10169.79,10271.64
2002-04-08,10258.91,10300.7,10049.94,10249.08
2002-04-09,10249.84,10362.84,10156.78,10208.67
2002-04-10,10210.4,10437.29,10175.18,10381.73
2002-04-11,10378.89,10425.87,10120.12,10176.08
2002-04-12,10178.57,10312.26,10084.12,10190.82
2002-04-15,10189.57,10261.05,10037.9,10093.67
2002-04-16,10100.38,10379.93,10131.8,10301.32
2002-04-17,10299.66,10379.24,10137.47,10220.78
2002-04-18,10219.47,10334.67,10032.09,10205.28
2002-04-19,10212.69,10338.83,10151.52,10257.11
2002-04-22,10256.0,10299.39,10056.45,10136.43
2002-04-23,10137.2,10243.06,10003.84,10089.24
2002-04-24,10090.07,10209.64,9984.0,10030.43
2002-04-25,10028.7,10103.64,9864.09,10035.06
2002-04-26,10037.42,10127.85,9875.43,9910.72
2002-04-29,9910.52,10012.09,9767.15,9819.87
2002-04-30,9818.9,10063.64,9775.1,9946.22
2002-05-02,10057.62,10182.86,9970.92,10091.87
2002-05-03,10091.73,10130.97,9891.49,10006.63
2002-05-06,10005.8,10081.91,9780.29,9808.04
2002-05-07,9810.53,9985.31,9749.85,9836.55
2002-05-08,9847.96,10203.76,9914.67,10141.83
2002-05-09,10137.96,10185.08,9966.63,10037.42
2002-05-10,10040.25,10115.19,9891.07,9939.92
2002-05-13,10040.25,10148.68,9892.8,10109.66
2002-05-14,10119.34,10346.58,10162.31,10298.14
2002-05-15,10288.56,10382.97,10152.97,10243.68
2002-05-16,10242.11,10374.05,10168.82,10289.21
2002-05-17,10291.05,10400.62,10209.5,10353.08
2002-05-20,10348.93,10357.44,10164.39,10229.5
2002-05-21,10229.08,10322.15,10060.46,10105.71
2002-05-22,10098.58,10200.78,10004.41,10157.88
2002-05-23,10158.3,10268.87,10044.2,10216.08
2002-05-24,10211.92,10255.93,10054.58,10104.26
2002-05-28,10106.54,10144.53,9917.64,9981.58
2002-05-29,9976.94,10056.31,9860.42,9923.04
2002-05-30,9915.01,9995.76,9769.64,9911.69
2002-05-31,9915.15,10074.16,9865.12,9925.25
2002-06-03,9923.94,10016.05,9685.49,9709.79
2002-06-04,9710.34,9798.74,9541.36,9687.84
2002-06-05,9688.53,9860.91,9636.82,9796.8
2002-06-06,9795.7,9820.41,9558.39,9624.64
2002-06-07,9592.38,9668.04,9416.33,9589.67
2002-06-10,9587.38,9744.33,9505.93,9645.4
2002-06-11,9647.62,9794.17,9487.91,9517.26
2002-06-12,9515.12,9682.37,9380.82,9617.71
2002-06-13,9612.87,9671.64,9454.41,9502.8
2002-06-14,9498.92,9538.93,9229.63,9474.21
2002-06-17,9476.5,9741.77,9462.3,9687.42
2002-06-18,9684.52,9775.83,9588.29,9706.12
2002-06-19,9702.0,9760.18,9514.29,9561.57
2002-06-20,9561.64,9628.03,9390.16,9431.77
2002-06-21,9430.66,9456.76,9186.71,9253.79
2002-06-24,9252.47,9417.23,9046.04,9281.82
2002-06-25,9285.56,9457.38,9089.16,9126.82
2002-06-26,9108.22,9207.06,8831.92,9120.11
2002-06-27,9122.12,9342.33,8992.32,9269.92
2002-06-28,9270.33,9243.26,9243.26,9243.26
2002-07-01,9239.25,9381.37,9059.6,9109.79
2002-07-02,9239.25,9185.87,8918.1,9007.75
2002-07-03,9006.37,9135.89,8833.16,9054.97
2002-07-05,9061.54,9399.58,9116.92,9379.5
2002-07-08,9375.7,9433.08,9184.91,9274.9
2002-07-09,9273.38,9357.35,9065.9,9096.09
2002-07-10,9098.16,9188.71,8772.94,8813.5
2002-07-11,8812.12,8854.9,8605.34,8801.53
2002-07-12,8805.33,8903.0,8555.15,8684.53
2002-07-15,8681.28,8720.12,8217.67,8639.19
2002-07-16,8635.31,8697.69,8346.29,8473.11
2002-07-17,8476.21,8765.39,8401.12,8542.48
2002-07-18,8540.47,8683.84,8350.72,8409.49
2002-07-19,8406.1,8356.74,7940.83,8019.26
2002-07-22,8015.04,8173.08,7668.35,7784.58
2002-07-23,7785.55,8007.91,7590.75,7702.34
2002-07-24,7698.46,8243.07,7489.54,8191.29
2002-07-25,8185.89,8390.53,7893.34,8186.31
2002-07-26,8192.61,8350.1,8039.89,8264.39
2002-07-29,8267.99,8749.12,8357.37,8711.88
2002-07-30,8707.03,8806.86,8484.05,8680.03
2002-07-31,8678.65,8793.36,8463.21,8736.59
2002-08-01,8732.58,8758.4,8430.68,8506.62
2002-08-02,8504.96,8508.77,8203.82,8313.13
2002-08-05,8312.92,8312.92,8030.82,8043.63
2002-08-06,8049.93,8472.28,8130.72,8274.09
2002-08-07,8282.25,8520.95,8171.7,8456.15
2002-08-08,8456.29,8755.7,8364.29,8712.02
2002-08-09,8707.24,8824.92,8538.46,8745.45
2002-08-12,8741.92,8735.14,8528.15,8688.89
2002-08-13,8683.15,8801.87,8445.91,8482.39
2002-08-14,8479.14,8778.89,8295.34,8743.31
2002-08-16,8813.07,8899.41,8644.59,8778.06
2002-08-19,8777.09,9037.38,8720.81,8990.79
2002-08-20,8986.5,8989.69,8789.13,8872.07
2002-08-21,8866.14,9033.52,8768.51,8957.23
2002-08-22,8961.18,9129.1,8860.34,9053.64
2002-08-23,9051.49,9040.67,8806.38,8872.96
2002-08-26,8873.93,8981.23,8723.43,8919.01
2002-08-27,8917.49,9040.04,8747.77,8824.41
2002-08-28,8823.93,8832.18,8610.79,8694.09
2002-08-29,8690.69,8769.34,8514.1,8670.99
2002-08-30,8669.26,8811.79,8572.85,8663.5
2002-09-03,8659.27,8577.22,8282.87,8308.05
2002-09-04,8308.53,8495.03,8216.98,8425.12
2002-09-05,8420.2,8415.13,8173.56,8283.7
2002-09-06,8296.46,8526.8,8318.1,8427.2
2002-09-09,8425.88,8584.3,8288.28,8519.38
2002-09-10,8520.14,8660.94,8447.73,8602.61
2002-09-11,8604.27,8767.82,8545.11,8581.17
2002-09-12,8574.94,8553.85,8334.82,8379.41
2002-09-13,8377.68,8414.79,8175.85,8312.69
2002-09-16,8311.79,8435.04,8214.27,8380.18
2002-09-17,8386.35,8508.61,8169.89,8207.55
2002-09-18,8203.07,8283.49,8013.41,8172.45
2002-09-19,8170.65,8155.6,7904.87,7942.39
2002-09-20,7945.93,8081.04,7868.6,7986.02
2002-09-23,7984.77,7971.87,7738.07,7872.15
2002-09-24,7871.23,7893.36,7606.77,7683.13
2002-09-25,7687.16,7939.9,7641.87,7841.82
2002-09-26,7844.62,8086.86,7800.97,7997.12
2002-09-27,7996.01,7991.08,7664.89,7701.45
2002-09-30,7698.81,7729.54,7422.26,7591.93
2002-10-01,7593.04,7964.24,7558.36,7938.79
2002-10-02,7936.57,7996.77,7696.66,7755.61
2002-10-03,7753.46,7943.64,7638.47,7717.19
2002-10-04,7719.34,7817.06,7428.32,7528.4
2002-10-07,7528.68,7685.42,7368.46,7422.84
2002-10-08,7425.82,7680.57,7294.53,7501.49
2002-10-09,7499.96,7495.32,7215.39,7286.27
2002-10-10,7286.34,7588.25,7177.66,7533.95
2002-10-11,7540.74,7919.57,7616.21,7850.29
2002-10-14,7848.21,7948.91,7725.23,7877.4
2002-10-15,7883.23,8304.58,8029.16,8255.68
2002-10-16,8232.1,8232.03,7958.35,8036.03
2002-10-17,8038.31,8396.06,8125.15,8275.04
2002-10-18,8287.72,8383.16,8115.72,8322.4
2002-10-21,8320.74,8580.13,8191.87,8538.24
2002-10-22,8534.08,8543.65,8303.33,8450.16
2002-10-23,8448.56,8546.57,8256.79,8494.27
2002-10-24,8495.38,8607.04,8253.6,8317.34
2002-10-25,8317.48,8474.92,8210.74,8443.99
2002-10-28,8448.98,8601.01,8281.34,8368.04
2002-10-29,8367.28,8456.19,8161.01,8368.94
2002-10-30,8363.95,8502.32,8273.99,8427.41
2002-10-31,8427.34,8538.17,8293.17,8397.03
2002-11-04,8521.6,8787.3,8510.08,8571.6
2002-11-05,8568.76,8730.92,8497.6,8678.27
2002-11-06,8677.17,8841.64,8561.48,8771.01
2002-11-07,8766.08,8761.57,8517.78,8586.24
2002-11-08,8585.75,8688.96,8455.01,8537.13
2002-11-11,8535.81,8541.09,8315.4,8358.95
2002-11-12,8356.73,8557.25,8286.13,8386.0
2002-11-13,8380.32,8523.47,8237.65,8398.49
2002-11-14,8403.69,8596.5,8396.27,8542.13
2002-11-15,8535.64,8622.3,8421.1,8579.09
2002-11-18,8579.74,8671.41,8444.26,8486.57
2002-11-19,8484.93,8566.45,8355.62,8474.78
2002-11-20,8469.57,8675.12,8402.72,8623.01
2002-11-21,8625.48,8910.83,8619.58,8845.15
2002-11-22,8842.41,8940.52,8732.23,8804.84
2002-11-25,8804.97,8918.03,8717.63,8849.4
2002-11-26,8844.12,8845.01,8634.53,8676.42
2002-11-27,8678.96,8975.08,8714.27,8931.68
2002-11-29,8933.67,8995.78,8847.21,8896.09
2002-12-02,8902.95,9076.34,8757.6,8862.57
2002-12-03,8861.13,8882.04,8649.89,8742.93
2002-12-04,8734.22,8834.04,8600.93,8737.85
2002-12-05,8740.66,8796.68,8572.0,8623.28
2002-12-09,8643.99,8643.03,8438.23,8473.41
2002-12-10,8473.61,8624.93,8419.86,8574.26
2002-12-11,8571.52,8669.91,8452.84,8589.14
2002-12-12,8590.99,8662.71,8466.21,8538.4
2002-12-13,8536.07,8563.16,8374.68,8433.71
2002-12-16,8436.59,8649.06,8421.57,8627.4
2002-12-17,8626.99,8672.37,8495.21,8535.39
2002-12-18,8531.31,8553.76,8367.89,8447.35
2002-12-19,8441.94,8530.25,8302.41,8364.8
2002-12-20,8367.41,8557.46,8372.07,8511.32
2002-12-23,8511.39,8573.92,8418.9,8493.29
2002-12-27,8429.28,8470.05,8272.31,8303.78
2002-12-30,8304.06,8405.67,8214.93,8332.85
2003-01-02,8342.38,8633.02,8372.0,8607.52
2003-01-03,8607.38,8669.91,8503.71,8601.69
2003-01-07,8775.84,8843.37,8661.2,8740.59
2003-01-08,8735.93,8749.44,8549.72,8595.31
2003-01-09,8596.68,8814.09,8613.07,8776.18
2003-01-10,8776.04,8846.25,8654.21,8784.89
2003-01-13,8787.83,8896.09,8721.12,8785.98
2003-01-14,8787.22,8865.31,8717.56,8842.62
2003-01-15,8843.64,8865.65,8674.43,8723.18
2003-01-16,8721.12,8837.47,8634.46,8697.87
2003-01-17,8695.82,8691.64,8523.59,8586.74
2003-01-21,8586.26,8650.44,8421.03,8442.9
2003-01-22,8439.54,8493.5,8270.94,8318.73
2003-01-23,8320.72,8437.69,8215.61,8369.47
2003-01-24,8367.89,8359.11,8092.0,8131.01
2003-01-27,8128.54,8167.41,7926.16,7989.56
2003-01-28,7991.07,8153.36,7954.95,8088.84
2003-01-29,8087.95,8173.31,7916.89,8110.71
2003-01-30,8109.14,8169.81,7918.19,7945.13
2003-01-31,7939.72,8121.37,7884.66,8053.81
2003-02-03,8053.74,8189.35,8032.89,8109.82
2003-02-04,8104.61,8078.83,7915.93,8013.29
2003-02-05,8014.45,8162.96,7950.41,7985.18
2003-02-06,7981.95,8031.66,7855.87,7929.3
2003-02-07,7932.45,8019.46,7811.1,7864.23
2003-02-10,7865.74,7963.03,7777.98,7920.11
2003-02-11,7920.93,8010.89,7798.69,7843.11
2003-02-12,7836.36,7892.96,7720.39,7758.17
2003-02-13,7756.55,7817.88,7602.81,7749.87
2003-02-14,7750.9,7936.56,7704.96,7908.8
2003-02-18,7909.3,8114.82,7928.68,8041.15
2003-02-19,8033.8,8079.11,7913.7,8000.6
2003-02-20,8002.7,8051.37,7858.24,7914.96
2003-02-21,7915.52,8055.79,7843.81,8018.11
2003-02-24,8017.34,8009.15,7828.06,7858.24
2003-02-25,7856.42,7931.14,7700.53,7909.5
2003-02-26,7907.39,7944.93,7767.62,7806.98
2003-02-27,7807.96,7950.46,7774.34,7884.99
2003-02-28,7886.11,7987.8,7826.72,7891.08
2003-03-03,7890.24,7997.66,7809.05,7837.86
2003-03-04,7838.14,7859.08,7688.98,7704.87
2003-03-05,7702.35,7801.79,7639.82,7775.6
2003-03-06,7774.76,7795.07,7624.69,7673.99
2003-03-07,7671.75,7780.57,7536.18,7740.03
2003-03-10,7739.4,7715.52,7545.77,7568.18
2003-03-11,7568.53,7673.98,7488.0,7524.06
2003-03-12,7517.76,7582.95,7397.31,7552.07
2003-03-13,7555.29,7847.03,7584.15,7821.75
2003-03-14,7822.17,7961.6,7761.25,7859.71
2003-03-17,7857.96,8163.56,7763.56,8141.92
2003-03-18,8142.69,8253.48,8057.54,8194.23
2003-03-19,8193.04,8304.04,8116.01,8265.45
2003-03-20,8264.68,8335.2,8122.59,8286.6
2003-03-21,8290.38,8552.08,8295.42,8521.97
2003-03-24,8514.82,8372.22,8166.78,8214.68
2003-03-25,8216.85,8355.93,8155.65,8280.23
2003-03-26,8279.88,8323.01,8165.52,8229.88
2003-03-27,8226.39,8272.03,8085.4,8201.45
2003-03-28,8198.85,8224.83,8070.77,8145.77
2003-03-31,8142.83,8100.39,7903.96,7992.13
2003-04-01,7992.83,8133.03,7947.38,8069.86
2003-04-02,8070.98,8342.27,8175.88,8285.06
2003-04-03,8285.76,8378.76,8199.48,8240.38
2003-04-04,8240.59,8348.29,8176.31,8277.15
2003-04-07,8284.15,8550.4,8272.24,8300.41
2003-04-08,8299.12,8382.43,8222.24,8298.92
2003-04-09,8299.28,8404.25,8174.9,8197.94
2003-04-10,8198.99,8274.56,8109.85,8221.33
2003-04-11,8223.22,8360.76,8156.77,8203.41
2003-04-14,8203.97,8375.19,8175.53,8351.1
2003-04-15,8347.66,8443.11,8251.38,8402.36
2003-04-16,8405.72,8459.15,8217.27,8257.61
2003-04-17,8255.79,8388.28,8172.52,8337.65
2003-04-22,8326.38,8509.43,8238.14,8484.99
2003-04-23,8484.92,8587.72,8398.65,8515.66
2003-04-24,8512.44,8527.99,8363.28,8440.04
2003-04-25,8438.98,8453.06,8258.8,8306.35
2003-04-28,8306.84,8515.8,8290.46,8471.61
2003-04-29,8472.88,8578.55,8414.61,8502.99
2003-04-30,8501.38,8557.62,8402.36,8480.09
2003-05-02,8453.48,8612.86,8389.4,8582.68
2003-05-05,8583.17,8643.11,8472.67,8531.57
2003-05-06,8531.28,8658.18,8486.88,8588.36
2003-05-07,8585.42,8650.82,8494.86,8560.63
2003-05-08,8558.67,8591.01,8435.61,8491.22
2003-05-09,8492.69,8637.58,8482.89,8604.6
2003-05-12,8603.9,8764.12,8544.23,8726.73
2003-05-13,8722.88,8757.4,8611.18,8679.25
2003-05-14,8673.29,8744.94,8575.96,8647.82
2003-05-15,8649.22,8766.57,8613.84,8713.14
2003-05-16,8710.36,8766.36,8614.33,8678.97
2003-05-19,8676.52,8647.81,8455.72,8493.39
2003-05-20,8494.09,8593.6,8394.51,8491.36
2003-05-21,8485.62,8577.64,8389.68,8516.43
2003-05-22,8516.99,8650.33,8495.35,8594.02
2003-05-23,8594.02,8668.46,8513.98,8601.38
2003-05-27,8600.54,8812.3,8523.64,8781.35
2003-05-28,8781.84,8885.34,8721.9,8793.12
2003-05-29,8787.23,8895.99,8657.96,8711.18
2003-05-30,8711.46,8897.04,8725.54,8850.26
2003-06-02,8851.45,9040.46,8833.66,8897.81
2003-06-03,8898.23,8973.02,8823.51,8922.95
2003-06-04,8919.94,9076.94,8882.75,9038.98
2003-06-05,9036.67,9106.7,8905.37,9041.3
2003-06-06,9045.57,9248.71,9008.87,9062.79
2003-06-09,9061.18,9109.43,8909.78,8980.0
2003-06-10,8980.79,9111.11,8946.06,9054.89
2003-06-11,9048.85,9202.08,9010.13,9183.22
2003-06-12,9184.29,9270.64,9089.69,9196.55
2003-06-13,9197.88,9234.22,9042.63,9117.12
2003-06-16,9117.56,9335.49,9130.09,9318.96
2003-06-17,9319.66,9406.49,9234.78,9323.02
2003-06-18,9322.67,9363.15,9185.17,9293.8
2003-06-19,9293.8,9346.34,9134.5,9179.53
2003-06-20,9180.93,9306.35,9149.21,9200.75
2003-06-23,9199.49,9215.32,9003.83,9072.95
2003-06-24,9071.48,9179.25,9020.08,9109.85
2003-06-25,9109.57,9195.2,8984.29,9011.53
2003-06-26,9011.06,9118.82,8953.83,9079.04
2003-06-27,9079.74,9135.9,8941.58,8989.05
2003-06-30,8990.74,9100.12,8934.71,8985.44
2003-07-01,8983.66,9068.05,8843.61,9040.95
2003-07-02,9043.54,9168.82,9025.12,9142.84
2003-07-03,9141.16,9164.48,9014.05,9070.21
2003-07-07,9073.92,9289.9,9116.16,9216.79
2003-07-08,9213.48,9281.77,9122.24,9223.09
2003-07-09,9221.9,9270.22,9077.91,9156.21
2003-07-10,9154.53,9141.3,8978.13,9036.04
2003-07-11,9036.39,9176.59,9009.01,9119.59
2003-07-14,9126.45,9316.44,9133.59,9177.15
2003-07-15,9179.18,9258.17,9054.6,9128.97
2003-07-16,9133.7,9185.62,9005.23,9094.59
2003-07-17,9089.34,9160.27,8968.82,9050.82
2003-07-18,9052.29,9212.31,9034.36,9188.15
2003-07-21,9187.8,9219.87,9025.12,9096.69
2003-07-22,9098.65,9221.83,9004.25,9158.45
2003-07-23,9159.08,9249.91,9064.69,9194.24
2003-07-24,9196.56,9313.99,9092.98,9112.51
2003-07-25,9113.85,9296.62,9062.37,9284.57
2003-07-28,9284.92,9356.77,9182.96,9266.51
2003-07-29,9268.19,9327.36,9135.62,9204.46
2003-07-30,9204.39,9272.88,9131.7,9200.05
2003-07-31,9199.35,9398.02,9183.8,9233.8
2003-08-01,9232.68,9266.37,9100.12,9153.97
2003-08-04,9154.18,9231.84,9031.91,9186.04
2003-08-05,9185.27,9210.55,9024.77,9036.32
2003-08-06,9032.96,9151.38,8964.12,9061.74
2003-08-07,9060.48,9171.13,9003.63,9126.45
2003-08-08,9127.36,9233.59,9097.74,9191.09
2003-08-11,9189.62,9275.61,9124.0,9217.35
2003-08-12,9218.12,9329.04,9163.29,9310.06
2003-08-13,9303.69,9350.19,9213.43,9271.76
2003-08-14,9272.25,9356.63,9193.33,9310.56
2003-08-18,9320.66,9466.79,9309.15,9412.45
2003-08-19,9412.17,9490.6,9315.25,9428.9
2003-08-20,9420.13,9454.49,9324.03,9397.51
2003-08-21,9399.96,9517.37,9345.72,9423.68
2003-08-22,9436.04,9535.97,9323.26,9348.87
2003-08-25,9349.44,9381.51,9242.55,9317.64
2003-08-26,9316.03,9372.45,9203.53,9340.45
2003-08-27,9339.82,9387.82,9279.47,9333.79
2003-08-28,9334.35,9415.68,9246.48,9374.21
2003-08-29,9373.33,9444.25,9320.52,9415.82
2003-09-02,9416.67,9563.83,9357.44,9523.27
2003-09-03,9521.86,9632.74,9465.72,9568.46
2003-09-04,9569.09,9661.8,9492.74,9587.9
2003-09-05,9589.52,9602.22,9441.93,9503.34
2003-09-08,9503.41,9638.57,9492.25,9586.29
2003-09-09,9584.92,9617.03,9459.85,9507.2
2003-09-10,9504.88,9545.51,9373.09,9420.46
2003-09-11,9415.05,9540.6,9374.49,9459.76
2003-09-12,9456.88,9517.37,9348.59,9471.55
2003-09-15,9471.19,9541.02,9396.03,9448.81
2003-09-16,9449.16,9587.9,9426.84,9567.34
2003-09-17,9566.08,9641.45,9510.28,9545.65
2003-09-18,9544.04,9691.55,9513.37,9659.13
2003-09-19,9661.8,9719.49,9582.64,9644.82
2003-09-22,9641.8,9617.87,9467.83,9535.41
2003-09-23,9535.76,9623.34,9479.41,9576.04
2003-09-24,9575.97,9612.53,9400.67,9425.51
2003-09-25,9425.58,9493.44,9311.47,9343.96
2003-09-26,9342.43,9407.89,9257.99,9313.08
2003-09-29,9314.42,9395.32,9293.22,9380.24
2003-09-30,9378.1,9393.35,9199.43,9275.06
2003-10-01,9276.8,9492.76,9285.13,9469.2
2003-10-02,9464.76,9539.2,9397.87,9487.8
2003-10-03,9492.54,9701.87,9525.35,9572.31
2003-10-06,9572.39,9656.09,9524.39,9594.98
2003-10-07,9593.28,9672.68,9512.76,9654.61
2003-10-08,9653.33,9699.35,9571.35,9630.9
2003-10-09,9633.35,9798.08,9617.35,9680.01
2003-10-10,9682.9,9743.12,9622.31,9674.68
2003-10-13,9675.72,9819.86,9680.9,9764.38
2003-10-14,9763.27,9833.42,9696.9,9812.98
2003-10-15,9824.09,9901.64,9731.57,9803.05
2003-10-16,9798.68,9838.53,9679.13,9791.72
2003-10-17,9791.86,9833.12,9679.72,9721.79
2003-10-20,9721.5,9816.98,9665.35,9777.94
2003-10-21,9778.31,9824.9,9697.94,9747.64
2003-10-22,9741.98,9711.72,9551.65,9598.24
2003-10-23,9597.2,9661.05,9517.5,9613.13
2003-10-24,9600.98,9631.5,9463.28,9582.46
2003-10-27,9584.54,9696.98,9553.8,9608.16
2003-10-28,9609.72,9769.57,9592.54,9748.31
2003-10-29,9747.05,9830.23,9663.27,9774.53
2003-10-30,9772.01,9882.97,9719.2,9786.61
2003-10-31,9786.75,9880.08,9745.94,9801.12
2003-11-03,9802.46,9936.31,9792.61,9858.46
2003-11-04,9857.49,9905.94,9770.46,9838.83
2003-11-05,9837.64,9883.86,9746.98,9820.83
2003-11-06,9820.68,9888.9,9738.53,9856.97
2003-11-07,9857.12,9945.71,9770.31,9809.79
2003-11-10,9807.49,9861.05,9702.46,9756.53
2003-11-11,9756.53,9801.2,9673.64,9737.79
2003-11-12,9729.5,9882.6,9700.01,9848.83
2003-11-13,9846.97,9895.71,9740.53,9837.94
2003-11-14,9836.46,9919.2,9709.13,9768.68
2003-11-17,9765.64,9775.35,9603.57,9710.83
2003-11-18,9711.44,9792.16,9601.35,9624.16
2003-11-19,9620.68,9731.94,9584.31,9690.46
2003-11-20,9688.46,9756.09,9576.91,9619.42
2003-11-21,9622.02,9692.53,9556.68,9628.53
2003-11-24,9629.87,9788.61,9640.09,9747.79
2003-11-25,9748.68,9821.94,9679.13,9763.94
2003-11-26,9763.49,9838.01,9689.05,9779.57
2003-11-28,9779.72,9832.16,9733.2,9782.46
2003-12-01,9785.35,9943.34,9777.64,9899.05
2003-12-02,9899.64,9936.97,9798.83,9853.64
2003-12-03,9851.94,9974.45,9824.31,9873.42
2003-12-04,9874.83,9978.08,9814.98,9930.82
2003-12-05,9923.27,9954.16,9819.05,9862.68
2003-12-09,9966.45,10048.75,9887.57,9923.42
2003-12-10,9922.38,10000.53,9848.97,9921.86
2003-12-11,9922.45,10056.97,9896.16,10008.16
2003-12-12,10008.75,10091.71,9946.6,10042.16
2003-12-15,10046.53,10180.97,9994.38,10022.82
2003-12-16,10023.34,10173.19,9986.23,10129.56
2003-12-17,10128.75,10186.67,10040.08,10145.26
2003-12-18,10141.41,10278.82,10117.78,10248.08
2003-12-19,10249.48,10345.56,10189.63,10278.22
2003-12-22,10276.48,10371.11,10216.08,10338.0
2003-12-23,10337.56,10421.48,10265.71,10341.26
2003-12-29,10321.35,10457.78,10319.71,10450.0
2003-12-30,10449.7,10493.11,10374.52,10425.04
2004-01-02,10452.74,10554.96,10367.41,10409.85
2004-01-05,10411.85,10575.92,10417.04,10544.07
2004-01-07,10535.46,10587.55,10432.0,10529.03
2004-01-08,10530.07,10651.99,10480.59,10592.44
2004-01-09,10589.25,10603.48,10420.52,10458.89
2004-01-12,10461.55,10543.03,10389.85,10485.18
2004-01-13,10485.18,10539.26,10341.19,10427.18
2004-01-14,10428.67,10573.85,10426.89,10538.37
2004-01-15,10534.52,10639.03,10454.52,10553.85
2004-01-16,10556.37,10666.88,10503.7,10600.51
2004-01-20,10601.4,10676.96,10447.92,10528.66
2004-01-21,10522.77,10665.7,10453.11,10623.62
2004-01-22,10624.22,10717.4,10545.03,10623.18
2004-01-23,10625.25,10691.77,10490.15,10568.29
2004-01-26,10568.0,10725.18,10510.44,10702.51
2004-01-27,10701.1,10748.81,10579.33,10609.92
2004-01-28,10610.07,10703.25,10412.44,10468.37
2004-01-29,10467.41,10611.56,10369.93,10510.29
2004-01-30,10510.22,10551.03,10385.56,10488.07
2004-02-02,10487.78,10614.44,10395.56,10499.18
2004-02-03,10499.48,10571.48,10414.15,10505.18
2004-02-04,10503.11,10567.85,10394.81,10470.74
2004-02-05,10469.33,10566.37,10399.93,10495.55
2004-02-06,10494.89,10634.81,10433.7,10593.03
2004-02-09,10592.0,10664.06,10508.0,10579.03
2004-02-10,10578.74,10667.03,10511.18,10613.85
2004-02-11,10605.48,10779.4,10561.55,10737.7
2004-02-12,10735.18,10775.03,10636.44,10694.07
2004-02-13,10696.22,10755.47,10578.66,10627.85
2004-02-17,10628.88,10762.07,10631.77,10714.88
2004-02-18,10706.68,10764.36,10623.62,10671.99
2004-02-19,10674.59,10794.95,10626.44,10664.73
2004-02-20,10666.29,10722.77,10559.11,10619.03
2004-02-23,10619.55,10711.84,10508.89,10609.62
2004-02-24,10609.55,10681.4,10479.33,10566.37
2004-02-25,10566.59,10660.73,10509.4,10601.62
2004-02-26,10598.14,10652.96,10493.7,10580.14
2004-02-27,10581.55,10689.55,10519.03,10583.92
2004-03-01,10582.25,10720.14,10568.74,10678.14
2004-03-02,10678.36,10713.92,10539.4,10591.48
2004-03-03,10588.59,10651.03,10506.66,10593.11
2004-03-04,10593.48,10645.33,10522.59,10588.0
2004-03-05,10582.59,10681.4,10497.11,10595.55
2004-03-08,10595.37,10677.85,10505.85,10529.48
2004-03-09,10529.52,10569.03,10391.48,10456.96
2004-03-10,10457.59,10523.11,10259.34,10296.89
2004-03-11,10288.85,10356.22,10102.75,10128.38
2004-03-12,10130.67,10281.63,10097.04,10240.08
2004-03-15,10238.45,10252.68,10066.08,10102.89
2004-03-16,10103.41,10253.26,10085.34,10184.67
2004-03-17,10184.3,10356.59,10190.97,10300.3
2004-03-18,10298.96,10355.04,10187.78,10295.78
2004-03-19,10295.85,10355.41,10163.71,10186.6
2004-03-22,10185.93,10174.15,9985.19,10064.75
2004-03-23,10066.67,10177.04,10020.75,10063.64
2004-03-24,10065.41,10140.23,9975.86,10048.23
2004-03-25,10049.56,10246.15,10057.19,10218.82
2004-03-26,10218.37,10306.22,10145.63,10212.97
2004-03-29,10212.91,10389.93,10236.74,10329.63
2004-03-30,10327.63,10411.41,10264.15,10381.7
2004-03-31,10380.89,10428.59,10287.11,10357.7
2004-04-01,10357.52,10449.33,10299.48,10373.33
2004-04-02,10375.33,10548.74,10372.67,10470.59
2004-04-05,10470.59,10582.22,10423.33,10558.37
2004-04-06,10553.76,10596.37,10467.26,10570.81
2004-04-07,10569.26,10580.51,10422.74,10480.15
2004-04-08,10482.77,10590.15,10383.84,10442.03
2004-04-13,10516.05,10572.13,10343.17,10381.28
2004-04-14,10378.1,10453.39,10259.35,10377.95
2004-04-15,10377.95,10481.21,10279.37,10397.46
2004-04-16,10398.32,10500.57,10343.74,10451.97
2004-04-19,10451.62,10501.79,10351.97,10437.85
2004-04-20,10437.85,10530.61,10297.39,10314.5
2004-04-21,10311.87,10398.53,10200.38,10317.27
2004-04-22,10314.99,10529.12,10255.88,10461.2
2004-04-23,10463.11,10543.95,10362.97,10472.84
2004-04-26,10472.91,10540.26,10396.75,10444.73
2004-04-27,10445.38,10570.92,10410.52,10478.16
2004-04-28,10476.67,10479.58,10301.65,10342.6
2004-04-29,10339.41,10443.81,10199.31,10272.27
2004-04-30,10273.06,10374.61,10198.39,10225.57
2004-05-03,10227.27,10365.74,10199.67,10314.0
2004-05-04,10314.32,10403.14,10232.31,10317.2
2004-05-05,10316.98,10382.98,10249.63,10310.95
2004-05-06,10308.2,10332.1,10147.21,10241.26
2004-05-07,10240.62,10302.93,10086.94,10117.34
2004-05-10,10116.28,10115.06,9881.86,9990.02
2004-05-11,9989.24,10092.78,9928.91,10019.47
2004-05-12,10011.52,10089.87,9822.1,10045.16
2004-05-13,10044.31,10100.24,9924.94,10010.74
2004-05-14,10008.43,10096.69,9912.45,10012.87
2004-05-17,10009.92,9996.62,9827.21,9906.91
2004-05-18,9906.71,10028.27,9895.77,9968.51
2004-05-19,9962.55,10124.79,9919.9,9937.71
2004-05-20,9939.12,10014.5,9867.73,9937.64
2004-05-21,9939.34,10058.5,9910.81,9966.74
2004-05-24,9968.02,10084.91,9891.22,9958.43
2004-05-25,9958.08,10139.27,9895.41,10117.62
2004-05-26,10116.84,10175.75,10034.16,10109.89
2004-05-27,10109.89,10267.66,10106.13,10205.2
2004-05-28,10205.83,10250.27,10137.14,10188.45
2004-06-01,10187.18,10254.17,10104.07,10202.65
2004-06-02,10199.78,10310.1,10170.57,10262.97
2004-06-03,10261.85,10309.46,10163.4,10195.91
2004-06-04,10196.83,10327.84,10196.97,10242.82
2004-06-07,10243.31,10410.81,10268.65,10391.08
2004-06-08,10389.41,10462.97,10323.94,10432.52
2004-06-09,10431.1,10466.59,10325.07,10368.44
2004-06-10,10367.8,10448.0,10333.94,10410.1
2004-06-14,10401.23,10403.5,10283.48,10334.73
2004-06-15,10336.51,10464.04,10319.89,10380.43
2004-06-16,10380.23,10433.52,10320.6,10379.58
2004-06-17,10378.59,10417.69,10308.25,10377.52
2004-06-18,10375.82,10471.84,10328.2,10416.41
2004-06-21,10417.82,10471.76,10336.44,10371.47
2004-06-22,10370.21,10431.05,10284.24,10395.07
2004-06-23,10395.14,10498.67,10323.32,10479.57
2004-06-24,10477.43,10530.01,10398.16,10443.81
2004-06-25,10444.24,10514.67,10329.88,10371.84
2004-06-28,10377.52,10505.16,10317.64,10357.09
2004-06-29,10356.35,10460.25,10315.65,10413.43
2004-06-30,10413.43,10489.16,10348.98,10435.48
2004-07-01,10434.0,10473.23,10255.55,10334.16
2004-07-02,10334.0,10371.4,10228.71,10282.83
2004-07-06,10280.26,10308.43,10163.6,10219.34
2004-07-07,10211.92,10300.53,10156.45,10240.29
2004-07-08,10238.52,10297.73,10134.99,10171.56
2004-07-09,10173.12,10277.16,10150.32,10213.22
2004-07-12,10211.75,10284.39,10130.42,10238.22
2004-07-13,10238.37,10297.58,10188.45,10247.59
2004-07-14,10232.84,10313.95,10129.31,10208.8
2004-07-15,10208.2,10275.27,10115.81,10163.16
2004-07-16,10162.34,10289.4,10093.32,10139.78
2004-07-19,10140.95,10211.6,10027.33,10094.06
2004-07-20,10094.43,10186.9,10031.24,10149.07
2004-07-21,10156.3,10279.96,10027.92,10046.13
2004-07-22,10047.6,10114.41,9906.62,10050.33
2004-07-23,10045.46,10069.51,9893.93,9962.22
2004-07-26,9964.71,10054.32,9874.38,9961.92
2004-07-27,9963.54,10133.95,9942.75,10085.14
2004-07-28,10084.03,10170.31,9966.34,10117.07
2004-07-29,10115.52,10213.08,10049.74,10129.24
2004-07-30,10129.12,10194.13,10045.76,10139.71
2004-08-02,10138.45,10224.29,10063.75,10179.16
2004-08-03,10178.27,10228.49,10064.57,10120.24
2004-08-04,10117.96,10186.24,10029.02,10126.51
2004-08-05,10127.1,10158.44,9945.84,9963.03
2004-08-06,9960.67,9963.47,9767.54,9815.33
2004-08-09,9816.14,9902.49,9773.74,9814.66
2004-08-10,9815.55,9961.7,9798.44,9944.67
2004-08-11,9931.24,9981.61,9804.63,9938.32
2004-08-12,9936.48,9940.02,9780.52,9814.59
2004-08-13,9814.11,9897.34,9746.6,9825.35
2004-08-17,9955.5,10053.21,9916.05,9972.83
2004-08-18,9964.22,10097.01,9910.82,10083.15
2004-08-19,10082.78,10111.91,9972.39,10040.82
2004-08-20,10040.81,10143.76,9989.65,10110.14
2004-08-23,10111.1,10159.54,10046.72,10073.05
2004-08-24,10074.89,10165.07,10044.66,10098.63
2004-08-25,10098.49,10224.29,10041.93,10181.74
2004-08-26,10181.07,10225.61,10124.88,10173.41
2004-08-27,10174.07,10235.49,10143.91,10195.01
2004-08-30,10193.83,10226.87,10110.43,10122.52
2004-08-31,10121.97,10198.03,10056.09,10173.92
2004-09-01,10170.12,10230.48,10092.37,10168.46
2004-09-02,10168.39,10312.99,10129.01,10290.28
2004-09-03,10277.82,10346.99,10229.52,10260.2
2004-09-07,10261.52,10388.95,10255.62,10342.79
2004-09-08,10342.42,10390.64,10267.94,10313.36
2004-09-09,10314.69,10370.95,10239.03,10289.1
2004-09-10,10289.47,10348.68,10196.19,10313.07
2004-09-13,10306.65,10380.47,10250.61,10314.76
2004-09-14,10315.13,10374.79,10260.93,10318.16
2004-09-15,10316.9,10324.87,10195.6,10231.36
2004-09-16,10231.59,10315.72,10194.35,10244.49
2004-09-17,10245.82,10352.37,10219.71,10284.46
2004-09-20,10283.87,10293.23,10152.9,10204.89
2004-09-21,10204.52,10291.39,10159.54,10244.93
2004-09-22,10244.05,10215.44,10075.33,10109.18
2004-09-23,10108.29,10134.84,9999.67,10038.9
2004-09-24,10039.42,10111.39,9993.85,10047.24
2004-09-27,10046.65,10077.32,9952.78,9988.54
2004-09-28,9989.73,10132.04,9950.71,10077.4
2004-09-29,10078.06,10160.5,10002.57,10136.24
2004-09-30,10136.38,10155.49,9987.36,10080.27
2004-10-01,10082.04,10237.05,10081.38,10192.65
2004-10-04,10191.4,10313.81,10153.79,10216.54
2004-10-05,10216.76,10253.93,10123.19,10177.68
2004-10-06,10170.7,10267.14,10112.2,10239.92
2004-10-07,10239.84,10267.57,10086.83,10125.4
2004-10-08,10124.11,10177.53,10013.91,10055.2
2004-10-11,10056.09,10142.74,10017.67,10081.97
2004-10-13,10085.21,10157.11,9935.08,10002.33
2004-10-14,10002.54,10048.48,9837.22,9894.45
2004-10-15,9895.63,10022.31,9845.56,9933.38
2004-10-18,9932.98,10002.18,9816.73,9956.32
2004-10-19,9958.38,10064.2,9854.19,9897.62
2004-10-20,9895.19,9957.05,9766.95,9886.93
2004-10-21,9884.65,9969.07,9769.16,9865.76
2004-10-22,9863.85,9920.99,9732.81,9757.81
2004-10-25,9757.22,9827.2,9660.18,9749.99
2004-10-26,9750.59,9914.65,9718.94,9888.48
2004-10-27,9888.25,10051.96,9807.8,10002.03
2004-10-28,9998.94,10074.89,9900.42,10004.54
2004-10-29,10004.69,10044.14,9990.83,10027.47
2004-11-02,10053.87,10180.85,9976.29,10035.73
2004-11-03,10037.5,10253.27,10062.8,10137.05
2004-11-04,10132.48,10352.81,10076.36,10314.76
2004-11-05,10317.05,10458.1,10279.96,10387.54
2004-11-08,10385.15,10452.58,10313.51,10391.31
2004-11-09,10387.62,10466.81,10327.0,10386.37
2004-11-10,10378.59,10470.21,10330.54,10385.48
2004-11-11,10386.95,10513.42,10364.1,10469.84
2004-11-12,10469.21,10565.48,10419.77,10539.01
2004-11-15,10541.89,10612.31,10463.34,10550.24
2004-11-16,10549.79,10570.56,10445.31,10487.65
2004-11-17,10481.83,10655.09,10470.21,10549.57
2004-11-18,10549.2,10639.43,10499.62,10572.55
2004-11-19,10571.63,10588.29,10419.89,10456.91
2004-11-22,10455.73,10535.46,10380.95,10489.42
2004-11-23,10486.69,10547.28,10407.18,10492.6
2004-11-24,10493.86,10565.76,10451.66,10520.31
2004-11-26,10518.69,10574.7,10479.52,10522.23
2004-11-29,10520.64,10590.73,10390.92,10475.9
2004-11-30,10475.27,10530.8,10380.58,10428.02
2004-12-01,10425.8,10618.59,10421.66,10590.22
2004-12-02,10590.44,10670.02,10485.21,10585.12
2004-12-03,10597.9,10670.47,10515.73,10592.21
2004-12-07,10546.8,10612.9,10423.21,10440.58
2004-12-09,10492.45,10579.94,10389.81,10552.82
2004-12-10,10552.16,10616.23,10469.62,10543.22
2004-12-13,10543.44,10678.52,10520.61,10638.32
2004-12-14,10640.53,10715.76,10571.67,10676.45
2004-12-15,10675.71,10749.53,10601.74,10691.45
2004-12-16,10691.71,10776.43,10612.31,10705.64
2004-12-17,10704.83,10766.01,10562.76,10649.92
2004-12-20,10652.14,10769.13,10622.2,10661.6
2004-12-21,10661.89,10789.66,10646.6,10759.43
2004-12-22,10752.34,10861.33,10709.78,10815.89
2004-12-23,10815.0,10895.1,10780.12,10827.12
2004-12-27,10828.01,10892.52,10755.67,10776.13
2004-12-28,10776.06,10890.82,10774.51,10854.54
2004-12-29,10853.72,10872.71,10771.26,10829.19
2004-12-30,10829.12,10880.03,10781.67,10800.3
2005-01-03,10783.75,10892.67,10694.18,10729.43
2005-01-04,10727.81,10803.62,10587.48,10630.78
2005-01-05,10629.53,10736.16,10561.03,10597.83
2005-01-07,10624.8,10697.81,10545.8,10603.96
2005-01-10,10603.44,10696.85,10544.99,10621.03
2005-01-11,10619.77,10632.63,10504.72,10556.22
2005-01-12,10561.32,10648.52,10481.37,10617.78
2005-01-13,10617.41,10650.96,10463.26,10505.83
2005-01-14,10506.71,10606.47,10475.01,10558.0
2005-01-18,10554.23,10665.44,10456.61,10628.79
2005-01-19,10626.05,10668.4,10519.2,10539.97
2005-01-20,10538.9,10582.09,10414.72,10471.47
2005-01-21,10471.98,10541.3,10370.97,10392.99
2005-01-24,10393.58,10491.71,10317.1,10368.61
2005-01-25,10369.42,10534.72,10387.23,10461.56
2005-01-26,10463.19,10571.66,10433.56,10498.59
2005-01-27,10498.14,10535.16,10379.47,10467.4
2005-01-28,10470.58,10520.61,10331.58,10427.2
2005-01-31,10428.76,10559.77,10414.49,10489.94
2005-02-01,10489.72,10609.73,10464.38,10551.94
2005-02-02,10551.05,10638.25,10501.02,10596.79
2005-02-03,10592.21,10640.69,10511.96,10593.1
2005-02-04,10593.17,10750.94,10553.93,10716.13
2005-02-07,10715.76,10774.8,10650.59,10715.76
2005-02-08,10712.51,10783.97,10647.85,10724.63
2005-02-09,10717.76,10781.38,10621.84,10664.11
2005-02-10,10665.0,10803.92,10633.67,10749.61
2005-02-11,10742.92,10865.69,10680.15,10796.01
2005-02-14,10795.72,10853.8,10722.63,10791.13
2005-02-15,10791.06,10886.31,10745.1,10837.32
2005-02-16,10832.03,10889.78,10746.21,10834.88
2005-02-17,10835.03,10873.6,10729.95,10754.26
2005-02-18,10755.15,10854.98,10682.29,10785.22
2005-02-22,10783.38,10806.36,10596.79,10611.2
2005-02-23,10609.28,10735.42,10583.64,10673.79
2005-02-24,10672.24,10779.39,10612.24,10748.79
2005-02-25,10748.42,10871.53,10698.32,10841.6
2005-02-28,10842.05,10877.07,10709.41,10766.23
2005-03-01,10769.04,10896.51,10742.51,10830.0
2005-03-02,10825.68,10896.66,10736.16,10811.97
2005-03-03,10812.27,10904.34,10744.14,10833.03
2005-03-04,10834.51,10996.93,10833.7,10940.55
2005-03-07,10940.55,11027.15,10886.09,10936.86
2005-03-08,10935.6,10996.56,10863.4,10912.62
2005-03-09,10912.32,10949.2,10768.66,10805.62
2005-03-10,10806.28,10907.45,10757.36,10851.51
2005-03-11,10845.3,10897.68,10728.62,10774.36
2005-03-14,10773.92,10859.12,10709.26,10804.51
2005-03-15,10804.29,10884.76,10716.87,10745.1
2005-03-16,10741.63,10764.16,10569.3,10633.07
2005-03-17,10633.3,10707.86,10561.1,10626.35
2005-03-18,10627.83,10709.85,10520.6,10629.67
2005-03-21,10629.9,10662.93,10503.46,10565.39
2005-03-22,10565.39,10651.41,10446.78,10470.51
2005-03-23,10470.58,10558.51,10384.34,10456.02
2005-03-24,10457.06,10554.6,10415.16,10442.87
2005-03-29,10486.1,10565.46,10351.76,10405.7
2005-03-30,10405.77,10564.8,10395.21,10540.93
2005-03-31,10541.59,10586.15,10448.19,10503.76
2005-04-01,10504.57,10600.56,10349.02,10404.3
2005-04-04,10401.71,10496.44,10307.64,10421.14
2005-04-05,10421.14,10530.14,10372.59,10458.46
2005-04-06,10453.45,10557.18,10434.22,10486.02
2005-04-07,10485.88,10589.99,10434.3,10546.32
2005-04-08,10546.32,10584.6,10445.31,10461.34
2005-04-11,10462.08,10530.58,10393.36,10448.56
2005-04-12,10448.63,10552.6,10331.21,10507.97
2005-04-13,10507.45,10567.38,10355.16,10403.93
2005-04-14,10403.71,10457.06,10248.23,10278.75
2005-04-15,10276.61,10311.26,10059.36,10087.51
2005-04-18,10088.54,10183.5,9961.52,10071.25
2005-04-19,10071.55,10220.21,10021.08,10127.41
2005-04-20,10131.18,10232.34,9978.74,10012.36
2005-04-21,10010.51,10250.3,10032.16,10218.6
2005-04-22,10216.68,10266.48,10055.29,10157.71
2005-04-25,10158.52,10305.87,10148.25,10242.47
2005-04-26,10240.99,10298.85,10108.79,10151.13
2005-04-27,10150.32,10250.23,10048.27,10198.8
2005-04-28,10194.58,10229.09,10036.74,10070.37
2005-04-29,10073.47,10231.31,10021.23,10192.51
2005-05-02,10192.0,10309.86,10149.06,10251.7
2005-05-03,10251.04,10327.37,10169.39,10256.95
2005-05-04,10255.25,10412.2,10239.95,10384.64
2005-05-05,10384.49,10447.08,10276.75,10340.38
2005-05-06,10339.71,10454.4,10300.7,10345.4
2005-05-09,10345.4,10416.56,10288.95,10384.34
2005-05-10,10382.94,10389.96,10230.35,10281.11
2005-05-11,10272.91,10355.31,10172.86,10300.25
2005-05-12,10299.74,10357.37,10155.86,10189.48
2005-05-13,10188.23,10268.85,10062.76,10140.12
2005-05-16,10139.61,10274.39,10118.32,10252.29
2005-05-17,10247.49,10357.3,10175.81,10331.88
2005-05-18,10323.19,10518.17,10329.37,10464.45
2005-05-19,10464.45,10538.71,10394.39,10493.19
2005-05-20,10492.75,10535.24,10400.6,10471.91
2005-05-23,10472.8,10589.92,10438.36,10523.56
2005-05-24,10522.68,10550.24,10433.78,10503.68
2005-05-25,10503.17,10516.17,10396.46,10457.8
2005-05-26,10458.68,10581.87,10450.55,10537.6
2005-05-27,10537.08,10579.94,10489.35,10542.55
2005-05-31,10541.89,10574.92,10437.77,10467.48
2005-06-01,10462.86,10616.15,10433.48,10549.87
2005-06-02,10548.83,10590.07,10478.26,10553.49
2005-06-03,10552.82,10572.18,10427.35,10460.97
2005-06-06,10461.64,10519.79,10410.28,10467.03
2005-06-07,10466.0,10603.15,10454.18,10483.07
2005-06-08,10484.84,10575.81,10439.77,10476.86
2005-06-09,10477.75,10556.9,10410.8,10503.02
2005-06-10,10503.02,10581.13,10410.5,10512.63
2005-06-13,10503.57,10611.1,10437.32,10522.56
2005-06-14,10521.95,10617.01,10473.92,10547.57
2005-06-15,10548.65,10628.67,10471.69,10566.37
2005-06-16,10566.76,10632.2,10501.92,10578.65
2005-06-17,10580.41,10710.38,10561.0,10623.07
2005-06-20,10621.54,10656.66,10539.21,10609.11
2005-06-21,10608.88,10670.56,10545.89,10599.67
2005-06-22,10599.36,10676.24,10543.28,10587.93
2005-06-23,10587.09,10617.39,10401.49,10421.44
2005-06-24,10422.28,10452.82,10266.3,10297.84
2005-06-27,10298.07,10377.55,10229.4,10290.78
2005-06-28,10291.01,10434.18,10285.86,10405.63
2005-06-29,10405.94,10472.46,10332.52,10374.48
2005-06-30,10374.18,10458.19,10253.49,10274.97
2005-07-01,10273.59,10380.78,10239.91,10303.44
2005-07-05,10303.13,10411.24,10252.03,10371.8
2005-07-06,10366.52,10413.23,10242.21,10270.68
2005-07-07,10269.76,10337.84,10142.24,10302.29
2005-07-08,10302.9,10486.5,10279.65,10449.14
2005-07-11,10449.6,10570.67,10425.97,10519.72
2005-07-12,10519.49,10583.02,10444.46,10513.89
2005-07-13,10513.36,10596.98,10481.36,10557.39
2005-07-14,10559.86,10696.96,10560.82,10628.89
2005-07-15,10629.44,10698.07,10559.46,10640.83
2005-07-18,10640.19,10681.99,10533.59,10574.99
2005-07-19,10576.9,10718.69,10573.0,10646.56
2005-07-20,10629.52,10726.81,10535.1,10689.15
2005-07-21,10690.03,10735.33,10567.98,10627.77
2005-07-22,10624.19,10702.21,10552.54,10651.18
2005-07-25,10651.66,10709.69,10565.12,10596.48
2005-07-26,10597.6,10667.9,10535.58,10579.77
2005-07-27,10579.45,10689.31,10530.5,10637.09
2005-07-28,10633.5,10745.68,10603.49,10705.55
2005-07-29,10705.16,10754.6,10608.27,10640.91
2005-08-01,10641.78,10713.51,10578.97,10623.15
2005-08-02,10623.79,10729.6,10600.62,10683.74
2005-08-03,10681.51,10735.17,10600.02,10697.59
2005-08-04,10696.8,10709.77,10568.7,10610.1
2005-08-05,10610.34,10643.46,10512.49,10558.03
2005-08-08,10557.24,10635.65,10497.45,10536.93
2005-08-09,10537.65,10662.8,10537.01,10615.67
2005-08-10,10606.52,10746.87,10553.81,10594.41
2005-08-11,10591.83,10721.56,10549.43,10685.89
2005-08-12,10682.7,10688.68,10549.19,10600.31
2005-08-15,10599.19,10687.72,10532.48,10634.38
2005-08-16,10631.59,10650.14,10489.24,10513.45
2005-08-17,10505.6,10625.86,10472.45,10550.71
2005-08-18,10549.75,10623.95,10466.32,10554.93
2005-08-19,10552.7,10656.59,10503.9,10559.23
2005-08-22,10559.78,10669.81,10509.07,10569.89
2005-08-23,10571.01,10604.29,10475.63,10519.58
2005-08-24,10519.34,10584.3,10407.56,10434.87
2005-08-25,10434.39,10506.6,10391.71,10450.63
2005-08-26,10450.95,10480.01,10355.02,10397.29
2005-08-29,10396.9,10508.35,10321.42,10463.05
2005-08-30,10461.54,10476.83,10329.15,10412.82
2005-08-31,10409.08,10508.83,10326.68,10481.6
2005-09-01,10481.44,10557.47,10382.09,10459.63
2005-09-02,10460.67,10536.14,10400.88,10447.37
2005-09-06,10447.69,10621.96,10467.51,10589.24
2005-09-07,10588.68,10667.1,10534.23,10633.5
2005-09-08,10633.11,10670.6,10530.01,10595.93
2005-09-09,10594.1,10727.53,10573.47,10678.56
2005-09-12,10678.41,10743.77,10618.13,10682.94
2005-09-13,10673.71,10701.57,10561.61,10597.44
2005-09-14,10597.52,10673.71,10510.26,10544.9
2005-09-15,10545.85,10627.85,10488.05,10558.75
2005-09-16,10560.5,10696.24,10539.64,10641.94
2005-09-19,10641.87,10656.75,10497.29,10557.63
2005-09-20,10558.19,10642.26,10453.98,10481.52
2005-09-21,10484.23,10512.02,10335.28,10378.03
2005-09-22,10376.2,10489.64,10303.51,10422.05
2005-09-23,10421.81,10494.42,10328.59,10419.59
2005-09-26,10420.22,10544.98,10381.53,10443.63
2005-09-27,10444.58,10534.31,10376.83,10456.21
2005-09-28,10456.61,10560.02,10390.05,10473.09
2005-09-29,10472.61,10583.43,10389.01,10552.78
2005-09-30,10552.7,10625.22,10471.49,10568.7
2005-10-03,10569.5,10637.0,10486.17,10535.48
2005-10-04,10534.36,10618.41,10409.89,10441.11
2005-10-05,10434.81,10477.21,10299.27,10317.36
2005-10-06,10317.36,10425.98,10200.81,10287.1
2005-10-07,10287.42,10387.48,10221.47,10292.31
2005-10-10,10292.95,10378.19,10184.09,10238.76
2005-10-11,10239.16,10361.15,10195.13,10253.17
2005-10-12,10253.81,10343.94,10145.03,10216.91
2005-10-13,10216.91,10309.2,10098.18,10216.59
2005-10-14,10216.59,10327.21,10165.12,10287.34
2005-10-17,10287.42,10419.58,10213.06,10348.1
2005-10-18,10349.14,10412.85,10233.47,10285.26
2005-10-19,10277.18,10444.15,10173.52,10414.13
2005-10-20,10411.73,10483.21,10230.27,10281.1
2005-10-21,10282.22,10354.02,10161.6,10215.22
2005-10-24,10216.11,10411.57,10219.15,10385.0
2005-10-25,10383.88,10457.52,10282.78,10377.87
2005-10-26,10377.39,10474.18,10283.1,10344.98
2005-10-27,10344.74,10379.72,10205.78,10229.95
2005-10-28,10231.15,10433.51,10213.14,10402.77
2005-10-31,10403.17,10539.16,10372.67,10440.07
2005-11-01,10437.51,10510.03,10352.42,10406.77
2005-11-02,10406.29,10527.32,10347.7,10472.73
2005-11-03,10470.49,10613.84,10421.98,10522.59
2005-11-04,10523.23,10593.51,10441.59,10530.76
2005-11-07,10531.24,10632.34,10488.74,10586.23
2005-11-08,10574.18,10606.8,10478.49,10539.72
2005-11-09,10539.24,10637.78,10466.24,10546.21
2005-11-10,10541.16,10680.2,10484.17,10640.1
2005-11-11,10641.3,10725.99,10595.89,10686.04
2005-11-14,10686.6,10756.88,10618.89,10697.17
2005-11-15,10697.01,10783.62,10610.08,10686.44
2005-11-16,10683.03,10780.98,10574.46,10674.76
2005-11-17,10677.0,10778.5,10619.61,10720.22
2005-11-18,10719.34,10865.58,10663.79,10766.33
2005-11-21,10766.33,10871.11,10708.86,10820.28
2005-11-22,10815.96,10907.77,10729.99,10871.43
2005-11-23,10871.43,10974.84,10825.32,10916.09
2005-11-25,10915.13,10997.5,10883.55,10931.62
2005-11-28,10932.74,10992.39,10839.37,10890.72
2005-11-29,10888.48,10994.85,10850.29,10888.16
2005-11-30,10883.91,10959.8,10789.38,10805.87
2005-12-01,10806.03,10969.97,10819.15,10912.57
2005-12-02,10912.01,10952.83,10818.36,10877.51
2005-12-05,10876.95,10923.37,10766.57,10835.01
2005-12-06,10835.41,10924.9,10809.15,10856.86
2005-12-07,10856.86,10916.89,10737.27,10810.91
2005-12-08,10808.43,10871.11,10705.17,10755.12
2005-12-09,10751.76,10845.33,10694.05,10778.58
2005-12-12,10778.66,10857.02,10707.18,10767.77
2005-12-13,10765.69,10902.64,10694.29,10823.72
2005-12-14,10821.32,10953.07,10786.34,10883.51
2005-12-15,10883.43,10985.01,10803.55,10881.67
2005-12-16,10881.67,10978.21,10830.84,10875.59
2005-12-19,10875.51,10970.04,10781.7,10836.53
2005-12-20,10836.93,10905.28,10754.56,10805.55
2005-12-21,10805.63,10933.7,10776.01,10833.73
2005-12-22,10831.56,10928.34,10785.93,10889.44
2005-12-23,10883.27,10940.66,10840.53,10883.27
2005-12-27,10883.75,10956.99,10754.16,10777.77
2005-12-28,10778.25,10858.07,10750.4,10796.26
2005-12-29,10795.7,10870.71,10747.76,10784.82
2005-12-30,10783.86,10801.87,10675.64,10717.5
2006-01-03,10718.3,10888.4,10650.18,10847.41
2006-01-04,10843.97,10946.27,10772.89,10880.15
2006-01-05,10880.39,10951.39,10797.55,10882.15
2006-01-06,10875.45,11005.98,10846.21,10959.31
2006-01-09,10959.47,11053.93,10906.33,11011.9
2006-01-10,11010.46,11054.49,10902.96,11011.58
2006-01-11,11011.66,11099.15,10939.86,11043.44
2006-01-12,11043.12,11070.1,10918.09,10962.36
2006-01-13,10961.48,11033.04,10888.88,10959.87
2006-01-17,10957.55,10977.01,10841.17,10896.32
2006-01-18,10890.08,10934.9,10778.33,10854.86
2006-01-19,10855.18,10965.0,10796.66,10880.71
2006-01-20,10880.71,10890.08,10637.21,10667.39
2006-01-23,10668.75,10783.7,10607.36,10688.77
2006-01-24,10690.21,10804.75,10624.49,10712.22
2006-01-25,10713.26,10832.93,10615.2,10709.74
2006-01-26,10711.02,10896.96,10677.0,10809.47
2006-01-27,10815.32,10988.29,10766.01,10907.21
2006-01-30,10908.49,10993.97,10832.52,10899.92
2006-01-31,10900.4,10970.28,10807.55,10864.86
2006-02-01,10862.14,11001.82,10815.39,10953.95
2006-02-02,10950.11,10987.73,10800.35,10851.98
2006-02-03,10849.57,10905.28,10725.35,10793.62
2006-02-06,10793.3,10868.62,10725.91,10798.27
2006-02-07,10796.42,10874.79,10691.97,10749.76
2006-02-08,10742.16,10897.44,10712.3,10858.62
2006-02-09,10859.42,11003.5,10800.91,10883.35
2006-02-10,10883.51,10972.76,10787.62,10919.05
2006-02-13,10915.21,10982.93,10824.6,10892.32
2006-02-14,10890.72,11071.54,10873.62,11028.39
2006-02-15,11025.67,11115.56,10940.18,11058.97
2006-02-16,11059.05,11154.14,10997.66,11120.68
2006-02-17,11119.56,11178.8,11035.44,11115.32
2006-02-21,11115.48,11182.68,11011.18,11069.06
2006-02-22,11065.29,11198.73,11034.08,11137.17
2006-02-23,11133.52,11167.83,11017.27,11069.22
2006-02-24,11065.77,11129.65,10981.41,11061.85
2006-02-27,11062.81,11180.48,11038.72,11097.55
2006-02-28,11096.75,11115.24,10947.07,10993.41
2006-03-01,10993.25,11115.8,10960.6,11053.53
2006-03-02,11052.57,11090.91,10951.71,11025.51
2006-03-03,11024.23,11125.01,10942.99,11021.59
2006-03-06,11022.47,11084.66,10899.76,10958.59
2006-03-07,10957.31,11032.31,10885.35,10980.69
2006-03-08,10977.08,11065.61,10885.99,11005.74
2006-03-09,11005.66,11093.39,10923.86,10972.28
2006-03-10,10972.92,11125.41,10948.43,11076.34
2006-03-13,11067.61,11157.82,11019.75,11076.02
2006-03-14,11076.02,11190.96,11030.23,11151.34
2006-03-15,11149.76,11258.28,11097.23,11209.77
2006-03-16,11210.97,11324.8,11176.07,11253.24
2006-03-17,11254.12,11335.52,11210.48,11279.65
2006-03-20,11278.93,11350.73,11208.33,11274.53
2006-03-21,11275.89,11364.34,11188.56,11235.47
2006-03-22,11234.51,11358.01,11200.22,11317.43
2006-03-23,11317.35,11363.46,11207.85,11270.29
2006-03-24,11270.61,11353.21,11197.21,11279.97
2006-03-27,11280.13,11314.96,11194.07,11250.11
2006-03-28,11250.11,11312.31,11132.05,11154.54
2006-03-29,11154.94,11283.97,11117.48,11215.7
2006-03-30,11216.34,11279.89,11092.75,11150.7
2006-03-31,11151.34,11229.47,11069.78,11109.32
2006-04-03,11113.0,11287.02,11101.07,11144.94
2006-04-04,11142.54,11269.17,11094.03,11203.85
2006-04-05,11203.21,11290.3,11141.82,11239.55
2006-04-06,11233.01,11294.3,11137.57,11216.5
2006-04-07,11217.14,11285.65,11081.46,11120.04
2006-04-10,11119.88,11211.37,11083.06,11141.33
2006-04-11,11141.33,11220.98,11017.99,11089.63
2006-04-12,11089.47,11194.0,11052.17,11129.97
2006-04-13,11130.13,11210.73,11053.29,11137.65
2006-04-18,11074.58,11302.3,11064.01,11268.77
2006-04-19,11265.4,11379.79,11181.84,11278.77
2006-04-20,11278.53,11429.25,11221.3,11342.89
2006-04-21,11343.45,11468.16,11272.61,11347.45
2006-04-24,11346.81,11420.05,11246.35,11336.32
2006-04-25,11336.56,11401.32,11213.05,11283.25
2006-04-26,11283.25,11428.77,11256.12,11354.49
2006-04-27,11349.53,11465.75,11220.74,11382.51
2006-04-28,11358.33,11462.95,11278.13,11367.14
2006-05-02,11345.21,11479.46,11302.78,11416.45
2006-05-03,11414.69,11472.96,11308.55,11400.28
2006-05-04,11401.8,11512.18,11366.82,11438.86
2006-05-05,11440.62,11616.16,11456.95,11577.74
2006-05-08,11576.37,11665.14,11504.09,11584.54
2006-05-09,11584.62,11684.28,11535.71,11639.77
2006-05-10,11630.48,11709.09,11545.64,11642.65
2006-05-11,11639.29,11660.58,11449.74,11500.73
2006-05-12,11500.01,11551.4,11336.96,11380.99
2006-05-15,11380.43,11485.61,11273.65,11428.77
2006-05-16,11428.21,11520.42,11334.64,11419.89
2006-05-17,11410.13,11412.28,11139.17,11205.61
2006-05-18,11206.17,11301.26,11096.35,11128.29
2006-05-19,11124.37,11254.6,11009.98,11144.06
2006-05-22,11143.42,11210.01,11011.18,11125.33
2006-05-23,11126.29,11254.68,11068.49,11098.35
2006-05-24,11100.11,11241.15,10980.29,11117.32
2006-05-25,11114.96,11258.12,11089.55,11211.05
2006-05-26,11211.69,11329.36,11177.43,11278.61
2006-05-30,11277.25,11275.33,11071.7,11094.43
2006-05-31,11091.15,11225.78,11050.4,11168.31
2006-06-01,11169.03,11290.86,11115.4,11260.28
2006-06-02,11260.52,11329.28,11158.06,11247.87
2006-06-05,11247.55,11259.96,11025.75,11048.72
2006-06-06,11048.24,11140.45,10890.24,11002.14
2006-06-07,11002.06,11107.48,10897.76,10930.9
2006-06-08,10929.7,11032.15,10726.15,10938.82
2006-06-09,10939.14,11015.67,10842.89,10891.92
2006-06-12,10892.0,10969.32,10767.61,10792.58
2006-06-13,10783.14,10893.04,10653.23,10706.14
2006-06-14,10706.78,10859.18,10664.91,10816.92
2006-06-15,10817.48,11049.85,10788.34,11015.19
2006-06-16,11014.38,11095.39,10929.54,11014.55
2006-06-19,11014.87,11098.99,10886.63,10942.11
2006-06-20,10942.03,11066.73,10895.28,10974.84
2006-06-21,10975.24,11165.91,10952.43,11079.46
2006-06-22,11077.78,11127.73,10954.83,11019.11
2006-06-23,11019.19,11098.67,10932.82,10989.09
2006-06-26,10990.29,11089.07,10937.06,11045.28
2006-06-27,11048.24,11096.83,10895.84,10924.74
2006-06-28,10925.3,11026.07,10869.02,10973.56
2006-06-29,10974.36,11225.06,10975.16,11190.8
2006-06-30,11190.8,11288.86,11100.11,11150.22
2006-07-03,11149.34,11277.09,11146.06,11228.02
2006-07-05,11225.06,11239.47,11083.94,11151.82
2006-07-06,11147.12,11301.58,11117.16,11225.3
2006-07-07,11224.18,11227.62,11040.32,11090.67
2006-07-10,11091.71,11210.73,11048.8,11103.55
2006-07-11,11102.59,11186.32,10987.33,11134.77
2006-07-12,11133.97,11181.12,10973.37,11013.18
2006-07-13,11012.62,11015.19,10790.82,10846.29
2006-07-14,10846.53,10892.64,10664.43,10739.35
2006-07-17,10739.35,10858.22,10668.35,10747.36
2006-07-18,10745.84,10867.02,10658.35,10799.23
2006-07-19,10797.39,11069.86,10791.14,11011.42
2006-07-20,11007.26,11098.75,10884.47,10928.1
2006-07-21,10937.94,10995.73,10778.58,10868.38
2006-07-24,10868.7,11096.35,10869.75,11051.05
2006-07-25,11051.05,11186.16,10937.38,11103.71
2006-07-26,11102.91,11208.09,10987.41,11102.51
2006-07-27,11104.19,11245.47,11040.8,11100.43
2006-07-28,11102.11,11282.05,11112.84,11219.7
2006-07-31,11218.9,11265.8,11115.24,11185.68
2006-08-01,11184.8,11210.65,11035.92,11125.73
2006-08-02,11125.57,11267.24,11106.04,11199.93
2006-08-03,11195.28,11304.78,11101.55,11242.59
2006-08-04,11244.59,11367.94,11165.11,11240.35
2006-08-07,11239.47,11294.14,11143.02,11219.38
2006-08-08,11218.18,11319.51,11117.8,11173.59
2006-08-09,11168.47,11296.22,11044.64,11076.18
2006-08-10,11073.14,11176.47,10998.06,11124.37
2006-08-11,11121.16,11157.42,11005.18,11088.03
2006-08-14,11089.07,11242.83,11049.68,11097.87
2006-08-15,11098.03,11271.25,11117.8,11230.26
2006-08-16,11224.91,11373.78,11207.85,11327.12
2006-08-17,11327.36,11429.65,11237.79,11334.96
2006-08-18,11333.76,11437.66,11273.49,11381.47
2006-08-21,11380.67,11406.6,11284.05,11345.05
2006-08-22,11344.41,11426.13,11279.25,11339.84
2006-08-23,11337.12,11394.75,11238.67,11297.9
2006-08-24,11297.82,11386.59,11232.83,11304.46
2006-08-25,11301.22,11350.09,11218.66,11284.05
2006-08-28,11285.33,11411.24,11240.91,11352.01
2006-08-29,11352.65,11432.38,11255.88,11369.94
2006-08-30,11365.98,11452.95,11309.99,11382.91
2006-08-31,11383.47,11451.03,11326.8,11381.15
2006-09-01,11382.75,11516.9,11363.78,11464.15
2006-09-05,11461.83,11533.87,11385.95,11469.28
2006-09-06,11466.23,11492.41,11357.69,11406.2
2006-09-07,11405.16,11443.66,11273.89,11331.44
2006-09-08,11332.24,11448.3,11295.18,11392.11
2006-09-11,11389.87,11468.88,11295.9,11396.84
2006-09-12,11396.12,11551.72,11357.37,11498.09
2006-09-13,11487.69,11605.59,11423.73,11543.32
2006-09-14,11543.4,11595.75,11445.1,11527.39
2006-09-15,11528.75,11661.38,11504.57,11560.77
2006-09-18,11559.97,11636.33,11477.2,11555.0
2006-09-19,11554.6,11605.67,11450.3,11540.91
2006-09-20,11542.28,11680.19,11514.5,11613.19
2006-09-21,11611.67,11677.39,11471.76,11533.23
2006-09-22,11532.91,11588.62,11423.57,11508.1
2006-09-25,11509.3,11655.62,11436.22,11575.81
2006-09-26,11575.73,11723.74,11517.54,11669.39
2006-09-27,11670.19,11775.6,11595.75,11689.24
2006-09-28,11689.4,11775.36,11625.92,11718.45
2006-09-29,11718.05,11782.49,11642.17,11679.07
2006-10-02,11678.99,11773.6,11608.79,11670.35
2006-10-03,11670.11,11794.41,11608.23,11727.34
2006-10-04,11722.94,11879.18,11654.02,11850.61
2006-10-05,11844.38,11927.77,11762.8,11866.69
2006-10-06,11865.49,11921.04,11743.35,11850.21
2006-10-09,11849.56,11923.53,11759.36,11857.81
2006-10-10,11857.73,11930.33,11778.09,11867.17
2006-10-11,11865.49,11907.6,11762.72,11852.13
2006-10-12,11854.13,11999.41,11845.08,11947.7
2006-10-13,11947.22,12009.97,11862.29,11960.51
2006-10-16,11961.31,12044.47,11892.31,11980.6
2006-10-17,11977.4,12024.54,11849.16,11950.02
2006-10-18,11947.62,12108.91,11900.79,11992.68
2006-10-19,11988.92,12082.33,11911.44,12011.73
2006-10-20,12013.01,12087.38,11881.34,12002.37
2006-10-23,12001.33,12177.35,11940.41,12116.91
2006-10-24,12116.51,12204.8,12028.14,12127.88
2006-10-25,12127.24,12212.16,12017.66,12134.68
2006-10-26,12134.84,12236.1,12037.99,12163.66
2006-10-27,12164.78,12202.72,12024.78,12090.26
2006-10-30,12089.14,12165.66,12000.69,12086.5
2006-10-31,12086.18,12160.46,11986.84,12080.73
2006-11-01,12080.25,12160.7,11972.99,12031.02
2006-11-02,12023.98,12070.25,11938.89,12018.54
2006-11-03,12018.3,12095.3,11928.97,11986.04
2006-11-06,11985.16,12146.45,11973.23,12105.55
2006-11-07,12104.75,12239.94,12065.2,12156.77
2006-11-08,12147.38,12233.54,12051.6,12176.54
2006-11-09,12174.7,12236.1,12039.59,12103.3
2006-11-10,12102.74,12173.1,12025.74,12108.43
2006-11-13,12097.7,12204.16,12045.91,12131.88
2006-11-14,12132.44,12261.15,12051.68,12218.01
2006-11-15,12214.37,12326.07,12156.37,12251.71
2006-11-16,12250.05,12375.37,12204.0,12305.82
2006-11-17,12304.62,12390.74,12219.13,12342.56
2006-11-20,12340.71,12400.1,12257.34,12316.54
2006-11-21,12312.13,12409.31,12233.94,12321.59
2006-11-22,12321.91,12403.54,12238.43,12326.95
2006-11-24,12321.71,12340.89,12219.28,12280.17
2006-11-27,12279.13,12303.32,12079.01,12121.71
2006-11-28,12118.94,12191.72,12030.62,12136.45
2006-11-29,12134.4,12283.05,12119.7,12226.73
2006-11-30,12226.73,12317.1,12118.42,12221.93
2006-12-01,12220.97,12289.3,12070.52,12194.13
2006-12-04,12195.57,12349.87,12149.27,12283.85
2006-12-05,12283.69,12398.57,12218.24,12331.6
2006-12-06,12328.72,12390.88,12239.95,12309.25
2006-12-07,12310.13,12396.33,12233.06,12278.41
2006-12-08,12278.41,12376.46,12197.97,12307.49
2006-12-11,12306.21,12399.54,12245.32,12328.48
2006-12-12,12328.24,12396.01,12222.65,12315.58
2006-12-13,12312.71,12411.55,12263.19,12317.5
2006-12-14,12317.5,12472.76,12271.44,12416.76
2006-12-15,12417.96,12536.37,12377.35,12445.52
2006-12-18,12446.24,12545.74,12372.3,12441.27
2006-12-19,12439.51,12517.78,12348.5,12471.32
2006-12-20,12471.32,12549.35,12393.45,12463.87
2006-12-21,12461.62,12526.59,12369.97,12421.25
2006-12-22,12413.08,12445.12,12311.17,12343.22
2006-12-27,12408.43,12549.67,12413.32,12510.57
2006-12-28,12510.57,12566.17,12440.23,12501.52
2006-12-29,12500.48,12560.16,12423.81,12463.15
2007-01-03,12459.54,12630.34,12373.82,12474.52
2007-01-04,12473.16,12560.96,12357.56,12480.69
2007-01-05,12480.05,12504.4,12326.79,12398.01
2007-01-08,12392.01,12489.5,12298.59,12423.49
2007-01-09,12424.77,12516.66,12337.85,12416.6
2007-01-10,12417.0,12487.18,12313.01,12442.16
2007-01-11,12442.96,12586.12,12413.72,12514.98
2007-01-12,12514.66,12616.08,12432.3,12556.08
2007-01-16,12555.84,12638.27,12489.9,12582.59
2007-01-17,12571.46,12666.71,12496.55,12577.15
2007-01-18,12575.06,12674.16,12487.9,12567.93
2007-01-19,12567.93,12649.89,12462.5,12565.53
2007-01-22,12566.33,12619.04,12389.68,12477.16
2007-01-23,12477.81,12610.71,12401.94,12533.8
2007-01-24,12534.37,12659.42,12489.98,12621.77
2007-01-25,12621.77,12670.48,12461.54,12502.56
2007-01-26,12503.28,12582.67,12391.44,12487.02
2007-01-29,12487.1,12599.74,12422.93,12490.78
2007-01-30,12492.23,12597.01,12414.52,12523.31
2007-01-31,12520.03,12685.54,12461.3,12621.69
2007-02-01,12617.2,12741.3,12563.85,12673.68
2007-02-02,12673.84,12740.65,12582.99,12653.49
2007-02-05,12653.41,12730.56,12586.2,12661.74
2007-02-06,12661.66,12738.41,12586.44,12666.31
2007-02-07,12656.86,12748.99,12589.56,12666.87
2007-02-08,12665.67,12704.04,12542.14,12637.63
2007-02-09,12638.03,12725.59,12518.58,12580.83
2007-02-12,12580.11,12654.69,12502.4,12552.55
2007-02-13,12549.19,12702.36,12551.51,12654.85
2007-02-14,12651.29,12793.29,12623.21,12741.86
2007-02-15,12741.7,12828.38,12681.85,12765.01
2007-02-16,12764.13,12829.42,12685.86,12767.57
2007-02-20,12766.85,12845.76,12675.04,12786.64
2007-02-21,12782.87,12813.88,12662.79,12738.41
2007-02-22,12735.77,12792.97,12621.93,12686.02
2007-02-23,12679.89,12726.79,12578.51,12647.48
2007-02-26,12647.88,12746.34,12562.72,12632.26
2007-02-27,12628.9,12587.72,12078.85,12216.24
2007-02-28,12214.92,12396.81,12122.03,12268.63
2007-03-01,12265.59,12338.89,11996.17,12234.34
2007-03-02,12233.78,12293.15,12064.91,12114.1
2007-03-05,12111.61,12220.16,11973.58,12050.41
2007-03-06,12051.17,12252.61,12060.58,12207.59
2007-03-07,12204.46,12315.18,12122.11,12192.45
2007-03-08,12193.33,12355.47,12183.79,12260.7
2007-03-09,12262.06,12379.51,12200.62,12276.32
2007-03-12,12275.68,12385.44,12205.58,12318.62
2007-03-13,12307.49,12319.66,12049.85,12075.96
2007-03-14,12074.52,12187.88,11926.79,12133.4
2007-03-15,12133.16,12228.42,12060.1,12159.68
2007-03-16,12160.16,12226.01,12053.05,12110.41
2007-03-19,12110.41,12273.52,12122.59,12226.17
2007-03-20,12226.81,12324.31,12172.66,12288.1
2007-03-21,12288.98,12489.02,12220.49,12447.52
2007-03-22,12446.72,12524.03,12364.21,12461.14
2007-03-23,12460.5,12550.07,12396.89,12481.01
2007-03-26,12480.37,12526.27,12339.53,12469.07
2007-03-27,12468.59,12484.54,12336.89,12397.29
2007-03-28,12396.49,12415.56,12234.5,12300.36
2007-03-29,12301.48,12424.77,12251.89,12348.75
2007-03-30,12348.91,12442.4,12237.87,12354.35
2007-04-02,12354.52,12450.81,12284.54,12382.3
2007-04-03,12379.05,12559.47,12396.53,12510.3
2007-04-04,12511.36,12591.81,12444.55,12530.05
2007-04-05,12523.22,12600.34,12465.36,12560.2
2007-04-10,12568.49,12641.87,12496.48,12573.85
2007-04-11,12573.12,12618.63,12432.53,12484.62
2007-04-12,12483.64,12580.92,12407.5,12552.96
2007-04-13,12551.91,12654.47,12504.04,12612.13
2007-04-16,12611.64,12770.6,12596.36,12720.46
2007-04-17,12719.56,12773.04,12773.04,12773.04
2007-04-18,12771.08,12871.21,12691.2,12803.84
2007-04-19,12799.77,12889.17,12677.47,12808.63
2007-04-20,12811.15,13035.77,12828.3,12961.98
2007-04-23,12961.49,13029.59,12867.96,12919.4
2007-04-24,12919.64,13033.66,12845.12,12953.94
2007-04-25,12951.42,13142.31,12929.8,13089.89
2007-04-26,13088.84,13197.49,13016.43,13105.5
2007-04-27,13104.04,13195.05,13002.37,13120.94
2007-04-30,13120.21,13226.99,13003.91,13062.91
2007-05-02,13133.94,13291.6,13105.34,13211.88
2007-05-03,13206.65,13306.55,13131.42,13241.38
2007-05-04,13243.08,13340.6,13176.61,13264.62
2007-05-07,13264.13,13385.06,13218.87,13312.97
2007-05-08,13309.4,13359.05,13192.45,13309.07
2007-05-09,13300.62,13410.17,13229.92,13362.87
2007-05-10,13359.05,13376.2,13161.08,13215.13
2007-05-11,13212.2,13373.35,13192.62,13326.22
2007-05-14,13325.81,13432.84,13265.02,13346.78
2007-05-15,13346.05,13518.33,13302.65,13383.84
2007-05-16,13374.13,13526.54,13325.49,13487.53
2007-05-17,13486.96,13558.24,13384.89,13476.72
2007-05-18,13476.4,13611.95,13454.46,13556.53
2007-05-21,13556.53,13636.98,13473.31,13542.88
2007-05-22,13544.99,13632.03,13466.57,13539.95
2007-05-23,13540.84,13648.69,13476.72,13525.65
2007-05-24,13522.6,13645.52,13391.56,13441.13
2007-05-25,13441.94,13571.48,13410.0,13507.28
2007-05-29,13507.28,13603.26,13428.86,13521.34
2007-05-30,13517.89,13650.64,13403.26,13633.08
2007-05-31,13633.0,13718.82,13564.49,13627.64
2007-06-01,13628.69,13756.69,13562.54,13668.11
2007-06-04,13667.21,13723.37,13575.14,13676.32
2007-06-05,13673.19,13689.4,13523.7,13595.46
2007-06-06,13590.66,13606.75,13403.1,13465.67
2007-06-07,13463.48,13517.85,13236.34,13266.73
2007-06-08,13267.14,13445.19,13207.73,13424.39
2007-06-11,13423.74,13519.88,13335.16,13424.96
2007-06-12,13424.39,13474.12,13264.05,13295.01
2007-06-13,13287.62,13502.76,13288.07,13482.35
2007-06-14,13482.43,13622.66,13444.07,13553.72
2007-06-15,13556.65,13741.18,13566.89,13639.48
2007-06-18,13639.0,13720.29,13560.15,13612.98
2007-06-19,13611.68,13705.41,13527.14,13635.42
2007-06-20,13636.56,13735.08,13469.43,13489.42
2007-06-21,13486.66,13596.56,13368.79,13545.84
2007-06-22,13545.03,13564.13,13323.51,13360.26
2007-06-25,13360.09,13519.34,13273.68,13352.05
2007-06-26,13352.37,13491.7,13272.79,13337.66
2007-06-27,13336.93,13455.36,13205.08,13427.73
2007-06-28,13427.48,13537.47,13342.05,13422.28
2007-06-29,13422.61,13556.16,13291.32,13408.62
2007-07-02,13409.6,13586.97,13406.59,13535.43
2007-07-03,13531.53,13638.26,13487.88,13577.3
2007-07-05,13576.24,13637.78,13459.84,13565.84
2007-07-06,13559.01,13670.46,13501.54,13611.68
2007-07-09,13612.66,13739.06,13563.89,13649.97
2007-07-10,13648.59,13685.9,13463.57,13501.7
2007-07-11,13500.4,13638.75,13435.45,13577.87
2007-07-12,13579.33,13889.45,13598.76,13861.73
2007-07-13,13859.86,13982.93,13784.83,13907.25
2007-07-16,13907.09,14053.57,13834.33,13950.98
2007-07-17,13951.96,14095.6,13880.67,13971.55
2007-07-18,13955.05,14020.89,13768.73,13918.22
2007-07-19,13918.79,14121.04,13860.18,14000.41
2007-07-20,14000.73,14039.67,13745.65,13851.08
2007-07-23,13851.73,14039.59,13819.54,13943.42
2007-07-24,13940.9,13967.65,13661.51,13716.95
2007-07-25,13718.25,13919.77,13607.7,13785.07
2007-07-26,13783.12,13793.61,13307.74,13473.57
2007-07-27,13472.68,13589.17,13228.57,13265.47
2007-07-30,13266.21,13445.12,13143.87,13358.31
2007-07-31,13360.66,13579.41,13182.15,13211.99
2007-08-01,13211.09,13431.06,13041.77,13362.37
2007-08-02,13357.82,13547.47,13272.79,13463.33
2007-08-03,13462.25,13539.5,13156.79,13181.91
2007-08-06,13183.13,13501.86,13077.05,13468.78
2007-08-07,13467.72,13635.09,13282.38,13504.3
2007-08-08,13497.23,13769.63,13386.92,13657.86
2007-08-09,13652.33,13675.66,13196.05,13270.68
2007-08-10,13270.59,13386.43,12958.04,13239.54
2007-08-13,13238.24,13440.08,13163.54,13236.53
2007-08-14,13235.72,13309.04,12974.3,13028.92
2007-08-15,13021.93,13184.51,12800.83,12861.47
2007-08-16,12859.52,12996.73,12455.92,12845.78
2007-08-17,12848.05,13289.7,12847.24,13079.08
2007-08-20,13078.51,13245.8,12938.77,13121.35
2007-08-21,13120.05,13228.57,12975.68,13090.86
2007-08-22,13088.26,13304.33,13075.34,13236.13
2007-08-23,13237.27,13358.22,13127.69,13235.88
2007-08-24,13231.78,13402.2,13174.27,13378.87
2007-08-27,13377.16,13438.46,13248.32,13322.13
2007-08-28,13318.43,13319.61,13024.29,13041.85
2007-08-29,13043.07,13336.93,13020.63,13289.29
2007-08-30,13287.91,13355.46,13126.39,13238.73
2007-08-31,13240.84,13472.35,13252.06,13357.74
2007-09-04,13358.39,13521.86,13248.57,13448.86
2007-09-05,13442.85,13436.02,13203.86,13305.47
2007-09-06,13306.44,13464.79,13217.11,13363.35
2007-09-07,13360.74,13312.05,13059.16,13113.38
2007-09-10,13116.39,13280.67,12992.02,13127.85
2007-09-11,13129.4,13369.77,13124.68,13308.39
2007-09-12,13298.31,13408.62,13195.4,13291.65
2007-09-13,13292.38,13519.91,13296.77,13424.88
2007-09-14,13421.39,13507.55,13273.68,13442.52
2007-09-17,13441.95,13514.71,13306.69,13403.42
2007-09-18,13403.18,13772.15,13379.68,13739.39
2007-09-19,13740.61,13936.68,13689.8,13815.56
2007-09-20,13813.52,13887.81,13741.01,13766.7
2007-09-21,13768.33,13948.95,13740.61,13820.19
2007-09-24,13821.57,13930.74,13702.89,13759.06
2007-09-25,13757.84,13847.1,13629.16,13778.65
2007-09-26,13779.3,13962.61,13741.26,13878.15
2007-09-27,13879.53,13991.63,13811.17,13912.94
2007-09-28,13912.94,13994.64,13802.96,13895.63
2007-10-01,13895.71,14147.3,13869.86,14087.55
2007-10-02,14087.14,14166.16,13951.72,14047.31
2007-10-03,14038.86,14090.48,13883.43,13968.05
2007-10-04,13967.89,14074.54,13894.98,13974.31
2007-10-05,13969.07,14169.49,13965.05,14066.01
2007-10-08,14065.36,14134.05,13947.41,14043.73
2007-10-09,14043.73,14198.83,13980.9,14164.53
2007-10-10,14165.02,14225.66,13963.26,14078.69
2007-10-11,14079.1,14279.96,13917.82,14015.12
2007-10-12,14016.34,14168.51,13949.85,14093.08
2007-10-15,14092.43,14157.38,13877.82,13984.8
2007-10-16,13986.34,14061.37,13810.68,13912.94
2007-10-17,13920.66,14075.84,13738.66,13892.54
2007-10-18,13887.9,13984.39,13746.22,13888.96
2007-10-19,13888.47,13879.77,13478.94,13522.02
2007-10-22,13521.62,13636.8,13337.9,13566.97
2007-10-23,13568.93,13754.91,13494.95,13676.23
2007-10-24,13675.58,13751.5,13423.74,13675.25
2007-10-25,13677.85,13819.78,13471.87,13671.92
2007-10-26,13675.66,13885.95,13622.01,13806.7
2007-10-29,13807.35,13966.18,13748.33,13870.26
2007-10-30,13869.04,13930.91,13719.8,13792.47
2007-10-31,13792.06,13990.65,13711.59,13930.01
2007-11-01,13924.16,13875.87,13522.75,13567.87
2007-11-02,13569.9,13708.58,13381.64,13595.1
2007-11-05,13592.58,13666.15,13393.67,13543.4
2007-11-06,13542.34,13716.55,13460.73,13660.94
2007-11-07,13646.72,13629.08,13269.46,13300.02
2007-11-08,13299.7,13463.66,13001.93,13266.29
2007-11-09,13261.17,13321.81,12920.65,13042.74
2007-11-12,13039.16,13238.73,12910.4,12987.55
2007-11-13,12975.11,13357.57,12982.18,13307.09
2007-11-14,13305.47,13465.2,13159.88,13231.01
2007-11-15,13230.68,13333.59,13007.95,13110.05
2007-11-16,13109.48,13293.44,12987.22,13176.79
2007-11-19,12958.44,13195.48,12871.14,12958.44
2007-11-20,12955.92,13179.23,12800.74,13010.14
2007-11-21,13006.65,13055.59,12725.39,12799.04
2007-11-23,12796.07,13028.84,12803.67,12980.88
2007-11-26,12979.99,13104.44,12707.26,12743.44
2007-11-27,12744.78,13040.38,12711.98,12958.44
2007-11-28,12958.04,13353.51,12986.33,13289.45
2007-11-29,13287.91,13399.03,13150.21,13311.73
2007-11-30,13314.25,13570.31,13225.32,13371.72
2007-12-03,13368.22,13490.24,13207.6,13314.57
2007-12-04,13311.24,13395.21,13139.56,13248.73
2007-12-05,13244.01,13513.0,13274.25,13444.96
2007-12-06,13445.85,13652.49,13362.37,13619.89
2007-12-07,13618.27,13744.02,13514.22,13625.58
2007-12-10,13623.55,13807.02,13582.5,13727.03
2007-12-11,13726.87,13850.92,13374.89,13432.77
2007-12-12,13434.8,13778.98,13299.61,13473.9
2007-12-13,13473.98,13586.73,13281.0,13517.96
2007-12-14,13515.11,13557.54,13284.66,13339.85
2007-12-17,13339.2,13378.38,13111.92,13167.2
2007-12-18,13168.66,13346.84,13059.32,13232.47
2007-12-19,13231.98,13368.79,13097.77,13207.27
2007-12-20,13206.46,13354.0,13112.98,13245.64
2007-12-21,13241.66,13518.2,13281.89,13450.65
2007-12-27,13549.17,13551.53,13325.71,13359.61
2007-12-28,13361.23,13494.3,13272.14,13365.87
2008-01-02,13261.82,13338.23,12969.42,13043.96
2008-01-03,13044.12,13197.43,12968.44,13056.72
2008-01-04,13046.56,13049.65,12740.51,12800.18
2008-01-07,12842.28,12984.95,12640.44,12827.49
2008-01-08,12874.8,12998.11,12511.03,12589.07
2008-01-09,12599.15,12814.97,12431.53,12735.31
2008-01-10,12652.72,12966.74,12555.74,12853.09
2008-01-11,12723.68,12863.34,12495.91,12606.3
2008-01-14,12724.9,12866.1,12596.95,12778.15
2008-01-15,12633.94,12754.65,12425.92,12501.11
2008-01-16,12428.2,12699.05,12294.48,12466.16
2008-01-17,12501.11,12597.85,12089.38,12159.21
2008-01-18,12197.74,12441.85,11953.71,12099.3
2008-01-22,11604.25,12167.42,11508.74,11971.19
2008-01-23,11733.83,12339.1,11530.12,12270.17
2008-01-24,12287.65,12522.82,12114.83,12378.61
2008-01-25,12499.24,12590.69,12103.61,12207.17
2008-01-28,12225.54,12423.81,12061.42,12383.89
2008-01-29,12466.89,12604.92,12262.29,12480.3
2008-01-30,12418.2,12715.96,12311.55,12442.83
2008-01-31,12284.32,12734.74,12197.09,12650.36
2008-02-01,12667.35,12841.88,12510.05,12743.19
2008-02-04,12746.93,12810.34,12557.61,12635.16
2008-02-05,12456.32,12574.92,12234.97,12265.13
2008-02-06,12333.01,12436.33,12142.14,12200.1
2008-02-07,12155.47,12366.99,12045.0,12247.0
2008-02-08,12203.76,12330.97,12058.01,12182.13
2008-02-11,12142.55,12332.76,12006.79,12240.01
2008-02-12,12296.51,12524.12,12207.9,12373.41
2008-02-13,12463.07,12627.76,12354.22,12552.24
2008-02-14,12558.42,12611.26,12332.03,12376.98
2008-02-15,12367.47,12441.2,12216.68,12348.21
2008-02-19,12479.93,12571.11,12276.81,12337.22
2008-02-20,12247.1,12489.29,12159.42,12427.26
2008-02-21,12454.94,12545.79,12225.36,12284.3
2008-02-22,12313.77,12429.05,12116.92,12381.02
2008-02-25,12383.38,12612.47,12292.03,12570.22
2008-02-26,12508.67,12771.14,12449.08,12684.92
2008-02-27,12602.86,12815.59,12527.64,12694.28
2008-02-28,12603.1,12713.99,12463.32,12582.18
2008-02-29,12452.98,12517.62,12210.3,12266.39
2008-03-03,12232.44,12344.71,12101.29,12258.9
2008-03-04,12155.75,12291.22,11991.06,12213.8
2008-03-05,12235.62,12392.74,12105.36,12254.99
2008-03-06,12223.65,12267.86,12010.03,12040.39
2008-03-07,11946.69,12131.33,11778.66,11893.69
2008-03-10,11917.46,11993.75,11691.47,11740.15
2008-03-11,12011.82,12205.98,11819.36,12156.81
2008-03-12,12199.23,12360.58,12037.79,12110.24
2008-03-13,11962.32,12242.29,11832.88,12145.74
2008-03-14,12200.2,12249.86,11781.43,11951.09
2008-03-17,11734.13,12119.69,11650.44,11972.25
2008-03-18,12171.63,12411.63,12053.09,12392.66
2008-03-19,12411.06,12525.19,12077.27,12099.66
2008-03-20,12150.3,12434.34,12024.68,12361.32
2008-03-25,12547.66,12639.82,12397.62,12532.6
2008-03-26,12441.02,12553.44,12309.62,12422.86
2008-03-27,12459.17,12528.13,12264.76,12302.46
2008-03-28,12337.54,12441.67,12164.22,12216.4
2008-03-31,12187.34,12384.84,12095.18,12262.89
2008-04-01,12434.2,12693.93,12343.66,12654.36
2008-04-02,12684.9,12790.28,12488.22,12605.83
2008-04-03,12546.48,12734.97,12455.04,12626.03
2008-04-04,12618.29,12738.3,12489.4,12609.42
2008-04-07,12695.72,12786.83,12550.22,12612.43
2008-04-08,12522.3,12664.38,12440.55,12576.44
2008-04-09,12596.47,12686.93,12416.53,12527.26
2008-04-10,12542.16,12705.9,12447.96,12581.98
2008-04-11,12441.45,12546.56,12280.89,12325.42
2008-04-14,12324.77,12430.86,12208.42,12302.06
2008-04-15,12382.58,12459.36,12223.97,12362.47
2008-04-16,12472.14,12670.56,12379.57,12619.27
2008-04-17,12577.99,12725.93,12472.71,12620.49
2008-04-18,12837.47,12965.47,12695.31,12849.36
2008-04-21,12825.02,12902.69,12666.08,12825.02
2008-04-22,12775.43,12870.86,12604.53,12720.23
2008-04-23,12741.72,12883.8,12627.0,12763.22
2008-04-24,12781.86,12979.88,12651.51,12848.95
2008-04-25,12898.38,12987.29,12703.7,12891.86
2008-04-28,12886.0,13015.62,12791.55,12871.75
2008-04-29,12842.93,12970.27,12737.82,12831.94
2008-04-30,12867.84,13052.91,12746.45,12820.13
2008-05-02,13103.8,13191.49,12931.35,13058.2
2008-05-05,13005.12,13105.75,12896.5,12969.54
2008-05-06,12902.04,13071.07,12817.53,13020.83
2008-05-07,12994.21,13097.77,12756.14,12814.35
2008-05-08,12856.53,12965.95,12727.56,12866.78
2008-05-09,12750.76,12871.75,12648.09,12745.88
2008-05-12,12768.02,12960.26,12665.11,12876.31
2008-05-13,12879.41,12957.65,12716.16,12832.18
2008-05-14,12880.46,13073.44,12806.21,12898.38
2008-05-15,12877.53,13028.16,12798.39,12992.66
2008-05-16,13006.34,13069.52,12860.6,12986.8
2008-05-19,12976.38,13170.97,12899.19,13028.16
2008-05-20,12958.06,13002.1,12742.29,12828.68
2008-05-21,12846.67,12926.71,12550.39,12601.19
2008-05-22,12595.01,12743.68,12515.78,12625.62
2008-05-23,12573.18,12637.43,12420.2,12479.63
2008-05-27,12475.89,12626.84,12397.56,12548.35
2008-05-28,12579.05,12693.77,12437.38,12594.03
2008-05-29,12558.61,12760.21,12493.47,12646.22
2008-05-30,12669.67,12750.84,12555.6,12638.32
2008-06-02,12597.04,12645.4,12385.76,12503.82
2008-06-03,12543.14,12620.98,12317.61,12402.85
2008-06-04,12391.21,12540.37,12283.74,12390.48
2008-06-05,12424.68,12652.81,12358.07,12604.45
2008-06-06,12507.15,12559.83,12180.5,12209.81
2008-06-09,12263.46,12406.36,12102.5,12280.32
2008-06-10,12207.04,12425.98,12116.58,12289.76
2008-06-11,12242.21,12317.2,12029.46,12083.77
2008-06-12,12155.91,12337.72,12041.43,12141.58
2008-06-13,12210.78,12376.72,12096.23,12307.35
2008-06-16,12228.21,12381.44,12139.79,12269.08
2008-06-17,12307.67,12378.67,12114.41,12160.3
2008-06-18,12079.62,12212.33,11947.07,12029.06
2008-06-19,12026.21,12188.31,11881.03,12063.09
2008-06-20,12030.03,12078.23,11785.04,11842.69
2008-06-23,11881.6,11986.96,11731.06,11842.36
2008-06-24,11797.5,11962.37,11668.53,11807.43
2008-06-25,11815.41,12008.7,11683.75,11811.83
2008-06-26,11694.42,11775.35,11431.92,11453.42
2008-06-27,11457.16,11556.33,11248.48,11346.51
2008-06-30,11352.21,11504.55,11226.34,11350.01
2008-07-01,11233.42,11465.79,11106.65,11382.26
2008-07-02,11404.16,11510.41,11180.58,11215.51
2008-07-03,11297.34,11396.34,11121.71,11288.54
2008-07-07,11301.49,11477.52,11094.44,11231.96
2008-07-08,11233.66,11459.52,11101.19,11384.21
2008-07-09,11395.53,11505.12,11115.61,11147.44
2008-07-10,11164.05,11351.24,11006.01,11229.02
2008-07-11,11083.85,11292.04,10908.64,11100.54
2008-07-14,11226.99,11299.7,10972.63,11055.19
2008-07-15,10938.11,11201.67,10731.96,10962.54
2008-07-16,10924.76,11308.41,10831.61,11239.28
2008-07-17,11308.57,11538.5,11118.46,11446.66
2008-07-18,11491.2,11599.57,11290.5,11496.57
2008-07-21,11523.03,11663.4,11339.02,11467.34
2008-07-22,11399.11,11692.79,11273.32,11602.5
2008-07-23,11606.89,11820.21,11410.02,11632.38
2008-07-24,11619.27,11714.21,11288.79,11349.28
2008-07-25,11398.7,11540.78,11252.47,11370.69
2008-07-28,11312.81,11439.25,11094.76,11131.08
2008-07-29,11172.84,11444.05,11086.13,11397.56
2008-07-30,11468.4,11681.47,11328.68,11583.69
2008-07-31,11449.67,11631.16,11317.69,11378.02
2008-08-01,11449.02,11512.61,11205.41,11326.32
2008-08-04,11300.02,11449.67,11144.59,11284.15
2008-08-05,11390.48,11652.24,11303.6,11615.77
2008-08-06,11566.75,11745.71,11454.64,11656.07
2008-08-07,11545.26,11680.5,11355.63,11431.43
2008-08-08,11410.18,11808.49,11344.23,11734.32
2008-08-11,11706.55,11933.55,11580.19,11782.35
2008-08-12,11731.55,11830.39,11541.43,11642.47
2008-08-13,11575.79,11689.05,11377.37,11532.96
2008-08-14,11438.44,11744.33,11399.84,11615.93
2008-08-15,11644.75,11776.41,11540.05,11659.9
2008-08-18,11682.86,11744.49,11410.18,11479.39
2008-08-19,11400.25,11501.45,11260.53,11348.55
2008-08-20,11382.17,11511.06,11240.18,11417.43
2008-08-21,11325.1,11501.29,11263.63,11430.21
2008-08-22,11487.29,11684.0,11431.68,11628.06
2008-08-25,11550.55,11605.27,11336.82,11386.25
2008-08-26,11366.87,11483.62,11284.47,11412.87
2008-08-27,11404.4,11575.14,11349.69,11502.51
2008-08-28,11551.12,11756.46,11493.72,11715.15
2008-08-29,11655.5,11730.49,11508.78,11543.55
2008-09-02,11718.93,11831.29,11444.79,11516.92
2008-09-03,11508.13,11629.69,11328.84,11532.88
2008-09-04,11439.74,11511.55,11130.26,11188.23
2008-09-05,11120.57,11301.73,10998.77,11220.96
2008-09-08,11510.0,11656.64,11264.2,11510.74
2008-09-09,11506.58,11623.5,11209.81,11230.73
2008-09-10,11315.98,11453.5,11135.64,11268.92
2008-09-11,11125.95,11461.15,11018.72,11433.71
2008-09-12,11323.96,11532.72,11191.08,11421.99
2008-09-15,11111.54,11352.21,10849.85,10917.51
2008-09-16,10701.83,11193.12,10604.7,11059.02
2008-09-17,10886.0,11068.87,10521.81,10609.66
2008-09-18,10783.9,11149.07,10403.75,11019.69
2008-09-19,11628.63,11628.63,11072.78,11388.44
2008-09-22,11280.28,11450.81,10956.43,11015.69
2008-09-23,11038.23,11214.65,10763.77,10854.17
2008-09-24,10839.75,11041.02,10696.38,10825.17
2008-09-25,10926.17,11206.05,10799.77,11022.06
2008-09-26,10880.37,11218.48,10781.37,11143.13
2008-09-29,10980.01,11099.24,10266.76,10365.45
2008-09-30,10591.89,10922.03,10441.91,10850.66
2008-10-01,10772.69,11022.06,10495.99,10831.07
2008-10-02,10750.62,10843.1,10368.08,10482.85
2008-10-03,10549.04,10844.69,10261.75,10325.38
2008-10-06,10035.23,10249.85,9503.1,9955.5
2008-10-07,10030.69,10205.04,9391.67,9447.11
2008-10-08,9178.85,9778.04,9042.97,9258.1
2008-10-09,9381.96,9522.77,8523.27,8579.19
2008-10-10,8225.95,8989.13,7773.71,8451.19
2008-10-13,8871.97,9501.91,8638.6,9387.61
2008-10-14,9861.28,9924.28,9050.06,9310.99
2008-10-15,9145.24,9278.25,8516.5,8577.91
2008-10-16,8622.51,9073.64,8176.17,8979.26
2008-10-17,8751.38,9304.38,8640.83,8852.22
2008-10-20,8990.17,9305.89,8799.49,9265.43
2008-10-21,9167.38,9380.12,8929.16,9033.66
2008-10-22,8821.63,8939.99,8324.07,8519.21
2008-10-23,8584.76,8864.48,8200.06,8691.25
2008-10-24,8186.52,8654.93,8088.63,8378.95
2008-10-27,8259.24,8639.64,8085.37,8175.77
2008-10-28,8401.65,9112.51,8153.79,9065.12
2008-10-29,9047.83,9405.05,8800.61,8990.96
2008-10-30,9237.71,9380.36,8916.81,9180.69
2008-10-31,9186.98,9498.48,9014.78,9325.01
2008-11-03,9338.07,9488.92,9175.03,9319.83
2008-11-04,9521.26,9711.46,9377.42,9625.28
2008-11-05,9512.26,9628.15,9086.06,9139.27
2008-11-06,9069.1,9216.37,8607.14,8695.79
2008-11-07,8795.59,9032.24,8661.22,8943.81
2008-11-10,9114.26,9212.94,8735.61,8870.54
2008-11-11,8864.32,8867.91,8560.71,8693.96
2008-11-12,8511.17,8638.6,8235.66,8282.66
2008-11-13,8321.21,8898.41,7947.74,8835.25
2008-11-14,8671.98,8980.93,8421.08,8497.31
2008-11-17,8401.73,8596.31,8197.12,8273.58
2008-11-18,8265.69,8540.08,8075.81,8424.75
2008-11-19,8412.24,8534.34,7967.33,7997.28
2008-11-20,7898.04,8224.35,7464.51,7552.29
2008-11-21,7632.89,8121.45,7392.27,8046.42
2008-11-24,8196.4,8624.27,8023.32,8443.39
2008-11-25,8571.3,8682.09,8244.43,8479.47
2008-11-26,8310.61,8760.46,8250.8,8726.61
2008-11-28,8679.14,8875.32,8597.74,8829.04
2008-12-01,8603.32,8675.8,8123.04,8149.09
2008-12-02,8258.84,8490.62,8072.47,8419.09
2008-12-03,8242.59,8654.77,8170.19,8591.69
2008-12-04,8467.04,8705.98,8222.84,8376.24
2008-12-05,8290.22,8722.47,8084.25,8635.42
2008-12-08,8829.44,9151.61,8660.03,8934.18
2008-12-09,8817.33,8978.14,8591.69,8691.33
2008-12-10,8787.54,8942.46,8589.86,8761.42
2008-12-11,8652.54,8861.86,8480.18,8565.09
2008-12-12,8329.65,8705.43,8272.22,8629.68
2008-12-15,8659.63,8738.4,8431.04,8564.53
2008-12-16,8614.31,8985.63,8534.03,8924.14
2008-12-17,8816.14,9001.96,8701.13,8824.34
2008-12-18,8857.08,8946.36,8516.02,8604.99
2008-12-19,8649.44,8823.78,8499.06,8579.11
2008-12-22,8598.62,8672.06,8351.79,8519.77
2008-12-23,8586.67,8647.6,8376.8,8419.49
2008-12-29,8528.77,8575.6,8349.24,8483.93
2008-12-30,8537.85,8700.89,8463.7,8668.39
2009-01-02,8772.25,9065.28,8760.78,9034.69
2009-01-05,9027.13,9034.37,8892.36,8952.89
2009-01-06,8954.57,9088.06,8940.95,9015.1
2009-01-07,8996.94,8996.94,8719.92,8769.7
2009-01-08,8769.94,8770.02,8651.19,8742.46
2009-01-09,8738.8,8769.62,8576.96,8599.18
2009-01-12,8599.26,8602.6,8421.08,8473.97
2009-01-13,8474.61,8522.08,8376.88,8448.56
2009-01-14,8446.01,8446.25,8140.72,8200.14
2009-01-15,8196.24,8286.16,7995.13,8212.49
2009-01-16,8215.67,8341.2,8109.34,8281.22
2009-01-20,8279.63,8291.98,7939.93,7949.09
2009-01-21,7949.17,8243.55,7936.19,8228.1
2009-01-22,8224.43,8224.83,7957.14,8122.8
2009-01-23,8108.79,8152.59,7909.03,8077.56
2009-01-26,8078.04,8231.68,8023.16,8116.03
2009-01-27,8117.39,8225.79,8083.14,8174.73
2009-01-28,8175.93,8405.87,8175.93,8375.45
2009-01-29,8373.06,8373.14,8137.94,8149.01
2009-01-30,8149.01,8195.76,7961.92,8000.86
2009-02-02,8000.62,8000.62,7867.37,7936.83
2009-02-03,7936.99,8111.57,7905.52,8078.36
2009-02-04,8070.32,8162.15,7929.26,7956.66
2009-02-05,7954.83,8107.83,7845.31,8063.07
2009-02-06,8056.38,8312.37,8052.24,8280.59
2009-02-09,8281.38,8315.07,8196.24,8270.87
2009-02-10,8269.36,8269.44,7848.74,7888.88
2009-02-11,7887.05,7983.74,7852.16,7939.53
2009-02-12,7931.97,7938.82,7693.98,7932.76
2009-02-13,7933.0,7970.84,7840.45,7850.41
2009-02-17,7845.63,7845.63,7551.01,7552.6
2009-02-18,7546.35,7617.76,7479.97,7555.63
2009-02-19,7555.23,7614.97,7447.55,7465.95
2009-02-20,7461.49,7469.29,7249.47,7365.67
2009-02-23,7365.99,7441.02,7105.94,7114.78
2009-02-24,7115.34,7378.97,7114.3,7350.94
2009-02-25,7349.58,7404.94,7156.68,7270.89
2009-02-26,7269.06,7402.31,7173.56,7182.08
2009-02-27,7180.97,7195.46,7033.62,7062.93
2009-03-02,7056.48,7058.95,6755.17,6763.29
2009-03-03,6764.81,6855.29,6705.63,6726.02
2009-03-04,6726.5,6979.22,6726.42,6875.84
2009-03-05,6874.01,6874.01,6544.1,6594.44
2009-03-06,6595.16,6755.17,6469.95,6626.94
2009-03-09,6625.74,6709.61,6516.86,6547.05
2009-03-10,6547.01,6926.49,6546.61,6926.49
2009-03-11,6923.13,7015.06,6867.55,6930.4
2009-03-12,6932.39,7184.71,6872.25,7170.06
2009-03-13,7167.35,7242.62,7105.86,7223.98
2009-03-16,7225.33,7392.91,7206.85,7216.97
2009-03-17,7218.0,7396.81,7172.05,7395.7
2009-03-18,7395.7,7571.64,7257.27,7486.58
2009-03-19,7489.68,7548.46,7369.26,7400.8
2009-03-20,7402.31,7460.93,7257.83,7278.38
2009-03-23,7279.25,7780.72,7278.78,7775.86
2009-03-24,7773.47,7796.57,7646.99,7659.97
2009-03-25,7659.81,7863.63,7550.06,7749.81
2009-03-26,7752.36,7931.33,7752.28,7924.56
2009-03-27,7922.57,7922.57,7735.95,7776.18
2009-03-30,7773.31,7773.39,7437.59,7522.02
2009-03-31,7523.77,7725.36,7523.45,7608.92
2009-04-01,7606.13,7789.0,7483.87,7761.6
2009-04-02,7763.99,8075.73,7763.99,7978.08
2009-04-03,7980.63,8019.5,7897.24,8017.59
2009-04-06,8016.16,8016.16,7862.2,7975.85
2009-04-07,7968.92,7969.08,7762.08,7789.56
2009-04-08,7788.68,7887.52,7750.85,7837.11
2009-04-09,7839.89,8087.28,7839.89,8083.38
2009-04-14,8057.41,8057.41,7902.26,7920.18
2009-04-15,7914.92,8041.32,7870.48,8029.62
2009-04-16,8029.14,8168.12,7962.71,8125.43
2009-04-17,8125.43,8190.66,8086.88,8131.33
2009-04-20,8128.94,8128.94,7840.45,7841.73
2009-04-21,7841.73,7979.2,7791.95,7969.56
2009-04-22,7964.78,8044.83,7868.01,7886.57
2009-04-23,7886.81,7979.44,7804.21,7957.06
2009-04-24,7957.45,8127.5,7957.45,8076.29
2009-04-27,8073.82,8122.56,7987.16,8025.0
2009-04-28,8023.56,8091.66,7938.98,8016.95
2009-04-29,8018.31,8257.57,8017.91,8185.73
2009-04-30,8188.51,8307.51,8136.9,8168.12
2009-05-04,8213.6,8434.86,8213.6,8426.74
2009-05-05,8425.55,8458.12,8362.78,8410.65
2009-05-06,8403.48,8518.57,8403.0,8512.28
2009-05-07,8513.56,8577.19,8358.0,8409.85
2009-05-08,8410.73,8587.55,8410.73,8574.65
2009-05-11,8569.23,8569.23,8410.33,8418.77
2009-05-12,8419.17,8517.46,8365.65,8469.11
2009-05-13,8461.8,8462.04,8262.43,8284.89
2009-05-14,8285.92,8376.64,8273.9,8331.32
2009-05-15,8326.22,8394.96,8230.17,8268.64
2009-05-18,8270.15,8511.88,8270.15,8504.08
2009-05-19,8502.48,8538.01,8463.54,8474.85
2009-05-20,8471.82,8591.93,8405.47,8422.04
2009-05-21,8416.07,8416.15,8221.01,8292.13
2009-05-22,8292.21,8364.14,8257.17,8277.32
2009-05-26,8275.33,8495.71,8226.9,8473.49
2009-05-27,8473.65,8496.59,8289.35,8300.02
2009-05-28,8300.5,8434.62,8246.58,8403.8
2009-05-29,8404.04,8522.95,8368.52,8500.33
2009-06-01,8501.53,8760.7,8501.29,8721.44
2009-06-02,8721.6,8787.13,8693.72,8740.87
2009-06-03,8740.07,8740.39,8598.38,8675.28
2009-06-04,8665.72,8751.25,8634.57,8750.24
2009-06-05,8751.75,8839.4,8700.41,8763.13
2009-06-08,8759.35,8823.97,8633.07,8764.49
2009-06-09,8764.83,8803.26,8725.12,8763.06
2009-06-10,8763.66,8834.93,8639.95,8739.02
2009-06-11,8736.23,8877.93,8736.23,8770.92
2009-06-12,8770.01,8805.53,8716.73,8799.26
2009-06-15,8798.5,8798.5,8577.9,8612.13
2009-06-16,8612.44,8643.65,8499.38,8504.67
2009-06-17,8504.36,8563.01,8461.29,8497.18
2009-06-18,8496.73,8590.52,8475.12,8555.6
2009-06-19,8556.96,8616.59,8496.73,8539.73
2009-06-22,8538.52,8538.83,8334.55,8339.01
2009-06-23,8340.44,8370.9,8286.41,8322.91
2009-06-24,8323.51,8428.41,8259.88,8299.86
2009-06-25,8299.25,8490.46,8259.43,8472.4
2009-06-26,8468.54,8468.77,8401.36,8438.39
2009-06-29,8440.13,8533.23,8429.09,8529.38
2009-06-30,8528.93,8560.44,8393.95,8447.0
2009-07-01,8447.53,8580.47,8447.53,8504.06
2009-07-02,8503.0,8503.23,8280.74,8280.74
2009-07-06,8279.3,8327.97,8205.99,8324.87
2009-07-07,8324.95,8326.31,8154.38,8163.6
2009-07-08,8157.02,8219.52,8087.19,8178.41
2009-07-09,8179.01,8228.67,8145.31,8183.17
2009-07-10,8182.49,8183.85,8093.31,8146.52
2009-07-13,8146.82,8331.68,8130.42,8331.68
2009-07-14,8331.37,8361.23,8285.2,8359.49
2009-07-15,8363.95,8628.23,8363.95,8616.21
2009-07-16,8612.66,8739.55,8584.4,8711.82
2009-07-17,8711.89,8754.29,8674.41,8743.94
2009-07-20,8746.05,8854.8,8745.9,8848.15
2009-07-21,8848.15,8927.13,8811.27,8915.94
2009-07-22,8912.39,8949.8,8860.32,8881.26
2009-07-23,8882.31,9096.72,8866.44,9069.29
2009-07-24,9066.11,9100.88,9007.39,9093.24
2009-07-27,9093.09,9123.4,9034.52,9108.51
2009-07-28,9106.92,9124.91,9007.47,9096.72
2009-07-29,9092.34,9094.83,9014.19,9070.72
2009-07-30,9072.84,9246.43,9072.61,9154.46
2009-07-31,9154.61,9218.77,9133.45,9171.61
2009-08-03,9173.65,9298.43,9173.65,9286.56
2009-08-04,9285.05,9321.1,9250.74,9320.19
2009-08-05,9315.36,9318.08,9206.45,9280.97
2009-08-06,9277.19,9325.11,9208.8,9256.26
2009-08-07,9258.45,9437.71,9258.45,9370.07
2009-08-10,9368.41,9371.96,9290.34,9337.95
2009-08-11,9334.33,9334.33,9216.88,9241.45
2009-08-12,9236.06,9424.11,9221.02,9361.61
2009-08-13,9362.29,9406.5,9305.31,9398.19
2009-08-14,9398.04,9401.97,9232.83,9321.4
2009-08-17,9313.85,9313.85,9116.52,9135.34
2009-08-18,9134.36,9233.51,9134.36,9217.94
2009-08-19,9208.68,9313.09,9131.94,9279.16
2009-08-20,9278.55,9363.95,9267.97,9350.05
2009-08-21,9347.86,9519.11,9347.25,9505.96
2009-08-24,9506.18,9587.73,9486.23,9509.28
2009-08-25,9509.21,9620.0,9508.98,9539.29
2009-08-26,9538.61,9582.97,9485.78,9543.52
2009-08-27,9541.63,9609.72,9459.4,9580.63
2009-08-28,9582.74,9630.2,9495.98,9544.2
2009-08-31,9542.91,9543.06,9436.13,9496.28
2009-09-01,9492.32,9557.95,9292.08,9310.6
2009-09-02,9306.21,9330.93,9262.3,9280.67
2009-09-03,9282.03,9350.27,9252.93,9344.61
2009-09-04,9345.36,9445.72,9321.63,9441.27
2009-09-08,9440.13,9511.02,9439.98,9497.34
2009-09-09,9496.59,9577.22,9476.18,9547.22
2009-09-10,9546.54,9633.0,9508.22,9627.48
2009-09-11,9625.44,9649.85,9571.56,9605.41
2009-09-14,9598.08,9631.11,9535.96,9626.8
2009-09-15,9626.42,9713.71,9580.93,9683.41
2009-09-16,9683.71,9799.72,9679.18,9791.71
2009-09-17,9789.82,9854.58,9749.46,9783.92
2009-09-18,9784.75,9847.71,9784.68,9820.2
2009-09-21,9818.61,9818.69,9725.88,9778.86
2009-09-22,9779.61,9843.4,9771.91,9829.87
2009-09-23,9830.63,9917.99,9740.84,9748.55
2009-09-24,9749.99,9805.39,9666.03,9707.44
2009-09-25,9706.68,9735.93,9641.01,9665.19
2009-09-28,9663.23,9823.67,9663.23,9789.36
2009-09-29,9789.74,9834.48,9739.11,9742.2
2009-09-30,9741.83,9776.82,9608.59,9712.28
2009-10-01,9711.6,9711.67,9500.37,9509.28
2009-10-02,9507.62,9524.78,9430.08,9487.67
2009-10-05,9488.73,9625.06,9481.09,9599.75
2009-10-06,9601.26,9774.32,9601.26,9731.25
2009-10-07,9725.69,9740.32,9675.62,9725.58
2009-10-08,9728.22,9836.67,9728.07,9786.87
2009-10-09,9786.04,9865.01,9764.88,9864.94
2009-10-12,9865.24,9931.82,9849.37,9885.8
2009-10-13,9883.98,9895.09,9815.06,9871.06
2009-10-14,9873.55,10027.73,9873.48,10015.86
2009-10-15,10014.88,10062.94,9977.47,10062.94
2009-10-16,10061.36,10061.66,9939.91,9995.91
2009-10-19,9996.67,10117.96,9995.15,10092.19
2009-10-20,10092.42,10098.39,9992.81,10041.48
2009-10-21,10038.84,10119.47,9943.76,9949.36
2009-10-22,9946.18,10105.19,9916.78,10081.31
2009-10-23,10099.9,10109.57,9932.5,9972.18
2009-10-26,9972.33,10072.32,9849.45,9867.96
2009-10-27,9868.34,9947.54,9837.96,9882.17
2009-10-28,9881.11,9902.42,9758.08,9762.69
2009-10-29,9762.91,9969.91,9759.13,9962.58
2009-10-30,9961.52,9962.13,9684.54,9712.73
2009-11-02,9712.13,9858.59,9678.95,9789.44
2009-11-03,9787.47,9787.47,9703.89,9771.91
2009-11-04,9767.3,9928.04,9767.14,9802.14
2009-11-05,9807.8,10013.07,9807.8,10005.96
2009-11-06,10001.35,10044.5,9936.81,10023.42
2009-11-09,10020.62,10228.23,10020.62,10226.94
2009-11-10,10223.01,10260.8,10197.69,10246.97
2009-11-11,10247.42,10341.97,10246.14,10291.26
2009-11-12,10289.82,10321.64,10171.24,10197.47
2009-11-13,10197.85,10305.69,10192.03,10270.47
2009-11-16,10267.53,10434.24,10267.45,10406.96
2009-11-17,10404.77,10438.17,10361.99,10437.42
2009-11-18,10426.27,10432.66,10360.1,10426.31
2009-11-19,10425.33,10425.33,10256.11,10332.44
2009-11-20,10327.91,10342.72,10271.68,10318.16
2009-11-23,10320.13,10495.61,10320.05,10450.95
2009-11-24,10451.25,10453.97,10359.58,10433.71
2009-11-25,10432.96,10481.48,10420.94,10464.4
2009-11-27,10452.23,10452.23,10231.25,10309.92
2009-11-30,10309.77,10364.34,10263.29,10344.84
2009-12-01,10343.82,10501.28,10343.44,10471.58
2009-12-02,10470.44,10513.52,10421.47,10452.68
2009-12-03,10455.63,10507.63,10350.05,10366.15
2009-12-04,10368.57,10516.7,10311.81,10388.9
2009-12-07,10386.86,10443.16,10360.18,10390.11
2009-12-08,10385.42,10385.65,10249.84,10285.97
2009-12-09,10282.85,10342.27,10235.63,10337.05
2009-12-10,10336.0,10444.6,10335.77,10405.83
2009-12-11,10403.41,10484.05,10400.08,10471.5
2009-12-14,10471.28,10514.66,10471.28,10501.05
2009-12-15,10499.31,10499.31,10426.69,10452.0
2009-12-16,10449.81,10509.97,10427.59,10441.12
2009-12-17,10439.99,10440.06,10307.96,10308.26
2009-12-18,10309.39,10372.35,10263.9,10328.89
2009-12-21,10330.1,10458.05,10329.8,10414.14
2009-12-22,10414.67,10479.82,10414.59,10464.93
2009-12-23,10464.32,10492.06,10437.8,10466.44
2009-12-28,10517.91,10551.61,10506.34,10547.08
2009-12-29,10547.83,10580.33,10544.28,10545.41
2009-12-30,10544.36,10550.7,10505.66,10548.51
2010-01-04,10430.69,10604.97,10430.69,10583.96
2010-01-05,10584.56,10584.56,10522.52,10572.02
2010-01-06,10564.72,10594.99,10546.55,10573.68
2010-01-07,10571.11,10612.37,10505.21,10606.86
2010-01-08,10606.4,10619.4,10554.33,10618.19
2010-01-11,10620.31,10676.23,10591.59,10663.99
2010-01-12,10662.86,10663.08,10568.84,10627.26
2010-01-13,10628.09,10709.26,10614.49,10680.77
2010-01-14,10680.16,10723.77,10666.86,10710.55
2010-01-15,10706.99,10709.94,10561.06,10609.65
2010-01-19,10608.37,10729.89,10591.97,10725.43
2010-01-20,10719.69,10719.92,10517.3,10603.15
2010-01-21,10603.91,10614.94,10374.69,10389.88
2010-01-22,10389.58,10389.58,10157.64,10172.98
2010-01-25,10175.1,10256.87,10171.77,10196.86
2010-01-26,10195.35,10285.13,10155.6,10194.29
2010-01-27,10194.29,10255.06,10104.36,10236.16
2010-01-28,10236.92,10258.83,10055.08,10120.46
2010-01-29,10122.04,10239.34,10043.75,10067.33
2010-02-01,10068.99,10190.89,10068.91,10185.53
2010-02-02,10186.13,10314.84,10173.59,10296.85
2010-02-03,10291.73,10307.2,10231.93,10270.55
2010-02-04,10273.12,10273.12,9998.03,10002.18
2010-02-05,10003.69,10031.96,9835.09,10012.23
2010-02-08,10005.43,10028.56,9904.09,9908.39
2010-02-09,9910.28,10139.43,9910.06,10058.64
2010-02-10,10055.46,10085.54,9962.96,10038.38
2010-02-11,10037.85,10161.57,9976.71,10144.19
2010-02-12,10137.23,10137.39,9983.82,10099.14
2010-02-16,10100.81,10279.54,10100.81,10268.81
2010-02-17,10261.48,10320.13,10261.48,10309.24
2010-02-18,10309.39,10406.58,10294.51,10392.9
2010-02-19,10387.77,10438.55,10339.17,10402.35
2010-02-22,10402.43,10433.64,10368.95,10383.38
2010-02-23,10383.16,10411.12,10267.83,10282.41
2010-02-24,10284.0,10393.51,10283.93,10374.16
2010-02-25,10366.6,10366.68,10185.83,10321.03
2010-02-26,10321.41,10353.45,10272.29,10325.26
2010-03-01,10326.1,10413.99,10326.1,10403.79
2010-03-02,10404.16,10456.92,10389.43,10405.98
2010-03-03,10406.28,10469.54,10376.58,10396.76
2010-03-04,10396.53,10452.38,10390.86,10444.14
2010-03-05,10445.13,10571.94,10445.05,10566.2
2010-03-08,10563.78,10587.74,10542.39,10552.52
2010-03-09,10552.24,10612.6,10533.93,10564.38
2010-03-10,10560.13,10601.79,10526.52,10567.33
2010-03-11,10560.98,10611.84,10507.17,10611.84
2010-03-12,10611.77,10644.95,10594.84,10624.69
2010-03-15,10623.41,10644.19,10570.51,10642.15
2010-03-16,10642.53,10693.99,10621.9,10685.98
2010-03-17,10686.36,10767.98,10686.36,10733.67
2010-03-18,10733.44,10784.0,10728.15,10779.17
2010-03-19,10780.0,10819.9,10694.22,10741.98
2010-03-22,10741.0,10809.85,10695.13,10785.89
2010-03-23,10787.18,10893.89,10784.76,10888.83
2010-03-24,10887.62,10887.84,10825.42,10836.15
2010-03-25,10837.51,10955.48,10834.19,10841.21
2010-03-26,10841.29,10909.38,10816.43,10850.36
2010-03-29,10849.23,10916.64,10849.23,10895.86
2010-03-30,10895.02,10940.22,10866.83,10907.42
2010-03-31,10907.34,10907.42,10832.83,10856.63
2010-04-01,10857.31,10956.39,10857.31,10927.07
2010-04-06,10972.49,10987.38,10927.52,10969.99
2010-04-07,10961.95,10962.66,10845.45,10897.52
2010-04-08,10896.99,10949.36,10844.09,10927.07
2010-04-09,10926.92,11000.98,10926.92,10997.35
2010-04-12,10996.75,11029.77,10992.21,11005.97
2010-04-13,11006.72,11038.92,10947.77,11019.42
2010-04-14,11020.7,11125.22,11020.63,11123.11
2010-04-15,11122.96,11154.55,11096.2,11144.57
2010-04-16,11143.66,11153.79,10973.92,11018.66
2010-04-19,11018.36,11095.3,10977.85,11092.05
2010-04-20,11093.11,11146.08,11081.47,11117.06
2010-04-21,11116.91,11153.72,11071.34,11124.92
2010-04-22,11119.78,11149.86,11016.4,11134.29
2010-04-23,11132.18,11205.64,11105.65,11204.28
2010-04-26,11205.11,11258.01,11187.65,11205.03
2010-04-27,11203.67,11218.86,10973.17,10991.99
2010-04-28,10988.87,11078.52,10965.38,11045.27
2010-04-29,11045.64,11197.32,11041.64,11167.32
2010-04-30,11168.23,11197.93,10999.69,11008.61
2010-05-03,11009.6,11177.67,11009.6,11151.83
2010-05-04,11149.48,11149.48,10869.25,10926.77
2010-05-05,10918.4,10946.79,10814.84,10868.12
2010-05-06,10862.22,10879.76,9869.62,10520.32
2010-05-07,10519.42,10579.12,10241.23,10380.43
2010-05-10,10386.18,10835.17,10386.03,10785.14
2010-05-11,10780.0,10874.54,10685.38,10748.26
2010-05-12,10742.15,10909.08,10742.15,10896.91
2010-05-13,10896.61,10920.27,10771.69,10782.95
2010-05-14,10780.68,10780.75,10537.25,10620.16
2010-05-17,10616.98,10660.97,10436.06,10625.83
2010-05-18,10625.45,10718.86,10482.2,10510.95
2010-05-19,10505.7,10522.52,10324.66,10444.37
2010-05-20,10440.21,10440.21,10065.36,10068.01
2010-05-21,10063.93,10198.53,9918.82,10193.39
2010-05-24,10193.46,10196.41,10052.67,10066.57
2010-05-25,10061.43,10061.66,9774.48,10043.75
2010-05-26,10045.11,10179.03,9952.68,9974.45
2010-05-27,9971.73,10264.2,9971.73,10258.99
2010-05-28,10258.0,10258.0,10095.9,10136.63
2010-06-01,10133.94,10218.33,10013.9,10024.02
2010-06-02,10025.61,10254.22,10025.61,10249.54
2010-06-03,10250.67,10315.21,10175.02,10255.28
2010-06-04,10249.61,10249.69,9889.88,9931.97
2010-06-07,9931.75,9982.38,9810.3,9816.49
2010-06-08,9812.94,9953.66,9757.55,9939.98
2010-06-09,9941.57,10065.14,9867.73,9899.25
2010-06-10,9901.67,10185.83,9901.67,10172.53
2010-06-11,10166.78,10215.98,10082.71,10211.07
2010-06-14,10211.83,10328.67,10186.21,10190.89
2010-06-15,10192.4,10408.32,10192.4,10404.77
2010-06-16,10404.24,10429.03,10332.6,10409.46
2010-06-17,10409.98,10441.2,10319.22,10434.17
2010-06-18,10435.0,10483.44,10424.49,10450.64
2010-06-21,10452.46,10594.16,10395.55,10442.41
2010-06-22,10441.95,10493.57,10283.4,10293.52
2010-06-23,10293.3,10368.04,10227.24,10298.44
2010-06-24,10297.08,10298.06,10128.85,10152.8
2010-06-25,10153.48,10202.91,10081.08,10143.81
2010-06-28,10143.05,10201.93,10101.41,10138.52
2010-06-29,10135.72,10135.8,9811.92,9870.3
2010-06-30,9868.34,9908.92,9753.84,9774.02
2010-07-01,9773.27,9795.48,9621.89,9732.53
2010-07-02,9732.23,9770.87,9614.32,9686.48
2010-07-06,9689.21,9858.13,9659.01,9743.62
2010-07-07,9736.85,10026.6,9736.7,10018.28
2010-07-08,10019.26,10139.86,10019.26,10138.99
2010-07-09,10137.93,10201.77,10118.41,10198.03
2010-07-12,10199.24,10220.28,10146.49,10216.27
2010-07-13,10217.55,10407.82,10217.55,10363.02
2010-07-14,10370.96,10400.1,10303.0,10366.72
2010-07-15,10367.1,10379.74,10240.48,10359.31
2010-07-16,10356.2,10356.2,10079.58,10097.9
2010-07-19,10098.12,10187.28,10073.68,10154.43
2010-07-20,10151.48,10236.4,10007.76,10229.96
2010-07-21,10226.02,10265.54,10065.5,10120.53
2010-07-22,10121.81,10363.24,10121.81,10322.3
2010-07-23,10321.16,10441.95,10287.48,10424.62
2010-07-26,10424.17,10526.79,10414.4,10525.43
2010-07-27,10525.28,10578.33,10494.86,10537.69
2010-07-28,10537.01,10548.52,10463.22,10497.88
2010-07-29,10498.94,10584.99,10387.39,10467.16
2010-07-30,10465.19,10507.19,10347.5,10465.94
2010-08-02,10468.82,10692.2,10468.59,10674.38
2010-08-03,10673.92,10676.95,10600.96,10636.38
2010-08-04,10630.2,10702.99,10627.53,10680.43
2010-08-05,10679.67,10679.75,10612.85,10674.98
2010-08-06,10668.55,10668.7,10515.37,10653.56
2010-08-09,10654.62,10719.94,10649.4,10698.75
2010-08-10,10696.63,10700.71,10551.62,10644.25
2010-08-11,10631.82,10631.9,10367.33,10378.83
2010-08-12,10361.58,10361.65,10268.71,10319.95
2010-08-13,10320.33,10354.92,10285.44,10303.15
2010-08-16,10303.07,10333.12,10209.53,10302.01
2010-08-17,10297.63,10480.44,10297.47,10405.85
2010-08-18,10398.59,10472.3,10330.02,10415.54
2010-08-19,10369.98,10412.29,10202.34,10271.21
2010-08-20,10270.98,10270.98,10147.24,10213.62
2010-08-23,10215.51,10304.7,10170.29,10174.41
2010-08-24,10173.05,10173.05,9991.18,10040.45
2010-08-25,10040.15,10097.4,9937.98,10060.06
2010-08-26,10059.9,10104.71,9968.1,9985.81
2010-08-27,9982.18,10159.88,9936.62,10150.65
2010-08-30,10145.58,10150.57,10007.68,10009.73
2010-08-31,10006.42,10073.38,9941.84,10014.72
2010-09-01,10016.01,10279.08,10016.01,10269.47
2010-09-02,10270.08,10320.37,10253.96,10320.1
2010-09-03,10321.92,10451.15,10321.84,10447.93
2010-09-07,10446.8,10446.8,10332.4,10340.69
2010-09-08,10338.49,10426.7,10335.69,10387.01
2010-09-09,10388.14,10476.62,10386.63,10415.24
2010-09-10,10415.01,10471.28,10403.17,10462.77
2010-09-13,10458.6,10567.59,10458.6,10544.13
2010-09-14,10544.73,10588.32,10499.7,10526.49
2010-09-15,10526.42,10587.8,10480.78,10572.73
2010-09-16,10571.75,10603.69,10522.48,10594.83
2010-09-17,10595.51,10650.16,10567.36,10607.85
2010-09-20,10608.08,10774.13,10608.08,10753.62
2010-09-21,10753.39,10833.39,10717.74,10761.03
2010-09-22,10761.11,10805.38,10708.4,10739.31
2010-09-23,10738.48,10761.94,10640.92,10662.42
2010-09-24,10664.39,10865.78,10664.31,10860.26
2010-09-27,10860.03,10873.2,10809.62,10812.04
2010-09-28,10809.17,10886.21,10728.64,10858.14
2010-09-29,10857.98,10869.26,10798.88,10835.28
2010-09-30,10836.04,10948.88,10745.44,10788.05
2010-10-01,10789.72,10866.54,10780.64,10829.68
2010-10-04,10828.85,10853.71,10711.12,10751.27
2010-10-05,10752.78,10965.61,10752.63,10944.72
2010-10-06,10936.79,10974.16,10918.57,10967.65
2010-10-07,10968.41,10998.53,10892.76,10948.58
2010-10-08,10948.5,11032.17,10929.28,11006.48
2010-10-11,11006.93,11030.5,10977.9,11010.34
2010-10-12,11010.79,11053.21,10913.84,11020.4
2010-10-13,11022.82,11155.23,11022.07,11096.08
2010-10-14,11096.99,11112.2,11023.54,11094.57
2010-10-15,11096.01,11141.19,11010.68,11062.78
2010-10-18,11062.63,11159.05,11054.76,11143.69
2010-10-19,11139.6,11139.6,10917.62,10978.62
2010-10-20,10974.52,11152.88,10970.89,11107.97
2010-10-21,11105.24,11213.54,11066.19,11146.57
2010-10-22,11146.41,11159.05,11109.25,11132.56
2010-10-25,11133.4,11247.6,11132.34,11164.05
2010-10-26,11163.14,11184.82,11087.0,11169.46
2010-10-27,11168.4,11168.4,11020.82,11126.28
2010-10-28,11127.34,11179.34,11052.6,11113.95
2010-10-29,11120.45,11131.01,11075.8,11118.49
2010-11-01,11120.3,11244.27,11062.33,11124.62
2010-11-02,11125.22,11219.52,11125.22,11188.72
2010-11-03,11184.88,11226.64,11097.37,11215.13
2010-11-04,11216.65,11440.37,11216.65,11434.84
2010-11-05,11435.22,11451.53,11393.52,11444.08
2010-11-08,11439.54,11439.61,11362.53,11406.84
2010-11-09,11403.59,11421.14,11303.19,11346.75
2010-11-10,11342.81,11366.16,11255.02,11357.04
2010-11-11,11326.69,11326.77,11231.22,11283.1
2010-11-12,11281.28,11283.7,11143.84,11192.58
2010-11-15,11194.02,11280.9,11189.1,11201.97
2010-11-16,11194.7,11194.7,10978.93,11023.5
2010-11-17,11017.83,11042.16,10990.81,11007.88
2010-11-18,11010.49,11199.69,11010.34,11181.23
2010-11-19,11180.77,11206.17,11119.24,11203.55
2010-11-22,11201.66,11206.05,11054.53,11178.58
2010-11-23,11177.6,11180.17,10992.17,11036.37
2010-11-24,11037.35,11195.99,11037.35,11187.28
2010-11-26,11183.5,11183.5,11067.17,11092.0
2010-11-29,11083.75,11083.82,10929.28,11052.49
2010-11-30,11049.72,11062.63,10942.98,11006.02
2010-12-01,11007.23,11276.1,11007.23,11255.78
2010-12-02,11255.93,11373.8,11255.85,11362.41
2010-12-03,11361.88,11388.87,11318.82,11382.09
2010-12-06,11381.33,11392.08,11350.27,11362.19
2010-12-07,11363.85,11450.89,11354.09,11359.16
2010-12-08,11354.3,11389.09,11327.49,11372.48
2010-12-09,11370.36,11413.35,11331.5,11370.06
2010-12-10,11370.44,11413.69,11357.72,11410.32
2010-12-13,11406.16,11480.03,11405.33,11428.56
2010-12-14,11429.24,11514.08,11428.94,11476.54
2010-12-15,11475.64,11519.04,11445.67,11457.47
2010-12-16,11458.0,11514.84,11421.3,11499.25
2010-12-17,11499.02,11503.18,11451.0,11491.91
2010-12-20,11491.3,11517.07,11442.68,11478.13
2010-12-21,11478.36,11549.12,11478.29,11533.16
2010-12-22,11532.17,11566.99,11528.08,11559.49
2010-12-23,11559.11,11580.84,11542.62,11573.49
2010-12-27,11572.81,11573.19,11518.44,11555.03
2010-12-28,11554.8,11591.13,11541.14,11575.54
2010-12-29,11572.74,11625.0,11572.66,11585.38
2010-12-30,11585.3,11594.38,11551.93,11569.71
2011-01-03,11577.43,11711.47,11577.35,11670.75
2011-01-04,11670.9,11698.22,11635.74,11691.18
2011-01-05,11688.61,11742.68,11652.89,11722.89
2011-01-06,11716.93,11736.74,11667.46,11697.31
2011-01-07,11696.86,11726.94,11599.68,11674.76
2011-01-10,11672.34,11677.33,11573.87,11637.45
2011-01-11,11638.51,11704.12,11635.48,11671.88
2011-01-12,11673.62,11782.23,11673.62,11755.44
2011-01-13,11753.7,11757.25,11700.53,11731.9
2011-01-14,11732.13,11794.15,11698.83,11787.38
2011-01-18,11783.82,11858.78,11777.99,11837.93
2011-01-19,11834.21,11861.24,11798.46,11825.29
2011-01-20,11823.7,11845.16,11744.77,11822.8
2011-01-21,11822.95,11905.48,11822.8,11871.84
2011-01-24,11873.43,11982.94,11867.98,11980.52
2011-01-25,11980.52,11985.97,11898.74,11977.19
2011-01-26,11978.85,12020.52,11961.83,11985.44
2011-01-27,11985.36,12019.53,11971.93,11989.83
2011-01-28,11990.36,12012.42,11803.04,11823.7
2011-01-31,11824.39,11891.93,11817.88,11891.93
2011-02-01,11892.5,12050.75,11892.5,12040.16
2011-02-02,12038.27,12057.91,12018.51,12041.97
2011-02-03,12040.68,12080.54,11981.05,12062.26
2011-02-04,12061.73,12092.42,12025.78,12092.15
2011-02-07,12092.38,12188.76,12092.3,12161.63
2011-02-08,12152.7,12238.79,12150.05,12233.15
2011-02-09,12229.29,12254.23,12188.19,12239.89
2011-02-10,12239.66,12239.66,12156.94,12229.29
2011-02-11,12227.78,12285.94,12180.48,12273.26
2011-02-14,12266.83,12276.21,12235.91,12268.19
2011-02-15,12266.75,12267.66,12193.27,12226.64
2011-02-16,12219.79,12303.16,12219.79,12288.17
2011-02-17,12287.72,12331.31,12253.24,12318.14
2011-02-18,12318.67,12391.29,12303.23,12391.25
2011-02-22,12389.74,12389.82,12176.31,12212.79
2011-02-23,12211.81,12221.12,12063.43,12105.78
2011-02-24,12104.56,12129.62,11983.17,12068.5
2011-02-25,12060.93,12151.03,12060.93,12130.45
2011-02-28,12130.45,12235.04,12130.15,12226.34
2011-03-01,12226.49,12261.38,12054.99,12058.02
2011-03-02,12057.34,12115.12,12018.63,12066.8
2011-03-03,12068.01,12283.1,12068.01,12258.2
2011-03-04,12258.88,12271.37,12079.51,12169.88
2011-03-07,12171.09,12243.44,12041.6,12090.03
2011-03-08,12085.87,12251.2,12072.21,12214.38
2011-03-09,12211.16,12257.82,12156.6,12213.09
2011-03-10,12211.43,12211.43,11974.39,11984.61
2011-03-11,11976.96,12087.01,11936.32,12044.4
2011-03-14,12042.13,12042.13,11897.31,11993.16
2011-03-15,11988.69,11988.69,11696.25,11855.42
2011-03-16,11854.2,11856.7,11613.3,11613.3
2011-03-17,11614.89,11800.54,11614.82,11774.59
2011-03-18,11777.23,11927.09,11777.23,11858.52
2011-03-21,11860.11,12078.3,11860.11,12036.53
2011-03-22,12036.37,12050.98,12002.85,12018.63
2011-03-23,12018.4,12116.14,11972.61,12086.02
2011-03-24,12087.54,12191.18,12087.54,12170.56
2011-03-25,12170.71,12259.79,12170.71,12220.59
2011-03-28,12221.19,12272.92,12197.88,12197.88
2011-03-29,12194.48,12285.41,12173.51,12279.01
2011-03-30,12280.07,12383.46,12280.07,12350.61
2011-03-31,12350.76,12381.68,12319.01,12319.73
2011-04-01,12321.02,12419.71,12321.02,12376.72
2011-04-04,12374.6,12407.41,12369.15,12400.03
2011-04-05,12402.08,12438.14,12353.34,12393.9
2011-04-06,12386.66,12450.93,12386.66,12426.75
2011-04-07,12426.45,12440.56,12328.36,12409.49
2011-04-08,12409.87,12450.36,12320.72,12380.05
2011-04-11,12380.43,12444.0,12352.88,12381.11
2011-04-12,12381.19,12381.19,12233.0,12263.58
2011-04-13,12263.65,12335.1,12224.45,12270.99
2011-04-14,12270.24,12305.58,12163.86,12285.15
2011-04-15,12285.45,12369.27,12272.58,12341.83
2011-04-18,12339.71,12339.79,12093.89,12201.59
2011-04-19,12201.44,12275.34,12200.3,12266.75
2011-04-20,12266.75,12475.53,12263.58,12453.54
2011-04-21,12453.62,12506.06,12447.56,12505.99
2011-04-26,12480.86,12613.16,12478.14,12595.37
2011-04-27,12592.23,12708.37,12588.33,12690.96
2011-04-28,12689.9,12776.14,12674.54,12763.31
2011-04-29,12763.46,12832.83,12751.13,12810.54
2011-05-02,12810.16,12876.0,12784.62,12807.36
2011-05-03,12806.38,12840.66,12749.99,12807.51
2011-05-04,12806.29,12806.68,12673.02,12723.58
2011-05-05,12723.65,12724.56,12521.28,12584.17
2011-05-06,12580.76,12759.23,12579.93,12638.74
2011-05-09,12637.83,12722.07,12620.2,12684.68
2011-05-10,12685.13,12781.06,12681.65,12760.36
2011-05-11,12745.87,12748.21,12577.21,12630.03
2011-05-12,12629.96,12718.58,12537.17,12695.92
2011-05-13,12695.65,12714.5,12543.19,12595.75
2011-05-16,12594.77,12642.9,12530.81,12548.37
2011-05-17,12541.33,12541.33,12378.84,12479.58
2011-05-18,12471.78,12571.15,12443.1,12560.18
2011-05-19,12561.46,12633.59,12533.46,12605.32
2011-05-20,12604.72,12604.83,12485.86,12512.04
2011-05-23,12511.36,12511.36,12331.77,12381.26
2011-05-24,12381.57,12422.55,12350.04,12356.21
2011-05-25,12355.45,12440.03,12309.52,12394.66
2011-05-26,12391.63,12441.58,12317.92,12402.76
2011-05-27,12398.06,12483.81,12397.69,12441.58
2011-05-31,12443.4,12574.29,12443.4,12569.79
2011-06-01,12569.41,12569.49,12282.42,12290.14
2011-06-02,12289.61,12306.71,12190.54,12248.55
2011-06-03,12247.8,12247.87,12104.03,12151.26
2011-06-06,12151.19,12151.49,12070.66,12089.96
2011-06-07,12090.18,12178.89,12066.61,12070.81
2011-06-08,12066.27,12098.36,12024.26,12048.94
2011-06-09,12049.47,12183.12,12049.09,12124.36
2011-06-10,12124.17,12124.85,11937.42,11951.91
2011-06-13,11945.33,12011.66,11917.78,11952.97
2011-06-14,11951.38,12120.8,11951.38,12076.11
2011-06-15,12075.12,12075.2,11862.53,11897.27
2011-06-16,11896.13,11990.02,11875.77,11961.52
2011-06-17,11962.66,12072.89,11962.51,12004.36
2011-06-20,12004.28,12099.87,11971.29,12080.38
2011-06-21,12081.33,12217.33,12081.18,12190.01
2011-06-22,12189.71,12207.99,12105.85,12109.67
2011-06-23,12108.35,12108.73,11874.94,12050.0
2011-06-24,12049.24,12057.19,11925.42,11934.58
2011-06-27,11934.66,12098.81,11934.05,12043.56
2011-06-28,12042.28,12190.43,12042.28,12188.69
2011-06-29,12187.63,12284.39,12175.86,12261.42
2011-06-30,12262.25,12427.09,12262.1,12414.34
2011-07-01,12412.07,12596.13,12404.08,12582.77
2011-07-05,12583.0,12601.8,12540.58,12569.87
2011-07-06,12562.47,12643.24,12539.21,12626.02
2011-07-07,12627.23,12753.89,12627.23,12719.49
2011-07-08,12717.9,12717.9,12567.41,12657.2
2011-07-11,12655.62,12655.84,12470.3,12505.76
2011-07-12,12505.54,12570.58,12446.88,12446.88
2011-07-13,12447.33,12611.04,12447.33,12491.61
2011-07-14,12491.53,12581.98,12414.41,12437.12
2011-07-15,12437.12,12504.82,12406.09,12479.73
2011-07-18,12475.11,12475.26,12296.23,12385.16
2011-07-19,12386.03,12607.56,12385.96,12587.42
2011-07-20,12583.68,12603.51,12546.56,12571.91
2011-07-21,12567.07,12751.43,12566.61,12724.41
2011-07-22,12724.71,12740.87,12644.19,12681.16
2011-07-25,12679.72,12679.95,12536.19,12592.8
2011-07-26,12592.12,12593.4,12489.04,12501.3
2011-07-27,12498.42,12498.65,12289.69,12302.55
2011-07-28,12301.72,12384.9,12226.83,12240.11
2011-07-29,12239.36,12243.07,12083.45,12143.24
2011-08-01,12144.22,12282.42,11998.08,12132.49
2011-08-02,12129.77,12130.3,11865.56,11866.62
2011-08-03,11863.74,11904.91,11700.34,11896.44
2011-08-04,11893.86,11893.94,11372.14,11383.68
2011-08-05,11383.98,11555.41,11139.0,11444.61
2011-08-08,11433.93,11434.09,10809.85,10809.85
2011-08-09,10810.91,11244.01,10604.07,11239.77
2011-08-10,11228.0,11228.0,10686.49,10719.94
2011-08-11,10729.85,11278.9,10729.85,11143.31
2011-08-12,11143.46,11346.67,11142.18,11269.02
2011-08-15,11269.85,11484.6,11269.85,11482.9
2011-08-16,11480.48,11488.01,11292.63,11405.93
2011-08-17,11392.01,11529.67,11322.3,11410.21
2011-08-18,11406.27,11406.5,10881.6,10990.58
2011-08-19,10989.75,11086.4,10801.41,10817.65
2011-08-22,10820.37,11020.55,10820.37,10854.65
2011-08-23,10854.58,11176.84,10854.43,11176.76
2011-08-24,11175.78,11331.57,11113.04,11320.71
2011-08-25,11321.02,11406.39,11106.76,11149.82
2011-08-26,11145.2,11326.43,10929.2,11284.54
2011-08-29,11286.65,11541.78,11286.58,11539.25
2011-08-30,11532.13,11630.07,11429.39,11559.95
2011-08-31,11560.48,11712.6,11528.08,11613.53
2011-09-01,11613.3,11716.84,11488.46,11493.57
2011-09-02,11492.06,11492.14,11211.35,11240.26
2011-09-06,11237.31,11237.46,10932.53,11139.3
2011-09-07,11137.63,11414.86,11137.63,11414.86
2011-09-08,11414.86,11477.3,11283.74,11295.81
2011-09-09,11294.6,11294.83,10935.64,10992.13
2011-09-12,10990.01,11062.03,10824.76,11061.12
2011-09-13,11054.99,11140.85,10987.18,11105.85
2011-09-14,11106.83,11386.78,10993.84,11246.73
2011-09-15,11247.72,11433.4,11247.49,11433.18
2011-09-16,11433.71,11532.47,11407.41,11509.09
2011-09-19,11506.67,11506.82,11255.25,11401.01
2011-09-20,11401.47,11550.22,11373.92,11408.66
2011-09-21,11408.58,11447.86,11117.28,11124.84
2011-09-22,11121.89,11122.12,10597.14,10733.83
2011-09-23,10732.77,10808.49,10638.73,10771.48
2011-09-26,10771.78,11057.49,10771.78,11043.86
2011-09-27,11045.23,11369.3,11045.23,11190.69
2011-09-28,11189.1,11317.08,10996.98,11010.9
2011-09-29,11012.79,11271.14,10965.45,11153.98
2011-09-30,11152.32,11152.39,10909.52,10913.38
2011-10-03,10912.1,10979.19,10653.34,10655.3
2011-10-04,10651.44,10825.44,10404.49,10808.71
2011-10-05,10800.47,10950.89,10738.1,10939.95
2011-10-06,10939.87,11132.6,10858.67,11123.33
2011-10-07,11123.41,11232.05,11051.13,11103.12
2011-10-10,11104.56,11433.33,11104.56,11433.18
2011-10-11,11432.8,11447.86,11365.67,11416.3
2011-10-12,11417.36,11625.3,11417.28,11518.85
2011-10-13,11518.09,11518.09,11377.82,11478.13
2011-10-14,11478.97,11646.83,11478.66,11644.49
2011-10-17,11643.35,11643.35,11378.35,11397.0
2011-10-18,11396.17,11652.74,11296.12,11577.05
2011-10-19,11577.54,11633.7,11469.17,11504.62
2011-10-20,11502.13,11581.25,11391.14,11541.78
2011-10-21,11543.22,11812.46,11542.84,11808.79
2011-10-24,11807.96,11940.75,11805.77,11913.62
2011-10-25,11912.63,11912.86,11682.52,11706.62
2011-10-26,11707.76,11891.21,11694.36,11869.04
2011-10-27,11872.07,12284.31,11872.07,12208.55
2011-10-28,12207.34,12251.92,12164.24,12231.11
2011-10-31,12229.22,12229.29,11954.41,11955.01
2011-11-01,11951.53,11951.76,11630.03,11657.96
2011-11-02,11658.49,11876.83,11658.49,11836.04
2011-11-03,11835.59,12065.93,11835.43,12044.47
2011-11-04,12043.41,12043.49,11850.31,11983.24
2011-11-07,11983.02,12074.44,11880.69,12068.39
2011-11-08,12055.52,12187.51,12002.17,12170.18
2011-11-09,12166.4,12166.4,11736.93,11780.94
2011-11-10,11780.03,11961.14,11779.88,11893.79
2011-11-11,11896.28,12179.72,11896.28,12153.68
2011-11-14,12153.0,12170.56,12027.03,12078.98
2011-11-15,12077.92,12165.11,12001.26,12096.16
2011-11-16,12084.74,12109.03,11890.57,11905.59
2011-11-17,11905.67,11948.43,11676.35,11770.73
2011-11-18,11768.98,11854.81,11755.82,11796.16
2011-11-21,11795.55,11795.7,11454.07,11547.31
2011-11-22,11542.39,11571.75,11433.97,11493.72
2011-11-23,11492.74,11492.82,11257.55,11257.55
2011-11-25,11251.88,11361.47,11231.56,11231.78
2011-11-28,11232.47,11562.1,11232.16,11523.01
2011-11-29,11523.01,11624.01,11517.04,11555.63
2011-11-30,11559.27,12045.68,11559.27,12045.68
2011-12-01,12046.21,12062.64,11974.62,12020.03
2011-12-02,12022.37,12146.68,12007.12,12019.42
2011-12-05,12021.54,12186.53,12021.46,12097.83
2011-12-06,12097.75,12215.71,12076.71,12150.13
2011-12-07,12144.41,12257.67,12060.37,12196.37
2011-12-08,12195.91,12195.91,11966.22,11997.7
2011-12-09,11996.03,12212.83,11995.51,12184.26
2011-12-12,12181.08,12181.38,11940.86,12021.39
2011-12-13,12018.66,12147.7,11904.38,11954.94
2011-12-14,11949.72,11950.02,11786.47,11823.48
2011-12-15,11825.29,11967.84,11825.22,11868.81
2011-12-16,11870.25,11968.18,11819.31,11866.39
2011-12-19,11866.54,11925.88,11735.19,11766.26
2011-12-20,11769.21,12117.13,11768.83,12103.58
2011-12-21,12103.28,12119.7,11999.44,12107.74
2011-12-22,12107.59,12182.71,12107.37,12169.65
2011-12-23,12169.8,12297.44,12169.8,12294.0
2011-12-27,12293.47,12328.47,12269.97,12291.35
2011-12-28,12288.85,12299.11,12140.17,12151.41
2011-12-29,12152.09,12293.96,12152.09,12287.04
2011-12-30,12286.13,12290.06,12213.78,12217.56
2012-01-03,12221.19,12479.65,12221.19,12397.38
2012-01-04,12392.46,12430.0,12337.25,12418.42
2012-01-05,12418.42,12435.98,12283.9,12415.7
2012-01-06,12407.45,12415.24,12332.41,12359.92
2012-01-09,12359.31,12409.08,12333.85,12392.69
2012-01-10,12394.51,12514.69,12394.51,12462.47
2012-01-11,12459.52,12462.58,12399.01,12449.45
2012-01-12,12449.91,12483.7,12385.08,12471.02
2012-01-13,12469.96,12470.12,12311.79,12422.06
2012-01-17,12423.12,12573.65,12423.12,12482.07
2012-01-18,12474.69,12582.28,12453.2,12578.95
2012-01-19,12578.19,12625.8,12563.58,12623.98
2012-01-20,12623.83,12720.48,12620.76,12720.48
2012-01-23,12720.25,12764.49,12665.83,12708.82
2012-01-24,12708.37,12708.52,12613.54,12675.75
2012-01-25,12673.63,12778.26,12580.12,12756.96
2012-01-26,12757.33,12841.95,12695.16,12734.63
2012-01-27,12733.95,12733.95,12630.72,12660.46
2012-01-30,12659.17,12659.32,12529.41,12653.72
2012-01-31,12654.78,12720.1,12567.33,12632.91
2012-02-01,12632.76,12784.62,12632.76,12716.46
2012-02-02,12716.54,12741.89,12676.05,12705.41
2012-02-03,12705.04,12869.95,12704.96,12862.23
2012-02-06,12860.72,12860.79,12793.43,12845.13
2012-02-07,12844.37,12903.71,12782.57,12878.2
2012-02-08,12865.79,12893.64,12817.69,12883.95
2012-02-09,12884.41,12924.71,12846.41,12890.46
2012-02-10,12889.55,12889.63,12743.56,12801.23
2012-02-13,12799.11,12887.93,12799.11,12874.04
2012-02-14,12871.77,12878.88,12786.93,12878.28
2012-02-15,12864.65,12899.47,12753.62,12780.95
2012-02-16,12779.81,12914.0,12779.58,12904.08
2012-02-17,12903.33,12967.92,12903.25,12949.87
2012-02-21,12949.34,13005.04,12926.11,12965.69
2012-02-22,12966.22,12977.91,12914.83,12938.67
2012-02-23,12937.08,12996.08,12882.67,12984.69
2012-02-24,12981.2,13013.82,12950.59,12982.95
2012-02-27,12981.13,13027.52,12882.59,12981.51
2012-02-28,12976.74,13021.51,12952.82,13005.12
2012-02-29,13005.42,13055.75,12929.66,12952.07
2012-03-01,12952.29,13032.67,12943.06,12980.3
2012-03-02,12980.75,12997.51,12927.77,12977.57
2012-03-05,12977.34,12977.34,12883.91,12962.81
2012-03-06,12958.65,12958.73,12734.86,12759.15
2012-03-07,12756.12,12857.73,12751.51,12837.33
2012-03-08,12835.53,12937.19,12835.53,12907.94
2012-03-09,12908.62,12968.79,12906.43,12922.02
2012-03-12,12920.58,12976.36,12919.98,12959.71
2012-03-13,12953.2,13180.4,12953.13,13177.68
2012-03-14,13177.15,13221.27,13166.25,13194.1
2012-03-15,13192.97,13253.51,13170.19,13252.76
2012-03-16,13253.51,13289.08,13231.45,13232.62
2012-03-19,13231.94,13269.71,13208.63,13239.13
2012-03-20,13238.45,13238.45,13123.38,13170.19
2012-03-21,13170.79,13190.02,13112.93,13124.62
2012-03-22,13124.4,13124.47,13017.42,13046.14
2012-03-23,13045.99,13099.91,13002.77,13080.73
2012-03-26,13082.62,13243.86,13082.39,13241.63
2012-03-27,13242.09,13264.98,13194.33,13197.73
2012-03-28,13195.39,13212.64,13069.26,13126.21
2012-03-29,13125.99,13151.57,13032.67,13145.82
2012-03-30,13147.94,13224.49,13147.78,13212.04
2012-04-02,13211.36,13297.11,13153.69,13264.49
2012-04-03,13258.96,13265.36,13131.21,13199.55
2012-04-04,13198.19,13198.19,13020.86,13074.75
2012-04-05,13067.18,13088.11,13012.46,13060.14
2012-04-10,12929.44,12929.59,12710.56,12715.93
2012-04-11,12716.92,12844.82,12716.92,12805.39
2012-04-12,12806.45,12986.96,12806.3,12986.58
2012-04-13,12986.2,12986.35,12845.28,12849.59
2012-04-16,12850.88,12986.77,12850.8,12921.41
2012-04-17,12921.79,13131.36,12921.79,13115.54
2012-04-18,13114.56,13114.56,13027.49,13032.75
2012-04-19,13028.73,13080.2,12896.82,12964.1
2012-04-20,12964.48,13082.54,12964.25,13029.26
2012-04-23,13028.2,13028.2,12845.58,12927.17
2012-04-24,12927.77,13050.3,12926.49,13001.56
2012-04-25,12997.69,13105.7,12993.6,13090.72
2012-04-26,13090.11,13227.82,13075.96,13204.62
2012-04-27,13204.7,13266.68,13192.21,13228.31
2012-04-30,13228.31,13228.76,13176.01,13213.63
2012-05-02,13278.11,13278.11,13192.21,13268.57
2012-05-03,13267.59,13284.09,13175.64,13206.59
2012-05-04,13204.62,13205.0,13022.34,13038.27
2012-05-07,13035.85,13049.09,12970.0,13008.53
2012-05-08,13000.73,13000.73,12810.39,12932.09
2012-05-09,12921.81,12921.81,12748.48,12835.06
2012-05-10,12831.58,12931.71,12820.3,12855.04
2012-05-11,12851.79,12918.01,12779.28,12820.6
2012-05-14,12818.49,12818.86,12661.48,12695.35
2012-05-15,12695.05,12758.43,12608.16,12632.0
2012-05-16,12617.32,12722.63,12597.34,12598.55
2012-05-17,12598.32,12611.42,12440.52,12442.49
2012-05-18,12443.02,12492.97,12336.76,12369.38
2012-05-21,12369.15,12508.11,12367.72,12504.48
2012-05-22,12505.38,12575.96,12447.33,12502.81
2012-05-23,12501.52,12508.3,12311.56,12496.15
2012-05-24,12491.91,12539.59,12419.63,12529.75
2012-05-25,12530.74,12533.12,12421.53,12454.83
2012-05-29,12454.83,12611.61,12454.6,12580.69
2012-05-30,12579.02,12579.1,12396.4,12419.86
2012-05-31,12414.41,12489.87,12316.48,12393.45
2012-06-01,12391.56,12391.63,12107.48,12118.57
2012-06-04,12119.85,12143.69,12035.09,12101.46
2012-06-05,12101.08,12147.55,12072.17,12127.95
2012-06-06,12125.0,12414.79,12125.0,12414.79
2012-06-07,12416.53,12555.26,12416.53,12460.96
2012-06-08,12460.81,12554.2,12398.44,12554.2
2012-06-11,12553.81,12650.47,12398.48,12411.23
2012-06-12,12412.07,12577.02,12411.91,12573.8
2012-06-13,12566.38,12598.25,12453.69,12496.38
2012-06-14,12497.89,12698.68,12497.66,12651.91
2012-06-15,12652.21,12774.7,12651.38,12767.17
2012-06-18,12767.02,12781.93,12696.18,12741.82
2012-06-19,12744.62,12898.94,12744.47,12837.33
2012-06-20,12837.1,12877.18,12744.92,12824.39
2012-06-21,12823.1,12857.39,12561.46,12573.57
2012-06-22,12574.82,12674.08,12574.67,12640.78
2012-06-25,12639.8,12639.87,12458.01,12502.66
2012-06-26,12503.57,12576.41,12452.03,12534.67
2012-06-27,12532.93,12646.87,12532.71,12627.01
2012-06-28,12626.25,12626.25,12450.17,12602.26
2012-06-29,12604.6,12880.39,12604.53,12880.09
2012-07-02,12879.71,12902.12,12795.48,12871.39
2012-07-03,12868.06,12946.2,12845.28,12943.82
2012-07-05,12941.85,12961.3,12852.24,12896.67
2012-07-06,12889.4,12889.4,12702.99,12772.47
2012-07-09,12772.02,12772.02,12686.57,12736.29
2012-07-10,12733.87,12830.29,12606.91,12653.12
2012-07-11,12653.04,12661.97,12534.33,12604.53
2012-07-12,12602.71,12630.64,12492.25,12573.27
2012-07-13,12573.73,12784.73,12573.04,12777.09
2012-07-16,12776.33,12779.58,12690.05,12727.21
2012-07-17,12728.73,12829.23,12645.1,12805.54
2012-07-18,12796.98,12921.94,12754.61,12908.7
2012-07-19,12909.61,12977.57,12889.93,12943.36
2012-07-20,12942.68,12942.83,12810.35,12822.57
2012-07-23,12820.45,12820.45,12583.41,12721.46
2012-07-24,12720.93,12730.09,12521.84,12617.32
2012-07-25,12617.77,12732.77,12617.62,12676.05
2012-07-26,12680.59,12931.22,12680.59,12887.93
2012-07-27,12888.91,13117.74,12888.53,13075.66
2012-07-30,13075.35,13128.64,13042.85,13073.01
2012-07-31,13071.72,13082.66,13006.48,13008.68
2012-08-01,13007.47,13074.83,12951.16,12971.06
2012-08-02,12969.7,12969.85,12778.9,12878.88
2012-08-03,12884.82,13133.18,12884.82,13096.17
2012-08-06,13099.88,13187.28,13099.72,13117.51
2012-08-07,13118.65,13215.97,13118.42,13168.6
2012-08-08,13158.1,13202.65,13115.24,13175.64
2012-08-09,13174.73,13200.23,13125.09,13165.19
2012-08-10,13163.15,13208.22,13094.96,13207.95
2012-08-13,13204.93,13205.01,13112.94,13169.43
2012-08-14,13168.11,13223.01,13142.1,13172.14
2012-08-15,13157.47,13192.89,13138.23,13164.78
2012-08-16,13163.24,13269.35,13145.85,13250.11
2012-08-17,13251.2,13281.32,13244.85,13275.2
2012-08-20,13274.58,13276.15,13230.06,13271.64
2012-08-21,13272.1,13330.76,13186.6,13203.58
2012-08-22,13198.31,13205.06,13120.34,13172.76
2012-08-23,13171.37,13171.37,13046.46,13057.46
2012-08-24,13052.82,13175.51,13027.2,13157.97
2012-08-27,13157.74,13176.17,13115.46,13124.67
2012-08-28,13122.74,13147.32,13081.12,13102.99
2012-08-29,13103.46,13144.81,13081.27,13107.48
2012-08-30,13101.29,13101.37,12978.91,13000.71
2012-08-31,13002.72,13151.87,13002.64,13090.84
2012-09-04,13092.15,13092.39,12977.09,13035.94
2012-09-05,13036.09,13095.91,13018.74,13047.48
2012-09-06,13045.23,13294.13,13045.08,13292.0
2012-09-07,13289.53,13320.27,13266.22,13306.64
2012-09-10,13308.56,13324.1,13251.39,13254.29
2012-09-11,13254.6,13354.34,13253.21,13323.36
2012-09-12,13321.62,13373.62,13317.52,13333.35
2012-09-13,13329.71,13573.33,13325.11,13539.86
2012-09-14,13540.4,13653.24,13533.94,13593.37
2012-09-17,13588.57,13593.15,13526.67,13553.1
2012-09-18,13552.33,13582.12,13517.81,13564.64
2012-09-19,13565.41,13626.48,13556.74,13577.96
2012-09-20,13575.17,13599.02,13503.0,13596.93
2012-09-21,13597.24,13647.1,13571.53,13579.47
2012-09-24,13577.85,13601.9,13521.68,13558.92
2012-09-25,13559.92,13620.21,13457.25,13457.55
2012-09-26,13458.63,13480.37,13406.91,13413.51
2012-09-27,13413.47,13522.83,13413.47,13485.97
2012-09-28,13485.89,13487.66,13367.27,13437.13
2012-10-01,13437.66,13598.25,13437.66,13515.11
2012-10-02,13515.3,13567.06,13424.92,13482.36
2012-10-03,13479.21,13536.27,13439.12,13494.61
2012-10-04,13495.18,13594.33,13495.18,13575.36
2012-10-05,13569.18,13661.87,13568.75,13610.15
2012-10-08,13610.38,13610.38,13552.09,13583.65
2012-10-09,13582.88,13592.33,13473.31,13473.53
2012-10-10,13473.53,13478.83,13327.62,13344.97
2012-10-11,13346.28,13428.49,13326.12,13326.39
2012-10-12,13325.62,13401.32,13296.43,13328.85
2012-10-15,13329.54,13437.66,13325.93,13424.23
2012-10-16,13423.84,13556.37,13423.76,13551.78
2012-10-17,13539.63,13561.65,13468.9,13557.0
2012-10-18,13553.24,13588.73,13510.93,13548.94
2012-10-19,13545.33,13545.49,13312.22,13343.51
2012-10-22,13344.28,13368.55,13235.15,13345.89
2012-10-23,13344.9,13344.9,13083.28,13102.53
2012-10-24,13103.53,13155.21,13063.63,13077.34
2012-10-25,13079.64,13164.52,13039.86,13103.68
2012-10-26,13104.22,13151.72,13040.17,13107.21
2012-10-31,13107.44,13189.08,13052.07,13096.46
2012-11-01,13099.19,13273.71,13099.11,13232.62
2012-11-02,13233.39,13289.45,13076.57,13093.16
2012-11-05,13092.28,13140.58,13038.71,13112.44
2012-11-06,13113.89,13290.75,13112.9,13245.68
2012-11-07,13228.24,13228.32,12876.6,12932.73
2012-11-08,12932.81,12980.23,12811.24,12811.32
2012-11-09,12811.17,12890.19,12743.39,12815.39
2012-11-12,12815.93,12861.28,12783.0,12815.08
2012-11-13,12808.71,12898.25,12748.51,12756.18
2012-11-14,12746.54,12797.73,12542.68,12570.95
2012-11-15,12571.1,12600.59,12496.56,12542.38
2012-11-16,12542.31,12604.17,12471.49,12588.31
2012-11-19,12590.23,12796.19,12590.23,12795.96
2012-11-20,12790.89,12808.56,12701.07,12788.51
2012-11-21,12788.36,12845.99,12786.13,12836.89
2012-11-23,12833.13,13011.45,12832.98,13009.68
2012-11-26,13008.3,13008.45,12900.17,12967.37
2012-11-27,12963.38,12980.19,12868.26,12878.13
2012-11-28,12875.56,12989.1,12765.32,12985.11
2012-11-29,12977.35,13062.56,12961.92,13021.82
2012-11-30,13022.05,13053.74,12988.68,13025.58
2012-12-03,13027.73,13087.32,12959.42,12965.6
2012-12-04,12966.45,13022.51,12940.07,12951.78
2012-12-05,12948.96,13089.11,12923.44,13034.49
2012-12-06,13026.19,13076.88,13007.84,13074.04
2012-12-07,13072.87,13157.28,13072.87,13155.13
2012-12-10,13154.89,13195.35,13139.08,13169.88
2012-12-11,13170.34,13306.57,13170.34,13248.44
2012-12-12,13250.05,13329.44,13227.44,13245.45
2012-12-13,13241.38,13264.41,13147.19,13170.72
2012-12-14,13170.8,13190.41,13118.46,13135.01
2012-12-17,13135.17,13244.33,13134.63,13235.39
2012-12-18,13236.61,13365.86,13232.58,13350.96
2012-12-19,13351.04,13357.7,13251.74,13251.97
2012-12-20,13246.67,13314.64,13216.03,13311.72
2012-12-21,13309.95,13309.95,13122.53,13190.84
2012-12-24,13190.15,13190.38,13128.55,13139.08
2012-12-27,13114.97,13141.74,12964.08,13096.31
2012-12-28,13095.08,13095.46,12926.86,12938.11
2012-12-31,12938.19,13109.13,12883.89,13104.14
2013-01-02,13104.3,13412.71,13104.3,13412.55
2013-01-03,13413.01,13430.6,13358.3,13391.36
2013-01-04,13391.05,13447.11,13376.23,13435.21
2013-01-07,13436.13,13436.13,13343.32,13384.29
2013-01-08,13377.42,13377.42,13293.13,13328.85
2013-01-09,13329.92,13416.55,13329.08,13390.51
2013-01-10,13391.82,13478.2,13382.29,13471.22
2013-01-11,13471.45,13496.68,13439.97,13488.43
2013-01-14,13488.43,13520.18,13459.84,13507.32
2013-01-15,13507.32,13546.37,13445.8,13534.89
2013-01-16,13534.89,13534.89,13468.96,13511.23
2013-01-17,13511.23,13633.89,13510.24,13596.02
2013-01-18,13596.02,13649.93,13571.86,13649.7
2013-01-22,13649.7,13712.21,13622.96,13712.21
2013-01-23,13712.21,13794.29,13710.13,13779.33
2013-01-24,13779.33,13879.66,13779.33,13825.33
2013-01-25,13825.33,13895.98,13825.33,13895.98
2013-01-28,13895.98,13915.72,13862.57,13881.93
2013-01-29,13881.93,13969.99,13880.01,13954.42
2013-01-30,13954.42,13966.13,13896.95,13910.42
2013-01-31,13910.42,13941.06,13860.58,13860.58
2013-02-01,13860.58,14019.78,13860.58,14009.79
2013-02-04,14009.79,14009.79,13866.83,13880.08
2013-02-05,13880.08,14013.6,13880.08,13979.3
2013-02-06,13979.3,13991.61,13913.18,13986.52
2013-02-07,13986.52,13988.06,13852.2,13944.05
2013-02-08,13944.05,14022.62,13944.05,13992.97
2013-02-11,13992.97,13992.97,13940.41,13971.24
2013-02-12,13971.24,14038.97,13968.94,14018.7
2013-02-13,14018.7,14029.35,13945.78,13982.91
2013-02-14,13982.91,13990.36,13921.94,13973.39
2013-02-15,13973.39,14001.93,13906.73,13981.76
2013-02-19,13981.76,14044.82,13977.9,14035.67
2013-02-20,14035.67,14058.27,13919.28,13927.54
2013-02-21,13927.54,13927.54,13834.4,13880.62
2013-02-22,13880.62,14001.19,13880.62,14000.57
2013-02-25,14000.57,14081.58,13784.01,13784.17
2013-02-26,13784.17,13918.44,13784.17,13900.13
2013-02-27,13900.13,14104.86,13880.19,14075.37
2013-02-28,14075.37,14149.15,14050.18,14054.49
2013-03-01,14054.49,14107.09,13937.6,14089.66
2013-03-04,14089.66,14128.21,14030.37,14127.82
2013-03-05,14127.82,14286.37,14127.82,14253.77
2013-03-06,14253.77,14320.65,14253.0,14296.24
2013-03-07,14296.24,14354.69,14296.24,14329.49
2013-03-08,14329.49,14413.17,14329.49,14397.07
2013-03-11,14397.07,14448.06,14373.32,14447.29
2013-03-12,14447.29,14478.8,14412.06,14450.06
2013-03-13,14450.06,14472.8,14411.66,14455.28
2013-03-14,14455.28,14539.29,14455.28,14539.14
2013-03-15,14539.14,14539.14,14470.5,14514.11
2013-03-18,14514.11,14521.59,14404.21,14452.06
2013-03-19,14452.06,14514.34,14382.09,14455.82
2013-03-20,14455.82,14546.82,14455.82,14511.73
2013-03-21,14511.73,14511.73,14383.02,14421.49
2013-03-22,14421.49,14519.95,14421.49,14512.03
2013-03-25,14512.03,14563.75,14395.0,14447.75
2013-03-26,14447.75,14561.54,14447.75,14559.65
2013-03-27,14559.65,14559.65,14439.55,14526.16
2013-03-28,14526.16,14585.1,14520.86,14578.54
2013-04-02,14572.85,14684.49,14572.85,14662.01
2013-04-03,14662.01,14683.13,14525.36,14550.35
2013-04-04,14550.35,14625.24,14538.72,14606.11
2013-04-05,14606.11,14606.11,14434.43,14565.25
2013-04-08,14565.25,14613.48,14497.8,14613.48
2013-04-09,14613.48,14716.46,14598.5,14673.46
2013-04-10,14673.46,14826.66,14673.46,14802.24
2013-04-11,14802.24,14887.51,14785.36,14865.14
2013-04-12,14865.14,14865.21,14790.57,14865.06
2013-04-15,14865.06,14865.06,14598.58,14599.2
2013-04-16,14599.2,14761.73,14599.2,14756.78
2013-04-17,14756.78,14756.78,14560.81,14618.59
2013-04-18,14618.59,14650.26,14495.29,14537.14
2013-04-19,14537.14,14553.73,14444.03,14547.51
2013-04-22,14547.51,14588.83,14457.6,14567.17
2013-04-23,14567.17,14721.42,14554.29,14719.46
2013-04-24,14719.46,14747.42,14666.54,14676.3
2013-04-25,14676.3,14768.05,14665.45,14700.8
2013-04-26,14700.8,14743.49,14684.82,14712.55
2013-04-29,14712.55,14844.96,14712.55,14818.75
2013-04-30,14818.75,14839.8,14734.47,14839.8
2013-05-02,14700.95,14834.63,14700.95,14831.58
2013-05-03,14831.58,15009.59,14831.58,14973.96
2013-05-06,14973.96,14988.87,14941.09,14968.89
2013-05-07,14968.89,15056.67,14968.89,15056.2
2013-05-08,15056.2,15106.81,15021.87,15105.12
2013-05-09,15105.12,15144.83,15046.87,15082.62
2013-05-10,15082.62,15118.49,15038.18,15118.49
2013-05-13,15113.42,15113.42,15053.46,15091.68
2013-05-14,15092.15,15219.55,15089.3,15215.25
2013-05-15,15211.87,15301.34,15175.39,15275.69
2013-05-16,15273.92,15302.49,15215.82,15233.22
2013-05-17,15234.75,15357.4,15234.75,15354.4
2013-05-20,15348.33,15391.84,15314.15,15335.28
2013-05-21,15334.97,15434.5,15325.68,15387.58
2013-05-22,15387.12,15542.4,15265.96,15307.17
2013-05-23,15300.57,15348.41,15180.23,15294.5
2013-05-24,15290.74,15306.71,15199.63,15303.1
2013-05-28,15307.33,15521.49,15307.33,15409.39
2013-05-29,15399.94,15400.25,15229.53,15302.8
2013-05-30,15306.02,15398.7,15280.99,15324.53
2013-05-31,15322.22,15392.38,15115.57,15115.57
2013-06-03,15123.55,15254.11,15123.55,15254.03
2013-06-04,15255.22,15304.98,15100.78,15177.54
2013-06-05,15168.1,15168.63,14945.57,14960.59
2013-06-06,14955.45,15040.62,14844.22,15040.62
2013-06-07,15044.46,15255.58,15044.46,15248.12
2013-06-10,15247.81,15300.64,15211.25,15238.59
2013-06-11,15231.38,15251.07,15086.09,15122.02
2013-06-12,15130.39,15241.28,14981.21,14995.23
2013-06-13,14992.54,15202.27,14953.45,15176.08
2013-06-14,15178.08,15205.92,15044.8,15070.18
2013-06-17,15078.71,15261.71,15078.71,15179.85
2013-06-18,15186.3,15340.09,15186.3,15318.23
2013-06-19,15315.47,15322.07,15112.11,15112.19
2013-06-20,15105.51,15105.51,14732.03,14758.32
2013-06-21,14760.62,14858.56,14688.43,14799.4
2013-06-24,14795.79,14795.79,14551.27,14659.56
2013-06-25,14669.69,14812.03,14669.69,14760.31
2013-06-26,14769.99,14938.98,14769.68,14910.14
2013-06-27,14921.28,15075.01,14921.28,15024.49
2013-06-28,15016.58,15034.63,14884.8,14909.6
2013-07-01,14911.6,15083.28,14911.6,14974.96
2013-07-02,14973.04,15049.22,14870.51,14932.41
2013-07-03,14923.73,15025.9,14858.93,14988.55
2013-07-05,14995.46,15137.51,14971.2,15135.84
2013-07-08,15137.22,15262.72,15137.22,15224.69
2013-07-09,15228.46,15320.42,15228.46,15300.34
2013-07-10,15298.03,15348.95,15258.89,15291.66
2013-07-11,15298.0,15483.55,15298.0,15460.92
2013-07-12,15460.69,15498.39,15410.27,15464.3
2013-07-15,15459.69,15509.48,15455.77,15484.26
2013-07-16,15485.03,15498.16,15415.71,15451.85
2013-07-17,15456.92,15502.0,15438.12,15470.52
2013-07-18,15465.91,15589.4,15465.91,15548.54
2013-07-19,15524.27,15544.55,15491.96,15543.74
2013-07-22,15543.97,15576.21,15516.2,15545.55
2013-07-23,15547.0,15604.22,15544.06,15567.74
2013-07-24,15576.69,15602.6,15496.84,15542.24
2013-07-25,15539.17,15560.33,15455.59,15555.61
2013-07-26,15547.85,15560.97,15405.16,15558.83
2013-07-29,15557.14,15557.14,15482.27,15521.97
2013-07-30,15534.49,15593.91,15479.13,15520.59
2013-07-31,15528.57,15634.32,15492.96,15499.54
2013-08-01,15503.85,15650.69,15503.85,15628.02
2013-08-02,15627.56,15658.43,15558.68,15658.36
2013-08-05,15651.98,15655.21,15584.83,15612.13
2013-08-06,15608.44,15608.44,15473.4,15518.74
2013-08-07,15516.21,15516.21,15421.75,15470.67
2013-08-08,15477.27,15557.12,15418.6,15498.32
2013-08-09,15496.63,15507.76,15346.65,15425.51
2013-08-12,15415.22,15441.75,15359.93,15419.68
2013-08-13,15420.68,15504.14,15342.34,15451.01
2013-08-14,15447.71,15453.08,15316.62,15337.66
2013-08-15,15332.71,15332.71,15094.03,15112.19
2013-08-16,15112.57,15139.77,15054.38,15081.47
2013-08-19,15076.79,15106.39,15005.42,15010.74
2013-08-20,15011.82,15074.92,14992.16,15002.99
2013-08-21,14993.81,15019.7,14880.84,14897.55
2013-08-22,14908.6,14989.12,14899.0,14963.74
2013-08-23,14988.78,15025.56,14931.24,15010.51
2013-08-26,15014.58,15049.98,14945.24,14946.46
2013-08-27,14939.25,14939.25,14765.42,14776.13
2013-08-28,14770.99,14867.4,14760.41,14824.51
2013-08-29,14817.91,14916.01,14792.11,14840.95
2013-08-30,14844.1,14848.24,14762.35,14810.31
2013-09-03,14801.55,14933.35,14777.48,14833.96
2013-09-04,14832.42,14956.74,14799.09,14930.87
2013-09-05,14929.49,14987.47,14923.27,14937.48
2013-09-06,14941.55,15009.84,14789.4,14922.5
2013-09-09,14927.19,15088.41,14927.19,15063.12
2013-09-10,15067.23,15192.13,15067.23,15191.06
2013-09-11,15194.13,15326.6,15194.13,15326.6
2013-09-12,15327.14,15345.32,15283.26,15300.64
2013-09-13,15312.86,15380.97,15312.86,15376.06
2013-09-16,15381.36,15549.87,15381.36,15494.78
2013-09-17,15503.15,15555.07,15503.15,15529.73
2013-09-18,15533.03,15709.58,15470.16,15676.94
2013-09-19,15677.86,15695.89,15625.45,15636.55
2013-09-20,15635.09,15654.77,15448.09,15451.09
2013-09-23,15452.31,15466.95,15368.25,15401.38
2013-09-24,15402.54,15433.75,15327.14,15334.59
2013-09-25,15339.02,15372.48,15253.16,15273.26
2013-09-26,15274.42,15387.19,15274.42,15328.3
2013-09-27,15317.45,15317.45,15211.81,15258.24
2013-09-30,15249.82,15249.82,15086.71,15129.67
2013-10-01,15132.49,15208.4,15110.34,15191.7
2013-10-02,15182.65,15182.65,15044.71,15133.14
2013-10-03,15127.23,15127.23,14947.03,14996.48
2013-10-04,14994.68,15083.99,14972.33,15072.58
2013-10-07,15069.3,15069.3,14920.83,14936.24
2013-10-08,14938.04,14938.04,14773.47,14776.53
2013-10-09,14778.19,14852.5,14719.43,14802.98
2013-10-10,14806.39,15126.07,14806.39,15126.07
2013-10-11,15126.52,15237.3,15100.13,15237.11
2013-10-14,15231.33,15309.48,15136.38,15301.26
2013-10-15,15300.3,15301.91,15161.33,15168.01
2013-10-16,15170.7,15374.15,15170.7,15373.83
2013-10-17,15369.46,15376.11,15229.02,15371.65
2013-10-18,15371.71,15412.97,15321.81,15399.65
2013-10-21,15401.32,15410.18,15362.66,15392.2
2013-10-22,15394.22,15518.1,15394.22,15467.66
2013-10-23,15465.34,15465.66,15366.19,15413.33
2013-10-24,15414.87,15528.63,15414.13,15509.21
2013-10-25,15523.72,15570.6,15512.96,15570.28
2013-10-28,15569.19,15599.09,15533.48,15568.93
2013-10-29,15572.21,15683.08,15572.21,15680.35
2013-10-30,15680.74,15721.0,15574.52,15618.76
2013-10-31,15619.92,15651.86,15544.69,15545.75
2013-11-01,15558.01,15649.4,15543.25,15615.55
2013-11-04,15621.2,15658.9,15588.48,15639.12
2013-11-05,15631.22,15651.89,15522.18,15618.22
2013-11-06,15628.72,15750.29,15628.72,15746.88
2013-11-07,15751.31,15797.68,15586.33,15593.98
2013-11-08,15591.54,15764.29,15579.35,15761.78
2013-11-11,15759.28,15791.45,15737.22,15783.1
2013-11-12,15773.15,15793.38,15708.29,15750.67
2013-11-13,15739.5,15822.98,15672.0,15821.63
2013-11-14,15806.22,15884.99,15798.74,15876.22
2013-11-15,15876.16,15962.98,15875.9,15961.7
2013-11-18,15962.72,16030.28,15942.17,15976.02
2013-11-19,15974.06,16025.85,15943.78,15967.03
2013-11-20,15971.2,16016.85,15865.37,15900.82
2013-11-21,15908.07,16016.04,15908.07,16009.99
2013-11-22,16008.71,16068.78,15976.27,16064.77
2013-11-25,16072.09,16109.63,16055.46,16072.54
2013-11-26,16070.93,16120.25,16070.93,16072.8
2013-11-27,16073.37,16107.99,16057.34,16097.33
2013-11-29,16105.16,16174.51,16074.14,16086.41
2013-12-02,16087.12,16098.0,15986.23,16008.77
2013-12-03,16004.72,16004.72,15859.68,15914.62
2013-12-04,15910.51,15960.36,15791.29,15889.77
2013-12-05,15886.5,15896.19,15809.37,15821.51
2013-12-06,15825.55,16022.35,15825.55,16020.2
2013-12-09,16019.49,16058.4,16015.29,16025.53
2013-12-10,16024.12,16029.06,15969.53,15973.13
2013-12-11,15970.75,15997.22,15827.7,15843.53
2013-12-12,15844.82,15845.11,15703.79,15739.43
2013-12-13,15745.66,15792.8,15717.92,15755.36
2013-12-16,15759.6,15930.31,15759.6,15884.57
2013-12-17,15884.06,15917.96,15836.45,15875.26
2013-12-18,15876.57,16173.04,15808.92,16167.97
2013-12-19,16162.51,16194.72,16121.54,16179.08
2013-12-20,16178.57,16287.84,16178.57,16221.14
2013-12-23,16225.25,16318.11,16225.25,16294.61
2013-12-24,16295.7,16360.6,16295.7,16357.55
2013-12-27,16486.37,16529.01,16461.23,16478.41
2013-12-30,16484.51,16504.35,16476.87,16504.29
2013-12-31,16512.38,16588.25,16511.48,16576.66
2014-01-02,16572.17,16573.07,16416.49,16441.35
2014-01-03,16456.89,16518.74,16439.3,16469.99
2014-01-06,16474.04,16532.99,16405.52,16425.1
2014-01-07,16429.02,16562.32,16429.02,16530.94
2014-01-08,16527.66,16528.88,16416.69,16462.74
2014-01-09,16471.41,16525.35,16378.61,16444.76
2014-01-10,16453.62,16487.65,16379.02,16437.05
2014-01-13,16434.03,16453.13,16240.6,16257.94
2014-01-14,16261.99,16373.92,16260.83,16373.86
2014-01-15,16378.03,16505.28,16376.78,16481.94
2014-01-16,16477.7,16477.7,16375.56,16417.01
2014-01-17,16408.02,16495.26,16378.8,16458.56
2014-01-21,16459.27,16520.6,16316.25,16414.44
2014-01-22,16420.48,16453.49,16332.98,16373.34
2014-01-23,16371.99,16372.96,16140.58,16197.35
2014-01-24,16203.29,16203.29,15879.11,15879.11
2014-01-27,15879.05,15942.77,15783.55,15837.88
2014-01-28,15840.84,15945.89,15840.84,15928.56
2014-01-29,15927.08,15927.08,15708.98,15738.79
2014-01-30,15743.03,15907.53,15733.27,15848.61
2014-01-31,15847.19,15847.19,15617.55,15698.85
2014-02-03,15697.69,15708.54,15356.17,15372.8
2014-02-04,15372.93,15481.85,15356.62,15445.24
2014-02-05,15443.0,15478.21,15340.69,15440.23
2014-02-06,15443.83,15632.09,15443.0,15628.53
2014-02-07,15630.64,15798.51,15625.53,15794.08
2014-02-10,15793.63,15801.79,15733.69,15801.79
2014-02-11,15804.17,16027.19,15803.4,15994.77
2014-02-12,15993.04,16036.56,15928.75,15963.94
2014-02-13,15946.99,16039.37,15863.25,16027.59
2014-02-14,16018.08,16175.55,15985.39,16154.39
2014-02-18,16153.97,16167.33,16107.04,16130.4
2014-02-19,16126.23,16225.72,16031.66,16040.56
2014-02-20,16044.15,16161.64,16006.59,16133.23
2014-02-21,16135.92,16191.92,16093.8,16103.3
2014-02-24,16102.27,16300.04,16102.27,16207.14
2014-02-25,16207.34,16254.26,16147.25,16179.66
2014-02-26,16180.36,16252.35,16155.86,16198.41
2014-02-27,16197.7,16276.28,16159.81,16272.65
2014-02-28,16273.23,16398.95,16226.09,16321.71
2014-03-03,16321.71,16321.71,16071.25,16168.03
2014-03-04,16169.32,16419.49,16169.32,16395.88
2014-03-05,16395.88,16406.55,16343.96,16360.18
2014-03-06,16360.56,16450.17,16360.56,16421.89
2014-03-07,16424.53,16505.7,16398.86,16452.72
2014-03-10,16453.1,16453.1,16334.2,16418.68
2014-03-11,16419.39,16460.33,16325.17,16351.25
2014-03-12,16350.67,16364.74,16260.03,16340.08
2014-03-13,16341.55,16405.07,16084.1,16108.89
2014-03-14,16106.32,16165.05,16046.99,16065.67
2014-03-17,16066.37,16270.34,16066.37,16247.22
2014-03-18,16245.93,16369.94,16245.93,16336.19
2014-03-19,16335.71,16363.32,16126.29,16222.17
2014-03-20,16221.98,16353.98,16160.33,16331.05
2014-03-21,16332.69,16456.45,16290.79,16302.77
2014-03-24,16303.28,16380.51,16215.56,16276.69
2014-03-25,16279.2,16407.18,16279.2,16367.88
2014-03-26,16370.71,16466.04,16268.99,16268.99
2014-03-27,16268.67,16300.94,16191.79,16264.23
2014-03-28,16267.77,16414.86,16267.77,16323.06
2014-03-31,16324.22,16480.85,16324.22,16457.66
2014-04-01,16458.05,16565.73,16457.6,16532.61
2014-04-02,16532.8,16588.19,16506.6,16573.0
2014-04-03,16572.36,16604.15,16527.6,16572.55
2014-04-04,16576.02,16631.63,16392.77,16412.71
2014-04-07,16414.15,16421.38,16244.01,16245.87
2014-04-08,16245.16,16296.86,16180.28,16256.14
2014-04-09,16256.37,16438.82,16256.37,16437.18
2014-04-10,16437.24,16456.12,16153.34,16170.22
2014-04-11,16168.87,16168.87,16015.32,16026.75
2014-04-14,16028.29,16184.76,16028.29,16173.24
2014-04-15,16173.49,16272.95,16063.2,16262.56
2014-04-16,16266.23,16424.85,16266.23,16424.85
2014-04-17,16424.14,16460.49,16368.14,16408.54
2014-04-22,16449.38,16565.71,16449.38,16514.37
2014-04-23,16513.73,16525.99,16477.28,16501.65
2014-04-24,16503.39,16541.26,16452.3,16501.65
2014-04-25,16503.26,16503.26,16333.78,16361.46
2014-04-28,16363.2,16500.37,16312.66,16448.74
2014-04-29,16451.18,16559.39,16451.18,16535.37
2014-04-30,16534.86,16592.28,16510.87,16580.84
2014-05-02,16562.34,16620.06,16488.31,16512.89
2014-05-05,16509.75,16547.92,16377.09,16530.55
2014-05-06,16529.85,16529.85,16399.99,16401.02
2014-05-07,16401.66,16522.94,16357.35,16518.54
2014-05-08,16518.16,16622.95,16502.01,16550.97
2014-05-09,16551.23,16588.77,16498.71,16583.34
2014-05-12,16584.82,16704.84,16584.82,16695.47
2014-05-13,16695.92,16735.51,16695.92,16715.44
2014-05-14,16716.08,16717.56,16595.0,16613.97
2014-05-15,16613.52,16622.9,16397.46,16446.81
2014-05-16,16447.32,16498.99,16414.32,16491.31
2014-05-19,16490.35,16526.26,16442.12,16511.86
2014-05-20,16511.22,16511.22,16341.3,16374.31
2014-05-21,16376.17,16544.6,16376.17,16533.06
2014-05-22,16532.74,16565.39,16489.61,16543.08
2014-05-23,16544.49,16613.07,16544.49,16606.27
2014-05-27,16607.42,16688.69,16607.42,16675.5
2014-05-28,16674.98,16674.98,16620.22,16633.18
2014-05-29,16637.74,16698.74,16620.43,16698.74
2014-05-30,16697.33,16721.22,16648.85,16717.17
2014-06-02,16716.85,16756.64,16682.07,16743.63
2014-06-03,16736.7,16736.7,16690.01,16722.34
2014-06-04,16720.0,16742.91,16673.65,16737.53
2014-06-05,16739.14,16845.81,16709.95,16836.11
2014-06-06,16839.64,16924.28,16839.64,16924.28
2014-06-09,16926.08,16970.17,16912.92,16943.1
2014-06-10,16940.4,16946.34,16897.44,16945.92
2014-06-11,16943.16,16943.16,16821.85,16843.88
2014-06-12,16840.48,16841.57,16703.73,16734.19
2014-06-13,16734.64,16787.89,16718.6,16775.74
2014-06-16,16765.56,16802.14,16722.86,16781.01
2014-06-17,16779.21,16823.55,16732.91,16808.49
2014-06-18,16806.12,16911.41,16755.29,16906.62
2014-06-19,16909.9,16923.43,16858.88,16921.46
2014-06-20,16920.62,16978.02,16920.62,16947.08
2014-06-23,16946.5,16954.27,16896.09,16937.26
2014-06-24,16934.62,16969.7,16805.23,16818.13
2014-06-25,16817.68,16883.54,16799.41,16867.51
2014-06-26,16866.81,16872.52,16746.09,16846.13
2014-06-27,16846.9,16862.73,16773.84,16851.84
2014-06-30,16852.49,16871.27,16801.94,16826.6
2014-07-01,16828.53,16998.7,16828.53,16956.07
2014-07-02,16949.71,16986.63,16949.71,16976.24
2014-07-03,16979.0,17074.65,16979.0,17068.26
2014-07-07,17063.83,17063.83,16992.45,17024.21
2014-07-08,17022.09,17022.09,16874.79,16906.62
2014-07-09,16916.83,16998.95,16913.81,16985.61
2014-07-10,16980.35,16980.35,16805.38,16915.07
2014-07-11,16918.31,16949.46,16860.3,16943.81
2014-07-14,16950.93,17088.43,16950.93,17055.42
2014-07-15,17055.03,17120.34,17006.39,17060.68
2014-07-16,17061.91,17139.35,17061.91,17138.2
2014-07-17,17133.45,17151.56,16966.19,16976.81
2014-07-18,16978.16,17113.51,16977.52,17100.18
2014-07-21,17095.11,17095.11,16974.34,17051.73
2014-07-22,17054.97,17133.43,17040.13,17113.54
2014-07-23,17117.01,17121.05,17058.05,17086.63
2014-07-24,17092.02,17119.83,17061.07,17083.8
2014-07-25,17079.5,17082.33,16915.65,16960.57
2014-07-28,16956.91,17001.38,16877.72,16982.59
2014-07-29,16984.33,17056.46,16912.11,16912.11
2014-07-30,16920.11,16983.94,16817.16,16880.36
2014-07-31,16869.63,16869.63,16563.3,16563.3
2014-08-01,16561.7,16584.75,16437.07,16493.37
2014-08-04,16493.72,16596.22,16447.2,16569.28
2014-08-05,16559.97,16559.97,16369.55,16429.47
2014-08-06,16425.1,16490.7,16372.32,16443.34
2014-08-07,16448.29,16504.35,16333.78,16368.27
2014-08-08,16369.68,16556.59,16364.22,16553.93
2014-08-11,16557.27,16627.99,16557.27,16569.98
2014-08-12,16565.55,16589.31,16518.06,16560.54
2014-08-13,16567.54,16670.29,16567.54,16651.8
2014-08-14,16657.32,16714.22,16651.67,16713.58
2014-08-15,16717.01,16775.27,16575.42,16662.91
2014-08-18,16664.45,16840.28,16664.45,16838.74
2014-08-19,16839.06,16929.13,16839.06,16919.59
2014-08-20,16910.03,16994.89,16896.55,16979.13
2014-08-21,16983.88,17074.59,16983.88,17039.49
2014-08-22,17038.27,17064.28,16984.52,17001.22
2014-08-25,17011.81,17124.74,17011.81,17076.87
2014-08-26,17079.57,17153.8,17079.57,17106.7
2014-08-27,17111.03,17134.6,17090.61,17122.01
2014-08-28,17119.06,17119.06,17018.33,17079.57
2014-08-29,17083.42,17110.42,17035.38,17098.45
2014-09-02,17097.42,17113.51,17009.07,17067.56
2014-09-03,17067.24,17151.89,17060.21,17078.28
2014-09-04,17083.61,17161.55,17030.12,17069.58
2014-09-05,17065.89,17137.36,17009.62,17137.36
2014-09-08,17131.71,17137.88,17079.17,17111.42
2014-09-09,17110.39,17111.55,16993.29,17013.87
2014-09-10,17016.05,17080.27,16974.57,17068.71
2014-09-11,17057.41,17057.41,16983.88,17049.0
2014-09-12,17044.05,17044.05,16937.67,16987.51
2014-09-15,16988.76,17051.85,16951.38,17031.14
2014-09-16,17027.16,17167.05,16985.55,17131.97
2014-09-17,17131.01,17221.11,17089.01,17156.85
2014-09-18,17163.73,17275.37,17163.73,17265.99
2014-09-19,17267.21,17350.64,17257.46,17279.74
2014-09-22,17271.71,17277.88,17159.36,17172.68
2014-09-23,17165.91,17171.88,17055.87,17055.87
2014-09-24,17056.64,17226.6,17033.93,17210.06
2014-09-25,17204.86,17204.86,16945.8,16945.8
2014-09-26,16948.62,17148.15,16948.11,17113.15
2014-09-29,17107.69,17107.69,16934.43,17071.22
2014-09-30,17070.45,17145.1,17017.11,17042.9
2014-10-01,17040.46,17041.16,16776.13,16804.71
2014-10-02,16808.27,16857.25,16674.04,16801.05
2014-10-03,16802.2,17027.84,16802.2,17009.69
2014-10-06,17010.34,17099.39,16930.38,16991.91
2014-10-07,16988.25,16988.25,16715.79,16719.39
2014-10-08,16718.65,17006.91,16663.26,16994.22
2014-10-09,16989.37,16989.37,16649.04,16659.25
2014-10-10,16654.88,16757.6,16543.91,16544.1
2014-10-13,16535.43,16602.41,16310.47,16321.07
2014-10-14,16321.9,16463.67,16273.64,16315.19
2014-10-15,16313.3,16313.3,15855.12,16141.74
2014-10-16,16137.14,16211.12,15935.22,16117.24
2014-10-17,16118.39,16427.38,16118.39,16380.41
2014-10-20,16373.15,16401.63,16260.54,16399.67
2014-10-21,16406.03,16620.78,16405.77,16614.81
2014-10-22,16615.26,16653.89,16459.85,16461.32
2014-10-23,16468.07,16767.52,16468.07,16677.9
2014-10-24,16677.04,16811.71,16649.72,16805.41
2014-10-27,16796.1,16836.98,16729.83,16817.94
2014-10-28,16825.19,17006.45,16825.19,17005.75
2014-10-29,17005.07,17065.5,16895.38,16974.31
2014-10-30,16968.14,17223.96,16920.76,17195.42
2014-10-31,17208.78,17395.54,17208.78,17390.52
2014-11-03,17390.9,17410.65,17339.85,17366.24
2014-11-04,17368.81,17397.23,17278.36,17383.84
2014-11-05,17385.76,17486.59,17385.76,17484.53
2014-11-06,17491.66,17560.31,17440.35,17554.47
2014-11-07,17558.58,17575.33,17493.37,17573.93
2014-11-10,17568.98,17621.87,17547.51,17613.74
2014-11-11,17615.64,17638.21,17584.94,17614.9
2014-11-12,17604.75,17626.71,17536.17,17612.2
2014-11-13,17618.69,17705.48,17583.88,17652.79
2014-11-14,17653.11,17664.15,17613.2,17634.74
2014-11-17,17631.85,17675.07,17606.81,17647.75
2014-11-18,17643.09,17735.71,17642.03,17687.82
2014-11-19,17685.51,17712.26,17624.5,17685.73
2014-11-20,17677.32,17720.44,17603.89,17719.0
2014-11-21,17721.02,17894.83,17721.02,17810.06
2014-11-24,17812.63,17855.27,17793.19,17817.9
2014-11-25,17819.05,17854.73,17790.89,17814.94
2014-11-26,17812.25,17833.76,17791.16,17827.75
2014-11-28,17830.55,17893.42,17807.78,17828.24
2014-12-01,17827.27,17827.27,17726.55,17776.8
2014-12-02,17778.85,17897.05,17778.85,17879.55
2014-12-03,17880.9,17924.15,17855.59,17912.62
2014-12-04,17910.02,17937.96,17814.81,17900.1
2014-12-05,17903.05,17991.19,17903.05,17958.79
2014-12-08,17954.94,17960.56,17804.28,17852.48
2014-12-09,17847.37,17847.37,17629.57,17801.2
2014-12-10,17797.99,17797.99,17508.1,17533.15
2014-12-11,17534.3,17758.51,17534.3,17596.34
2014-12-12,17590.05,17590.05,17280.83,17280.83
2014-12-15,17285.74,17403.54,17115.28,17180.84
2014-12-16,17173.07,17427.44,17067.59,17068.87
2014-12-17,17069.16,17389.3,17069.16,17356.87
2014-12-18,17367.85,17778.4,17367.85,17778.15
2014-12-19,17778.02,17874.03,17746.55,17804.8
2014-12-22,17812.25,17962.78,17812.25,17959.44
2014-12-23,17971.51,18069.22,17970.16,18024.17
2014-12-24,18035.73,18086.24,18027.78,18030.21
2014-12-29,18046.58,18073.04,18021.57,18038.23
2014-12-30,18035.02,18035.02,17959.7,17983.07
2014-12-31,17987.66,18043.22,17820.88,17823.07
2015-01-02,17823.07,17951.78,17731.3,17832.99
2015-01-05,17821.3,17821.3,17475.93,17501.65
2015-01-06,17504.18,17581.05,17262.37,17371.64
2015-01-07,17374.78,17597.08,17374.78,17584.52
2015-01-08,17591.97,17916.04,17591.97,17907.87
2015-01-09,17911.02,17915.32,17686.09,17737.37
2015-01-12,17742.05,17793.88,17571.58,17640.84
2015-01-13,17645.02,17923.01,17498.23,17613.68
2015-01-14,17609.06,17609.06,17264.9,17427.09
2015-01-15,17436.3,17517.41,17298.04,17320.71
2015-01-16,17320.0,17528.37,17243.55,17511.57
2015-01-20,17516.96,17588.7,17346.73,17515.23
2015-01-21,17509.96,17599.58,17396.04,17554.28
2015-01-22,17557.29,17840.89,17482.54,17813.98
2015-01-23,17812.5,17812.5,17667.53,17672.6
2015-01-26,17668.11,17696.36,17567.6,17678.7
2015-01-27,17638.53,17638.53,17288.31,17387.21
2015-01-28,17402.91,17484.41,17189.0,17191.37
2015-01-29,17195.29,17433.13,17136.3,17416.85
2015-01-30,17416.85,17419.9,17156.82,17164.95
2015-02-02,17169.99,17367.68,17037.76,17361.04
2015-02-03,17369.97,17670.76,17369.97,17666.4
2015-02-04,17664.99,17782.22,17603.21,17673.02
2015-02-05,17677.26,17889.58,17677.26,17884.88
2015-02-06,17881.54,17951.09,17764.4,17824.29
2015-02-09,17821.49,17821.49,17685.32,17729.21
2015-02-10,17736.15,17890.34,17729.24,17868.76
2015-02-11,17867.86,17897.21,17759.65,17862.14
2015-02-12,17862.14,17975.65,17862.14,17972.38
2015-02-13,17968.65,18037.41,17961.76,18019.35
2015-02-17,18019.8,18052.01,17951.41,18047.58
2015-02-18,18045.72,18048.7,17982.2,18029.85
2015-02-19,18028.67,18028.67,17924.6,17985.77
2015-02-20,17985.77,18144.29,17878.37,18140.44
2015-02-23,18140.76,18141.21,18054.84,18116.84
2015-02-24,18112.57,18231.09,18098.73,18209.19
2015-02-25,18208.67,18244.38,18182.76,18224.57
2015-02-26,18224.41,18239.43,18157.07,18214.42
2015-02-27,18213.26,18213.26,18132.38,18132.7
2015-03-02,18134.05,18288.63,18122.59,18288.63
2015-03-03,18281.95,18281.95,18136.88,18203.37
2015-03-04,18203.37,18203.37,18029.5,18096.9
2015-03-05,18096.9,18160.35,18087.65,18135.72
2015-03-06,18135.72,18135.72,17825.15,17856.78
2015-03-09,17856.56,18031.04,17856.56,17995.72
2015-03-10,17989.56,17989.56,17662.94,17662.94
2015-03-11,17662.94,17731.78,17627.0,17635.39
2015-03-12,17626.84,17900.1,17620.49,17895.22
2015-03-13,17889.05,17889.05,17629.89,17749.31
2015-03-16,17751.24,17988.5,17751.24,17977.42
2015-03-17,17972.22,17972.22,17785.79,17849.08
2015-03-18,17846.8,18097.12,17697.52,18076.19
2015-03-19,18072.58,18072.99,17934.24,17959.03
2015-03-20,17961.13,18197.29,17961.13,18127.65
2015-03-23,18136.73,18205.93,18116.04,18116.04
2015-03-24,18110.87,18149.24,18010.44,18011.14
2015-03-25,18012.61,18041.97,17718.54,17718.54
2015-03-26,17716.27,17759.51,17579.27,17678.23
2015-03-27,17673.63,17729.14,17630.49,17712.66
2015-03-30,17727.48,18008.64,17727.48,17976.31
2015-03-31,17965.37,17965.37,17773.02,17776.12
2015-04-01,17778.52,17778.52,17585.01,17698.18
2015-04-02,17699.52,17815.03,17673.49,17763.24
2015-04-07,17884.32,17983.12,17871.21,17875.42
2015-04-08,17877.62,17976.2,17822.23,17902.51
2015-04-09,17897.7,17984.22,17823.1,17958.73
2015-04-10,17956.73,18066.76,17945.55,18057.65
2015-04-13,18052.32,18107.57,17974.81,17977.04
2015-04-14,17979.11,18075.6,17905.48,18036.7
2015-04-15,18045.71,18160.52,18045.71,18112.61
2015-04-16,18106.27,18169.26,18063.86,18105.77
2015-04-17,18102.56,18102.56,17748.53,17826.3
2015-04-20,17841.18,18092.22,17841.18,18034.93
2015-04-21,18034.23,18109.7,17929.63,17949.59
2015-04-22,17950.82,18056.02,17887.76,18038.27
2015-04-23,18031.9,18133.03,17966.77,18058.69
2015-04-24,18056.42,18108.87,18009.08,18080.14
2015-04-27,18097.89,18175.56,18024.66,18037.97
2015-04-28,18035.9,18119.65,17917.36,18110.14
2015-04-29,18093.69,18096.46,17953.69,18035.53
2015-04-30,18033.33,18033.33,17774.89,17840.52
2015-05-04,18026.02,18133.76,18026.02,18070.4
2015-05-05,18062.53,18086.01,17905.71,17928.2
2015-05-06,17934.81,18019.75,17733.12,17841.98
2015-05-07,17840.25,17973.07,17796.94,17924.06
2015-05-08,17933.64,18205.23,17933.64,18191.11
2015-05-11,18187.78,18199.95,18089.11,18105.17
2015-05-12,18096.16,18119.18,17924.8,18068.23
2015-05-13,18070.37,18132.79,18039.2,18060.49
2015-05-14,18062.49,18255.21,18062.49,18252.24
2015-05-15,18251.97,18272.72,18215.07,18272.56
2015-05-18,18267.25,18325.54,18244.26,18298.88
2015-05-19,18300.48,18351.36,18261.35,18312.39
2015-05-20,18315.06,18350.13,18272.56,18285.4
2015-05-21,18285.87,18314.89,18249.9,18285.74
2015-05-22,18286.87,18286.87,18217.14,18232.02
2015-05-26,18229.75,18229.75,17990.02,18041.54
2015-05-27,18045.08,18190.35,18045.08,18162.99
2015-05-28,18154.14,18154.14,18066.4,18126.12
2015-05-29,18128.12,18128.12,17967.74,18010.68
2015-06-01,18017.82,18105.83,17982.06,18040.37
2015-06-02,18033.33,18091.87,17925.33,18011.94
2015-06-03,18018.42,18168.09,18010.42,18076.27
2015-06-04,18072.47,18087.15,17876.95,17905.58
2015-06-05,17905.38,17940.78,17822.9,17849.46
2015-06-08,17849.46,17852.35,17760.61,17766.55
2015-06-09,17766.95,17817.83,17714.97,17764.04
2015-06-10,17765.38,18045.14,17765.38,18000.4
2015-06-11,18001.27,18109.77,18001.27,18039.37
2015-06-12,18035.83,18035.83,17857.07,17898.84
2015-06-15,17890.76,17890.76,17698.42,17791.17
2015-06-16,17787.43,17919.62,17774.12,17904.48
2015-06-17,17909.58,17998.0,17839.65,17935.74
2015-06-18,17944.61,18174.73,17944.61,18115.84
2015-06-19,18116.24,18117.71,18010.58,18015.95
2015-06-22,18027.63,18181.67,18027.63,18119.78
2015-06-23,18121.78,18188.81,18108.1,18144.07
2015-06-24,18139.1,18139.1,17966.07,17966.07
2015-06-25,17977.11,18036.1,17890.36,17890.36
2015-06-26,17892.03,18013.15,17892.03,17946.68
2015-06-29,17936.74,17936.74,17590.55,17596.35
2015-06-30,17599.96,17714.66,17576.5,17619.51
2015-07-01,17638.12,17801.83,17638.12,17757.91
2015-07-02,17763.32,17825.49,17687.52,17730.11
2015-07-06,17728.08,17734.36,17564.36,17683.58
2015-07-07,17684.92,17793.45,17465.68,17776.91
2015-07-08,17759.01,17759.01,17496.22,17515.42
2015-07-09,17530.38,17764.85,17530.38,17548.62
2015-07-10,17561.12,17797.49,17561.12,17760.41
2015-07-13,17787.27,17987.57,17787.27,17977.68
2015-07-14,17974.61,18072.82,17956.17,18053.58
2015-07-15,18053.38,18090.39,18010.15,18050.17
2015-07-16,18078.16,18131.61,18065.33,18120.25
2015-07-17,18117.58,18121.12,18032.06,18086.45
2015-07-20,18085.91,18137.12,18064.5,18100.41
2015-07-21,18096.67,18096.67,17868.34,17919.29
2015-07-22,17918.35,17919.35,17807.41,17851.04
2015-07-23,17853.78,17860.95,17705.03,17731.92
2015-07-24,17731.05,17756.54,17553.73,17568.53
2015-07-27,17561.78,17561.78,17399.17,17440.59
2015-07-28,17449.81,17650.07,17449.81,17630.27
2015-07-29,17631.4,17776.78,17629.2,17751.39
2015-07-30,17743.24,17761.25,17640.85,17745.98
2015-07-31,17755.87,17783.59,17671.59,17689.86
2015-08-03,17696.74,17704.76,17496.61,17598.2
2015-08-04,17596.93,17635.78,17505.5,17550.69
2015-08-05,17555.24,17661.37,17492.9,17540.47
2015-08-06,17542.61,17572.04,17362.86,17419.75
2015-08-07,17414.94,17414.94,17279.08,17373.38
2015-08-10,17375.18,17629.13,17375.18,17615.17
2015-08-11,17593.59,17593.59,17352.63,17402.84
2015-08-12,17382.93,17423.9,17125.81,17402.51
2015-08-13,17401.64,17481.78,17341.34,17408.25
2015-08-14,17410.12,17492.9,17394.06,17477.4
2015-08-17,17472.66,17551.4,17341.72,17545.18
2015-08-18,17537.3,17568.4,17486.42,17511.34
2015-08-19,17508.74,17517.19,17282.42,17348.73
2015-08-20,17345.32,17345.32,16990.69,16990.69
2015-08-21,16990.69,16990.69,16459.55,16459.75
2015-08-24,16459.75,16459.75,15370.33,15871.35
2015-08-25,15882.27,16312.94,15651.24,15666.44
2015-08-26,15676.26,16303.75,15676.26,16285.51
2015-08-27,16285.51,16666.69,16285.51,16654.77
2015-08-28,16649.42,16669.97,16535.18,16643.01
2015-08-31,16632.02,16632.02,16444.05,16528.03
2015-09-01,16528.03,16528.03,15979.95,16058.35
2015-09-02,16058.35,16352.58,16058.35,16351.38
2015-09-03,16364.34,16550.07,16317.31,16374.76
2015-09-04,16371.76,16371.76,16026.61,16102.38
2015-09-08,16109.93,16503.41,16109.93,16492.68
2015-09-09,16505.04,16664.65,16220.1,16253.57
2015-09-10,16252.57,16441.94,16212.08,16330.4
2015-09-11,16330.4,16434.76,16244.65,16433.09
2015-09-14,16450.86,16450.86,16330.87,16370.96
2015-09-15,16382.58,16644.11,16382.58,16599.85
2015-09-16,16599.51,16755.98,16593.9,16739.95
2015-09-17,16738.08,16933.43,16639.93,16674.74
2015-09-18,16674.74,16674.74,16343.76,16384.58
2015-09-21,16406.1,16578.6,16391.88,16510.19
2015-09-22,16477.45,16477.45,16221.73,16330.47
2015-09-23,16332.81,16355.29,16211.98,16279.89
2015-09-24,16257.11,16257.11,16016.36,16201.32
2015-09-25,16205.07,16465.23,16205.07,16314.67
2015-09-28,16313.26,16313.26,15981.85,16001.89
2015-09-29,16001.76,16118.89,15942.37,16049.13
2015-09-30,16057.08,16297.6,16057.08,16284.7
2015-10-01,16278.62,16348.87,16073.82,16272.01
2015-10-02,16258.25,16472.77,16013.66,16472.37
2015-10-05,16502.1,16798.37,16502.1,16776.43
2015-10-06,16774.02,16865.09,16746.03,16790.19
2015-10-07,16805.42,16963.3,16765.0,16912.29
2015-10-08,16904.17,17081.28,16859.34,17050.75
2015-10-09,17054.69,17110.88,17027.23,17084.49
2015-10-12,17082.29,17139.21,17064.58,17131.86
2015-10-13,17113.55,17172.81,17034.45,17081.89
2015-10-14,17079.08,17111.38,16887.67,16924.75
2015-10-15,16944.86,17144.42,16933.57,17141.75
2015-10-16,17141.75,17220.02,17107.35,17215.97
2015-10-19,17209.43,17235.95,17129.19,17230.54
2015-10-20,17228.47,17264.88,17147.99,17217.11
2015-10-21,17225.93,17314.99,17153.13,17168.61
2015-10-22,17180.88,17505.18,17180.88,17489.16
2015-10-23,17525.11,17679.37,17525.11,17646.7
2015-10-26,17649.57,17660.7,17602.51,17623.05
2015-10-27,17608.89,17635.18,17540.57,17581.43
2015-10-28,17586.69,17779.95,17556.71,17779.52
2015-10-29,17771.5,17786.0,17684.72,17755.8
2015-10-30,17756.6,17799.96,17662.87,17663.54
2015-11-02,17672.62,17845.9,17655.02,17828.76
2015-11-03,17819.74,17977.85,17796.02,17918.15
2015-11-04,17929.58,17964.12,17828.83,17867.58
2015-11-05,17871.25,17929.51,17779.19,17863.43
2015-11-06,17855.22,17912.04,17768.6,17910.33
2015-11-09,17900.78,17900.78,17667.78,17730.48
2015-11-10,17724.13,17768.66,17657.72,17758.21
2015-11-11,17769.5,17807.18,17696.91,17702.22
2015-11-12,17691.93,17691.93,17443.5,17448.07
2015-11-13,17439.25,17439.25,17238.89,17245.24
2015-11-16,17229.94,17483.01,17210.43,17483.01
2015-11-17,17486.99,17599.33,17451.41,17489.5
2015-11-18,17485.49,17752.16,17485.49,17737.16
2015-11-19,17739.83,17772.97,17681.98,17732.75
2015-11-20,17732.75,17914.34,17732.75,17823.81
2015-11-23,17823.61,17868.18,17751.53,17792.68
2015-11-24,17770.9,17862.6,17683.51,17812.19
2015-11-25,17820.81,17854.92,17801.83,17813.39
2015-11-27,17806.04,17830.36,17749.32,17798.49
2015-11-30,17802.84,17837.24,17719.79,17719.92
2015-12-01,17719.72,17895.5,17719.72,17888.35
2015-12-02,17883.14,17901.58,17708.2,17729.68
2015-12-03,17741.57,17780.59,17425.56,17477.67
2015-12-04,17482.68,17866.47,17482.68,17847.63
2015-12-07,17845.49,17845.49,17639.25,17730.51
2015-12-08,17703.99,17703.99,17485.39,17568.0
2015-12-09,17558.18,17767.69,17403.51,17492.3
2015-12-10,17493.17,17697.74,17474.66,17574.75
2015-12-11,17574.75,17574.75,17230.5,17265.21
2015-12-14,17277.11,17378.02,17138.47,17368.5
2015-12-15,17374.78,17627.63,17341.18,17524.91
2015-12-16,17530.85,17784.36,17483.68,17749.09
2015-12-17,17756.54,17796.76,17493.5,17495.84
2015-12-18,17495.04,17496.58,17124.31,17128.55
2015-12-21,17154.94,17272.36,17116.73,17251.62
2015-12-22,17253.55,17451.11,17242.86,17417.27
2015-12-23,17427.63,17607.92,17427.63,17602.61
2015-12-24,17593.26,17606.34,17543.95,17552.17
2015-12-28,17535.66,17536.9,17437.34,17528.27
2015-12-29,17547.37,17750.02,17547.37,17720.98
2015-12-30,17711.94,17714.13,17588.87,17603.87
2015-12-31,17590.66,17590.66,17421.16,17425.03
2016-01-04,17405.48,17405.48,16957.63,17148.94
2016-01-05,17147.5,17195.84,17038.61,17158.66
2016-01-06,17154.83,17154.83,16817.62,16906.51
2016-01-07,16888.36,16888.36,16463.63,16514.1
2016-01-08,16519.17,16651.89,16314.57,16346.45
2016-01-11,16358.71,16461.85,16232.03,16398.57
2016-01-12,16419.11,16591.35,16322.07,16516.22
2016-01-13,16526.63,16593.51,16123.2,16151.41
2016-01-14,16159.01,16482.05,16075.12,16379.05
2016-01-15,16354.33,16354.33,15842.11,15988.08
2016-01-19,16009.45,16171.96,15900.25,16016.02
2016-01-20,15989.45,15989.45,15450.56,15766.74
2016-01-21,15768.87,16038.59,15704.66,15882.68
2016-01-22,15921.1,16136.79,15921.1,16093.51
2016-01-25,16086.46,16086.46,15880.15,15885.22
2016-01-26,15893.16,16185.79,15893.16,16167.23
2016-01-27,16168.74,16235.03,15878.3,15944.46
2016-01-28,15960.28,16102.14,15863.72,16069.64
2016-01-29,16090.26,16466.3,16090.26,16466.3
2016-02-01,16453.63,16510.98,16299.47,16449.18
2016-02-02,16420.21,16420.21,16108.44,16153.54
2016-02-03,16186.2,16381.69,15960.45,16336.66
2016-02-04,16329.67,16485.84,16266.16,16416.58
2016-02-05,16417.95,16423.63,16129.81,16204.97
2016-02-08,16147.51,16147.51,15803.55,16027.05
2016-02-09,16005.41,16136.62,15881.11,16014.38
2016-02-10,16035.61,16201.89,15899.91,15914.74
2016-02-11,15897.82,15897.82,15503.01,15660.18
2016-02-12,15691.62,15974.04,15691.62,15973.84
2016-02-16,16012.39,16196.41,16012.39,16196.41
2016-02-17,16217.98,16486.12,16217.98,16453.83
2016-02-18,16483.76,16511.84,16390.43,16413.43
2016-02-19,16410.96,16410.96,16278.0,16391.99
2016-02-22,16417.13,16664.24,16417.13,16620.66
2016-02-23,16610.39,16610.39,16403.53,16431.78
2016-02-24,16418.84,16507.39,16165.86,16484.99
2016-02-25,16504.38,16697.98,16458.42,16697.29
2016-02-26,16712.7,16795.98,16623.91,16639.97
2016-02-29,16634.15,16726.12,16510.4,16516.5
2016-03-01,16545.67,16865.56,16545.67,16865.08
2016-03-02,16851.17,16900.17,16766.32,16899.32
2016-03-03,16896.17,16944.31,16820.73,16943.9
2016-03-04,16945.0,17062.38,16898.84,17006.77
2016-03-07,16991.29,17099.25,16940.48,17073.95
2016-03-08,17050.67,17072.79,16921.51,16964.1
2016-03-09,16969.17,17048.5,16947.94,17000.36
2016-03-10,17006.05,17130.11,16821.86,16995.13
2016-03-11,17014.99,17220.09,17014.99,17213.31
2016-03-14,17207.49,17275.07,17161.16,17229.13
2016-03-15,17217.15,17251.7,17120.35,17251.53
2016-03-16,17249.34,17379.18,17204.07,17325.76
2016-03-17,17321.38,17529.01,17297.65,17481.49
2016-03-18,17481.49,17620.58,17481.49,17602.3
2016-03-21,17589.7,17644.97,17551.28,17623.87
2016-03-22,17602.71,17648.94,17540.42,17582.57
2016-03-23,17588.81,17588.81,17486.27,17502.59
2016-03-24,17485.33,17517.14,17399.01,17515.73
2016-03-29,17512.58,17642.81,17434.27,17633.11
2016-03-30,17652.36,17790.11,17652.36,17716.66
2016-03-31,17716.05,17755.7,17669.72,17685.09
2016-04-01,17661.74,17811.48,17568.02,17792.75
2016-04-04,17799.39,17806.38,17710.67,17737.0
2016-04-05,17718.03,17718.03,17579.56,17603.32
2016-04-06,17605.45,17723.55,17542.54,17716.05
2016-04-07,17687.28,17687.28,17484.23,17541.96
2016-04-08,17555.39,17694.51,17528.16,17576.96
2016-04-11,17586.48,17731.63,17555.9,17556.41
2016-04-12,17571.34,17744.43,17553.57,17721.25
2016-04-13,17741.66,17918.35,17741.66,17908.28
2016-04-14,17912.25,17962.14,17885.44,17926.43
2016-04-15,17925.95,17937.65,17867.41,17897.46
2016-04-18,17890.2,18009.53,17848.22,18004.16
2016-04-19,18012.1,18103.46,17984.43,18053.6
2016-04-20,18059.49,18167.63,18031.21,18096.27
2016-04-21,18092.84,18107.29,17963.89,17982.52
2016-04-22,17985.05,18026.85,17909.89,18003.75
2016-04-25,17990.94,17990.94,17855.55,17977.24
2016-04-26,17987.38,18043.77,17934.17,17990.32
2016-04-27,17996.14,18084.66,17920.26,18041.55
2016-04-28,18023.88,18035.73,17796.55,17830.76
2016-04-29,17813.09,17814.83,17651.98,17773.64
2016-05-02,17783.78,17912.35,17773.71,17891.16
2016-05-03,17870.75,17870.75,17670.88,17750.91
2016-05-04,17735.02,17738.06,17609.01,17651.26
2016-05-05,17664.48,17736.11,17615.82,17660.71
2016-05-06,17650.3,17744.54,17580.38,17740.63
2016-05-09,17743.85,17783.16,17668.38,17705.91
2016-05-10,17726.66,17934.61,17726.66,17928.35
2016-05-11,17919.03,17919.03,17711.05,17711.12
2016-05-12,17722.01,17798.19,17625.38,17720.5
2016-05-13,17711.12,17734.74,17512.48,17535.32
2016-05-16,17531.76,17755.8,17531.76,17710.71
2016-05-17,17701.46,17701.46,17469.92,17529.98
2016-05-18,17501.28,17636.22,17418.21,17526.62
2016-05-19,17514.16,17514.16,17331.07,17435.4
2016-05-20,17437.32,17571.75,17437.32,17500.94
2016-05-23,17507.04,17550.7,17480.05,17492.93
2016-05-24,17525.19,17742.59,17525.19,17706.05
2016-05-25,17735.09,17891.71,17735.09,17851.51
2016-05-26,17859.52,17888.66,17803.82,17828.29
2016-05-27,17826.85,17873.22,17824.73,17873.22
2016-05-31,17891.5,17899.24,17724.03,17787.2
2016-06-01,17754.55,17809.18,17664.79,17789.67
2016-06-02,17789.05,17838.56,17703.55,17838.56
2016-06-03,17799.8,17833.17,17689.68,17807.06
2016-06-06,17825.69,17949.68,17822.81,17920.33
2016-06-07,17936.22,18003.23,17936.22,17938.28
2016-06-08,17931.91,18016.0,17931.91,18005.05
2016-06-09,17969.98,18005.22,17915.88,17985.19
2016-06-10,17938.82,17938.82,17812.34,17865.34
2016-06-13,17830.5,17893.28,17731.35,17732.48
2016-06-14,17710.77,17733.92,17595.79,17674.82
2016-06-15,17703.65,17762.96,17629.01,17640.17
2016-06-16,17602.23,17754.91,17471.29,17733.1
2016-06-17,17733.44,17733.44,17602.78,17675.16
2016-06-20,17736.87,17946.36,17736.87,17804.87
2016-06-21,17827.33,17877.84,17799.8,17829.73
2016-06-22,17832.67,17920.16,17770.36,17780.83
2016-06-23,17844.11,18011.07,17844.11,18011.07
2016-06-24,17946.63,17946.63,17356.34,17400.75
2016-06-27,17355.21,17355.21,17063.08,17140.24
2016-06-28,17190.51,17409.72,17190.51,17409.72
2016-06-29,17456.02,17704.51,17456.02,17694.68
2016-06-30,17712.76,17930.61,17711.8,17929.99
2016-07-01,17924.24,18002.38,17916.91,17949.37
2016-07-05,17904.45,17904.45,17785.28,17840.62
2016-07-06,17807.47,17926.91,17713.45,17918.62
2016-07-07,17924.24,17984.95,17816.65,17895.88
2016-07-08,17971.22,18166.77,17971.22,18146.74
2016-07-11,18161.53,18283.9,18161.53,18226.93
2016-07-12,18259.12,18371.95,18259.12,18347.67
2016-07-13,18356.78,18390.16,18315.76,18372.12
2016-07-14,18414.3,18537.57,18414.3,18506.41
2016-07-15,18508.88,18557.43,18471.62,18516.55
2016-07-18,18521.55,18556.13,18489.84,18533.05
2016-07-19,18503.12,18562.53,18495.11,18559.01
2016-07-20,18582.7,18622.01,18555.65,18595.03
2016-07-21,18589.96,18590.44,18469.67,18517.23
2016-07-22,18524.15,18571.3,18491.59,18570.85
2016-07-25,18554.49,18555.69,18452.62,18493.06
2016-07-26,18497.37,18522.47,18387.22,18473.75
2016-07-27,18473.27,18542.39,18430.94,18472.17
2016-07-28,18461.01,18483.26,18368.82,18456.35
2016-07-29,18442.52,18466.55,18371.12,18432.24
2016-08-01,18434.5,18467.03,18355.75,18404.51
2016-08-02,18401.15,18403.65,18247.79,18313.77
2016-08-03,18313.08,18355.0,18283.23,18355.0
2016-08-04,18351.43,18397.87,18325.17,18352.05
2016-08-05,18402.8,18543.53,18402.8,18543.53
2016-08-08,18540.65,18569.31,18502.03,18529.29
2016-08-09,18538.05,18585.32,18507.75,18533.05
2016-08-10,18541.48,18561.75,18468.78,18495.66
2016-08-11,18519.08,18638.34,18519.08,18613.52
2016-08-12,18595.65,18606.06,18535.86,18576.47
2016-08-15,18588.59,18668.44,18588.59,18636.05
2016-08-16,18614.48,18614.86,18550.65,18552.02
2016-08-17,18537.09,18582.35,18468.68,18573.94
2016-08-18,18566.54,18600.82,18533.29,18597.7
2016-08-19,18585.17,18585.17,18491.24,18552.57
2016-08-22,18535.86,18570.92,18466.86,18529.42
2016-08-23,18568.94,18631.6,18545.52,18547.3
2016-08-24,18537.5,18539.15,18448.27,18481.48
2016-08-25,18471.21,18497.68,18431.46,18448.41
2016-08-26,18467.92,18572.09,18335.34,18395.4
2016-08-29,18421.29,18523.09,18419.92,18502.99
2016-08-30,18491.28,18514.29,18408.52,18454.3
2016-08-31,18436.7,18439.68,18333.56,18400.88
2016-09-01,18396.57,18430.05,18295.48,18419.3
2016-09-02,18466.01,18544.76,18439.1,18491.96
2016-09-06,18493.4,18551.54,18450.32,18538.12
2016-09-07,18527.71,18536.89,18474.77,18526.14
2016-09-08,18486.69,18506.24,18446.69,18479.91
2016-09-09,18404.17,18404.17,18085.45,18085.45
2016-09-12,18028.95,18358.69,17994.84,18325.07
2016-09-13,18262.99,18262.99,18028.06,18066.75
2016-09-14,18073.39,18163.48,17992.21,18034.77
2016-09-15,18024.91,18250.11,18015.49,18212.48
2016-09-16,18217.21,18217.21,18070.21,18123.8
2016-09-19,18154.82,18254.88,18093.05,18120.17
2016-09-20,18175.36,18227.21,18128.8,18129.96
2016-09-21,18164.96,18307.43,18121.57,18293.7
2016-09-22,18343.76,18449.88,18343.76,18392.46
2016-09-23,18377.36,18383.76,18254.84,18261.45
2016-09-26,18217.76,18217.76,18083.32,18094.83
2016-09-27,18099.21,18238.1,18052.16,18228.3
2016-09-28,18240.22,18349.86,18179.34,18339.24
2016-09-29,18322.88,18366.23,18091.64,18143.45
2016-09-30,18181.8,18369.62,18181.8,18308.15
2016-10-03,18279.6,18279.8,18203.75,18253.85
2016-10-04,18267.68,18313.77,18116.26,18168.45
2016-10-05,18205.5,18315.82,18205.5,18281.03
2016-10-06,18280.42,18288.12,18162.97,18268.5
2016-10-07,18295.35,18319.73,18149.35,18240.49
2016-10-10,18282.95,18399.96,18282.95,18329.04
2016-10-11,18308.43,18312.33,18061.96,18128.66
2016-10-12,18132.63,18193.96,18082.09,18144.2
2016-10-13,18088.32,18137.7,17959.95,18098.94
2016-10-14,18177.35,18261.11,18138.38,18138.38
2016-10-17,18135.85,18162.28,18063.02,18086.4
2016-10-18,18145.06,18225.8,18129.45,18161.94
2016-10-19,18178.21,18252.2,18169.25,18202.62
2016-10-20,18161.87,18249.05,18129.07,18162.35
2016-10-21,18152.63,18168.76,18049.77,18145.71
2016-10-24,18197.14,18275.04,18191.18,18223.03
2016-10-25,18206.52,18241.69,18151.7,18169.27
2016-10-26,18103.8,18236.04,18062.3,18199.33
2016-10-27,18234.81,18253.2,18149.2,18169.68
2016-10-28,18193.79,18257.06,18094.97,18161.19
2016-10-31,18176.6,18193.68,18130.58,18142.42
2016-11-01,18158.24,18177.01,17940.84,18037.1
2016-11-02,18017.72,18044.15,17931.89,17959.64
2016-11-03,17978.75,18006.96,17904.07,17930.67
2016-11-04,17928.35,17986.76,17883.56,17888.28
2016-11-07,17994.64,18263.3,17994.64,18259.6
2016-11-08,18251.38,18400.5,18200.75,18332.74
2016-11-09,18317.26,18650.06,18252.55,18589.69
2016-11-10,18603.14,18873.66,18603.14,18807.88
2016-11-11,18781.65,18855.78,18736.96,18847.66
2016-11-14,18876.77,18934.05,18815.75,18868.69
2016-11-15,18858.21,18925.26,18806.06,18923.06
2016-11-16,18909.85,18909.85,18825.89,18868.14
2016-11-17,18866.22,18904.03,18845.27,18903.82
2016-11-18,18905.33,18915.74,18853.83,18867.93
2016-11-21,18898.68,18960.76,18883.1,18956.69
2016-11-22,18970.39,19043.9,18962.82,19023.87
2016-11-23,19015.52,19083.76,19000.38,19083.18
2016-11-25,19093.72,19152.14,19093.72,19152.14
2016-11-28,19122.14,19138.72,19072.25,19097.9
2016-11-29,19064.07,19144.4,19062.22,19121.6
2016-11-30,19135.64,19225.29,19123.38,19123.58
2016-12-01,19149.2,19214.3,19138.79,19191.93
2016-12-02,19161.25,19196.14,19141.18,19170.42
2016-12-05,19244.35,19274.85,19186.73,19216.24
2016-12-06,19219.91,19255.89,19184.74,19251.78
2016-12-07,19241.99,19558.42,19229.83,19549.62
2016-12-08,19559.94,19664.97,19527.83,19614.81
2016-12-09,19631.35,19757.74,19623.19,19756.85
2016-12-12,19770.2,19824.59,19747.74,19796.43
2016-12-13,19852.21,19953.75,19846.45,19911.21
2016-12-14,19876.13,19966.43,19748.67,19792.53
2016-12-15,19811.5,19951.29,19811.5,19852.24
2016-12-16,19909.01,19923.17,19821.0,19843.41
2016-12-19,19836.66,19917.78,19832.95,19883.06
2016-12-20,19920.59,19987.63,19920.42,19974.62
2016-12-21,19968.97,19986.56,19941.96,19941.96
2016-12-22,19922.68,19933.83,19882.19,19918.88
2016-12-23,19908.61,19934.15,19899.06,19933.81
2016-12-27,19943.46,19980.24,19939.8,19945.04
2016-12-28,19964.31,19981.11,19827.31,19833.68
2016-12-29,19835.46,19878.44,19788.94,19819.78
2016-12-30,19833.17,19852.55,19718.67,19762.6
2017-01-03,19872.86,19938.53,19775.93,19881.76
2017-01-04,19890.94,19956.14,19878.83,19942.16
2017-01-05,19924.56,19948.6,19811.12,19899.29
2017-01-06,19906.96,19999.63,19834.08,19963.8
2017-01-09,19931.41,19943.78,19887.38,19887.38
2017-01-10,19876.35,19957.12,19836.03,19855.53
2017-01-11,19887.38,19973.42,19833.16,19954.28
2017-01-12,19926.21,19929.29,19770.47,19891.0
2017-01-13,19912.54,19952.03,19849.38,19885.73
2017-01-17,19848.82,19882.99,19775.35,19826.77
2017-01-18,19822.73,19828.2,19739.0,19804.72
2017-01-19,19813.55,19824.14,19677.94,19732.4
2017-01-20,19795.06,19843.94,19759.14,19827.25
2017-01-23,19794.79,19833.98,19732.36,19799.85
2017-01-24,19794.68,19949.24,19786.71,19912.71
2017-01-25,19994.48,20082.0,19994.48,20068.51
2017-01-26,20076.25,20125.58,20067.53,20100.91
2017-01-27,20103.36,20115.97,20072.64,20093.78
2017-01-30,20028.62,20028.62,19870.39,19971.13
2017-01-31,19913.16,19918.17,19784.77,19864.09
2017-02-01,19923.81,19967.73,19845.99,19890.94
2017-02-02,19858.34,19922.75,19831.09,19884.91
2017-02-03,19964.21,20081.48,19964.21,20071.46
2017-02-06,20025.61,20094.95,20002.81,20052.42
2017-02-07,20107.62,20155.35,20068.68,20090.29
2017-02-08,20049.29,20068.28,20015.33,20054.34
2017-02-09,20061.73,20206.36,20061.73,20172.4
2017-02-10,20211.23,20298.21,20204.76,20269.37
2017-02-13,20338.54,20441.48,20322.95,20412.16
2017-02-14,20374.22,20504.41,20374.02,20504.41
2017-02-15,20504.27,20620.45,20496.03,20611.86
2017-02-16,20627.31,20639.87,20556.83,20619.77
2017-02-17,20564.13,20624.05,20532.61,20624.05
2017-02-21,20663.43,20757.64,20663.37,20743.0
2017-02-22,20715.41,20781.59,20692.39,20775.6
2017-02-23,20817.21,20840.7,20746.41,20810.32
2017-02-24,20751.91,20821.76,20733.95,20821.76
2017-02-27,20808.71,20851.33,20774.76,20837.44
2017-02-28,20833.88,20841.24,20781.21,20812.24
2017-03-01,20957.29,21169.11,20957.29,21115.55
2017-03-02,21128.91,21129.2,20996.61,21002.97
2017-03-03,21008.75,21039.96,20953.86,21005.71
2017-03-06,20955.71,20986.43,20912.11,20954.34
2017-03-07,20934.89,20970.54,20901.26,20924.76
2017-03-08,20940.44,20951.44,20835.58,20855.73
2017-03-09,20864.32,20900.57,20777.16,20858.19
2017-03-10,20919.01,20940.29,20827.66,20902.98
2017-03-13,20899.28,20926.06,20845.71,20881.48
2017-03-14,20848.6,20874.0,20786.31,20837.37
2017-03-15,20874.78,20977.47,20859.6,20950.1
2017-03-16,20969.27,21000.11,20893.5,20934.55
2017-03-17,20965.37,20980.51,20911.07,20914.62
2017-03-20,20916.27,20955.45,20885.7,20905.86
2017-03-21,20956.33,20970.04,20653.26,20668.01
2017-03-22,20640.42,20686.21,20578.95,20661.3
2017-03-23,20645.07,20757.89,20618.62,20656.58
2017-03-24,20674.45,20718.33,20529.67,20596.72
2017-03-27,20488.35,20578.46,20412.8,20550.98
2017-03-28,20542.14,20735.61,20520.1,20701.5
2017-03-29,20675.75,20684.73,20625.03,20659.32
2017-03-30,20662.79,20753.78,20643.6,20728.49
2017-03-31,20700.34,20722.59,20660.68,20663.22
2017-04-03,20665.17,20692.34,20517.82,20650.21
2017-04-04,20634.94,20701.29,20605.3,20689.24
2017-04-05,20745.06,20887.5,20639.55,20648.15
2017-04-06,20653.77,20746.46,20612.17,20662.95
2017-04-07,20647.81,20726.07,20606.95,20656.1
2017-04-10,20668.22,20750.33,20614.86,20658.02
2017-04-11,20644.32,20660.03,20512.56,20651.3
2017-04-12,20637.95,20642.54,20553.03,20591.86
2017-04-13,20561.69,20612.27,20453.25,20453.25
2017-04-18,20561.39,20600.12,20462.28,20523.28
2017-04-19,20503.52,20546.69,20379.55,20404.49
2017-04-20,20406.68,20629.78,20406.68,20578.71
2017-04-21,20578.1,20601.4,20505.33,20547.76
2017-04-24,20723.59,20792.2,20723.59,20763.89
2017-04-25,20915.51,21026.97,20909.38,20996.12
2017-04-26,21009.95,21070.9,20972.27,20975.09
2017-04-27,20991.12,21005.8,20935.8,20981.33
2017-04-28,20987.39,20987.76,20926.75,20940.51
2017-05-02,20941.19,20960.92,20904.06,20949.89
2017-05-03,20915.0,20972.74,20874.18,20957.9
2017-05-04,20987.83,20990.79,20847.95,20951.47
2017-05-05,20929.04,21006.94,20905.0,21006.94
2017-05-08,20991.26,21017.89,20971.05,21012.28
2017-05-09,21022.28,21046.85,20938.04,20975.78
2017-05-10,20958.49,20976.28,20884.15,20943.11
2017-05-11,20925.72,20933.36,20798.9,20919.42
2017-05-12,20893.19,20916.1,20869.74,20896.61
2017-05-15,20923.63,21000.83,20923.63,20981.94
2017-05-16,20984.48,21033.53,20932.88,20979.75
2017-05-17,20846.17,20846.17,20601.08,20606.93
2017-05-18,20579.65,20759.2,20553.45,20663.02
2017-05-19,20698.28,20857.13,20687.94,20804.84
2017-05-22,20867.77,20914.26,20860.16,20894.83
2017-05-23,20908.67,20961.14,20896.22,20937.91
2017-05-24,20949.21,21022.82,20933.58,21012.42
2017-05-25,21062.96,21112.32,21051.41,21082.95
2017-05-26,21070.15,21092.82,21050.49,21080.28
2017-05-30,21045.49,21063.62,21009.6,21029.47
2017-05-31,21048.46,21051.7,20942.57,21008.65
2017-06-01,21030.55,21144.18,20994.22,21144.18
2017-06-02,21142.09,21225.04,21129.56,21206.29
2017-06-05,21195.03,21224.41,21168.69,21184.04
2017-06-06,21145.48,21180.47,21118.46,21136.23
2017-06-07,21171.57,21189.84,21113.31,21173.69
2017-06-08,21169.76,21265.69,21138.16,21182.53
2017-06-09,21208.96,21305.35,21159.45,21271.97
2017-06-12,21259.95,21277.08,21186.15,21235.67
2017-06-13,21256.83,21332.77,21256.83,21328.47
2017-06-14,21342.71,21391.97,21294.09,21374.56
2017-06-15,21291.69,21367.28,21261.87,21359.9
2017-06-16,21335.93,21384.42,21308.01,21384.28
2017-06-19,21444.75,21528.99,21436.08,21528.99
2017-06-20,21521.25,21535.03,21464.24,21467.14
2017-06-21,21466.39,21492.62,21390.0,21410.03
2017-06-22,21407.98,21456.47,21394.81,21397.29
2017-06-23,21380.92,21421.79,21333.89,21394.76
2017-06-26,21434.68,21506.21,21381.25,21409.55
2017-06-27,21411.19,21440.6,21310.66,21310.66
2017-06-28,21372.36,21478.75,21372.36,21454.61
2017-06-29,21487.38,21487.38,21197.08,21287.03
2017-06-30,21348.6,21426.12,21325.08,21349.63
2017-07-03,21392.3,21562.75,21391.71,21479.27
2017-07-05,21492.83,21505.36,21404.76,21478.17
2017-07-06,21423.93,21433.1,21305.38,21320.04
2017-07-07,21354.66,21425.82,21350.72,21414.34
2017-07-10,21381.23,21446.39,21371.11,21408.52
2017-07-11,21410.17,21441.62,21279.3,21409.07
2017-07-12,21467.93,21580.79,21467.93,21532.14
2017-07-13,21537.19,21568.72,21512.36,21553.09
2017-07-14,21532.77,21681.53,21521.72,21637.74
2017-07-17,21633.97,21661.81,21617.66,21629.72
2017-07-18,21589.94,21589.94,21471.14,21574.73
2017-07-19,21569.25,21640.75,21565.84,21640.75
2017-07-20,21641.54,21661.91,21576.96,21611.78
2017-07-21,21591.72,21592.61,21503.78,21580.07
2017-07-24,21577.78,21577.78,21496.13,21513.17
2017-07-25,21638.56,21670.62,21577.37,21613.43
2017-07-26,21690.38,21742.7,21683.29,21711.01
2017-07-27,21717.42,21798.47,21687.85,21796.55
2017-07-28,21787.51,21841.18,21756.12,21830.31
2017-07-31,21863.39,21929.8,21861.71,21891.12
2017-08-01,21961.42,21990.96,21940.81,21963.92
2017-08-02,22004.36,22036.1,21967.46,22016.24
2017-08-03,22007.58,22044.85,21991.32,22026.1
2017-08-04,22058.39,22092.81,22024.64,22092.81
2017-08-07,22100.2,22121.15,22081.97,22118.42
2017-08-08,22095.14,22179.11,22057.29,22085.34
2017-08-09,22022.34,22057.19,21996.69,22048.7
2017-08-10,21988.2,21988.2,21843.94,21844.01
2017-08-11,21883.32,21911.09,21842.74,21858.32
2017-08-14,21945.64,22019.23,21945.64,21993.71
2017-08-15,22029.91,22038.92,21971.48,21998.99
2017-08-16,22031.93,22085.71,22002.47,22024.87
2017-08-17,21984.74,21984.74,21750.32,21750.73
2017-08-18,21724.88,21793.35,21641.63,21674.51
2017-08-21,21671.36,21718.74,21600.34,21703.75
2017-08-22,21739.78,21912.83,21738.13,21899.89
2017-08-23,21850.27,21866.66,21808.39,21812.09
2017-08-24,21839.9,21870.11,21765.82,21783.4
2017-08-25,21819.08,21906.86,21812.81,21813.67
2017-08-28,21832.5,21861.49,21767.94,21808.4
2017-08-29,21718.0,21879.22,21673.58,21865.37
2017-08-30,21859.76,21914.26,21839.47,21892.43
2017-08-31,21936.01,21985.76,21910.5,21948.1
2017-09-01,21981.77,22038.97,21974.91,21987.56
2017-09-05,21912.37,21921.09,21709.63,21753.31
2017-09-06,21815.76,21849.24,21794.07,21807.64
2017-09-07,21820.38,21850.01,21745.71,21784.78
2017-09-08,21764.43,21846.63,21731.12,21797.79
2017-09-11,21927.79,22067.1,21927.79,22057.37
2017-09-12,22090.56,22134.57,22087.09,22118.86
2017-09-13,22103.47,22158.18,22095.79,22158.18
2017-09-14,22144.96,22216.44,22135.26,22203.48
2017-09-15,22252.44,22275.02,22214.52,22268.34
2017-09-18,22297.92,22355.62,22283.35,22331.35
2017-09-19,22349.7,22386.01,22340.71,22370.8
2017-09-20,22351.38,22413.26,22314.68,22412.59
2017-09-21,22414.02,22419.51,22356.55,22359.23
2017-09-22,22334.07,22364.31,22299.58,22349.59
2017-09-25,22320.47,22359.88,22219.11,22296.09
2017-09-26,22322.03,22369.35,22279.52,22284.32
2017-09-27,22330.93,22371.1,22254.93,22340.71
2017-09-28,22306.83,22394.74,22288.97,22381.2
2017-09-29,22358.47,22405.63,22332.96,22405.09
2017-10-02,22423.47,22559.38,22416.0,22557.6
2017-10-03,22564.45,22646.32,22562.9,22641.67
2017-10-04,22645.67,22685.94,22632.8,22661.64
2017-10-05,22669.08,22777.04,22655.14,22775.39
2017-10-06,22762.03,22773.67,22730.85,22773.67
2017-10-09,22779.73,22803.37,22739.38,22761.07
2017-10-10,22784.76,22850.51,22770.99,22830.68
2017-10-11,22827.65,22872.89,22821.66,22872.89
2017-10-12,22854.85,22884.82,22821.13,22841.01
2017-10-13,22876.43,22905.33,22855.93,22871.72
2017-10-16,22892.92,22960.12,22887.12,22956.96
2017-10-17,22952.41,23002.2,22948.23,22997.44
2017-10-18,23087.13,23172.93,23086.75,23157.6
2017-10-19,23107.47,23167.24,23052.67,23163.04
2017-10-20,23205.18,23328.84,23201.78,23328.63
2017-10-23,23348.95,23368.37,23273.96,23273.96
2017-10-24,23346.78,23485.25,23343.23,23441.76
2017-10-25,23431.09,23451.51,23251.11,23329.46
2017-10-26,23380.89,23459.84,23380.89,23400.86
2017-10-27,23419.16,23449.4,23353.16,23434.19
2017-10-30,23405.75,23428.75,23327.87,23348.74
2017-10-31,23369.22,23406.35,23334.39,23377.24
2017-11-01,23442.9,23517.71,23388.91,23435.01
2017-11-02,23463.24,23531.38,23350.98,23516.26
2017-11-03,23549.59,23557.06,23481.57,23539.19
2017-11-06,23533.96,23574.86,23520.75,23548.42
2017-11-07,23574.03,23602.12,23484.19,23557.23
2017-11-08,23542.6,23575.0,23510.56,23563.36
2017-11-09,23492.09,23516.74,23310.02,23461.94
2017-11-10,23432.71,23452.2,23392.96,23422.21
2017-11-13,23367.47,23461.68,23343.34,23439.7
2017-11-14,23388.4,23414.08,23271.57,23409.47
2017-11-15,23334.59,23344.99,23242.75,23271.28
2017-11-16,23365.34,23492.19,23365.34,23458.36
2017-11-17,23433.77,23433.77,23356.01,23358.24
2017-11-20,23370.71,23456.88,23360.58,23430.33
2017-11-21,23500.15,23617.8,23500.15,23590.83
2017-11-22,23597.24,23605.77,23507.61,23526.18
2017-11-24,23552.75,23599.18,23551.59,23557.99
2017-11-27,23552.86,23638.92,23545.02,23580.78
2017-11-28,23625.19,23849.61,23617.11,23836.71
2017-11-29,23883.26,23959.76,23872.59,23940.68
2017-11-30,24013.8,24327.82,24013.8,24272.35
2017-12-01,24305.4,24322.06,23921.9,24231.59
2017-12-04,24424.11,24534.04,24288.19,24290.05
2017-12-05,24335.01,24349.74,24155.28,24180.64
2017-12-06,24171.9,24229.35,24134.49,24140.91
2017-12-07,24116.6,24262.88,24101.24,24211.48
2017-12-08,24263.26,24330.12,24225.5,24329.16
2017-12-11,24338.11,24389.72,24314.74,24386.03
2017-12-12,24452.96,24552.97,24443.83,24504.8
2017-12-13,24525.19,24666.02,24518.3,24585.43
2017-12-14,24631.01,24672.48,24508.66,24508.66
2017-12-15,24585.71,24688.62,24584.44,24651.74
2017-12-18,24739.56,24876.07,24739.56,24792.2
2017-12-19,24834.38,24850.11,24715.6,24754.75
2017-12-20,24838.09,24852.44,24697.11,24726.65
2017-12-21,24778.26,24850.91,24766.27,24782.29
2017-12-22,24764.04,24784.15,24717.51,24754.06
2017-12-27,24766.52,24789.52,24731.68,24774.3
2017-12-28,24807.21,24839.23,24797.13,24837.51
2017-12-29,24849.63,24871.66,24719.22,24719.22
2018-01-02,24809.35,24864.19,24741.7,24824.01
2018-01-03,24850.45,24941.92,24825.55,24922.68
2018-01-04,24964.86,25105.96,24963.27,25075.13
2018-01-05,25114.92,25299.79,25112.01,25295.87
2018-01-08,25308.4,25311.99,25235.41,25283.0
2018-01-09,25312.05,25439.78,25308.41,25385.8
2018-01-10,25348.13,25404.92,25256.99,25369.13
2018-01-11,25398.6,25575.42,25396.19,25574.73
2018-01-12,25638.39,25810.43,25633.08,25803.19
2018-01-16,25987.62,26086.12,25702.99,25792.86
2018-01-17,25910.78,26130.45,25865.02,26115.65
2018-01-18,26149.55,26153.42,25947.32,26017.81
2018-01-19,25987.35,26071.72,25942.83,26071.72
2018-01-22,26025.32,26215.23,25974.65,26214.6
2018-01-23,26214.87,26246.19,26143.9,26210.81
2018-01-24,26282.07,26392.8,26106.94,26252.12
2018-01-25,26313.06,26458.25,26259.72,26392.79
2018-01-26,26466.74,26616.71,26425.35,26616.71
2018-01-29,26584.28,26608.9,26435.34,26439.48
2018-01-30,26198.45,26256.99,26028.42,26076.89
2018-01-31,26268.17,26338.03,26050.98,26149.39
2018-02-01,26083.04,26306.7,26014.44,26186.71
2018-02-02,26061.79,26061.79,25490.66,25520.96
2018-02-05,25337.87,25520.53,23923.88,24345.75
2018-02-06,24085.17,24946.23,23778.74,24912.77
2018-02-07,24892.87,25293.96,24785.44,24893.35
2018-02-08,24902.3,24903.68,23849.23,23860.46
2018-02-09,23992.67,24382.14,23360.29,24190.9
2018-02-12,24337.76,24765.16,24290.48,24601.27
2018-02-13,24540.33,24705.72,24421.03,24640.45
2018-02-14,24535.82,24925.95,24490.36,24893.49
2018-02-15,25047.82,25203.95,24809.42,25200.37
2018-02-16,25165.94,25432.42,25149.26,25219.38
2018-02-20,25124.91,25179.01,24884.19,24964.75
2018-02-21,24988.06,25267.99,24792.99,24797.78
2018-02-22,24855.41,25156.72,24854.83,24962.48
2018-02-23,25050.51,25313.91,25028.73,25309.99
2018-02-26,25403.35,25732.8,25398.56,25709.27
2018-02-27,25735.78,25800.35,25407.83,25410.03
2018-02-28,25485.15,25576.15,25022.42,25029.2
2018-03-01,25024.04,25185.35,24442.56,24608.98
2018-03-02,24394.91,24592.46,24217.76,24538.06
2018-03-05,24471.31,24961.0,24387.15,24874.76
2018-03-06,24965.89,24995.24,24708.41,24884.12
2018-03-07,24758.15,24849.68,24535.12,24801.36
2018-03-08,24853.41,24950.49,24703.05,24895.21
2018-03-09,25004.89,25336.33,25004.89,25335.74
2018-03-12,25372.44,25449.15,25152.02,25178.61
2018-03-13,25257.75,25376.4,24947.5,25007.03
2018-03-14,25086.97,25130.12,24668.83,24758.12
2018-03-15,24837.29,25053.87,24753.29,24873.66
2018-03-16,24877.34,25031.0,24857.09,24946.51
2018-03-19,24893.69,24893.69,24453.14,24610.91
2018-03-20,24650.64,24803.61,24650.64,24727.27
2018-03-21,24723.49,24977.65,24655.4,24682.31
2018-03-22,24526.01,24526.01,23938.74,23957.89
2018-03-23,23995.18,24108.47,23509.06,23533.2
2018-03-26,23825.74,24232.3,23741.22,24202.6
2018-03-27,24276.62,24446.22,23708.73,23857.71
2018-03-28,23883.08,24092.47,23728.67,23848.42
2018-03-29,23949.18,24314.3,23928.13,24103.11
2018-04-03,23698.33,24044.35,23664.33,24033.36
2018-04-04,23654.15,24308.96,23523.16,24264.3
2018-04-05,24313.91,24622.26,24313.91,24505.22
2018-04-06,24373.6,24434.4,23738.2,23932.76
2018-04-09,24037.52,24373.18,23954.83,23979.1
2018-04-10,24198.95,24511.35,24198.95,24408.0
2018-04-11,24274.19,24366.57,24150.87,24189.45
2018-04-12,24302.82,24592.12,24302.82,24483.05
2018-04-13,24582.82,24646.45,24243.74,24360.14
2018-04-16,24483.15,24675.36,24480.2,24573.04
2018-04-17,24681.79,24858.97,24681.79,24786.63
2018-04-18,24820.85,24832.54,24721.09,24748.07
2018-04-19,24711.3,24762.48,24557.03,24664.89
2018-04-20,24657.39,24678.07,24375.04,24462.94
2018-04-23,24488.07,24536.89,24328.54,24448.69
2018-04-24,24579.94,24579.94,23828.73,24024.13
2018-04-25,24070.2,24146.34,23823.08,24083.83
2018-04-26,24128.72,24402.46,24128.72,24322.34
2018-04-27,24342.14,24359.38,24194.45,24311.19
2018-04-30,24410.41,24498.23,24163.08,24163.15
2018-05-02,24097.63,24185.52,23886.3,23924.98
2018-05-03,23836.23,23996.15,23531.31,23930.15
2018-05-04,23865.22,24333.35,23778.87,24262.51
2018-05-07,24317.66,24479.45,24263.42,24357.32
2018-05-08,24341.35,24412.34,24198.34,24360.21
2018-05-09,24399.18,24586.48,24323.87,24542.54
2018-05-10,24591.66,24794.99,24575.91,24739.53
2018-05-11,24758.64,24868.65,24717.5,24831.17
2018-05-14,24879.37,24994.19,24862.52,24899.41
2018-05-15,24809.55,24809.55,24629.39,24706.41
2018-05-16,24722.32,24801.19,24672.79,24768.93
2018-05-17,24752.4,24839.49,24639.4,24713.98
2018-05-18,24707.72,24774.97,24664.87,24715.09
2018-05-21,24883.06,25086.49,24883.06,25013.29
2018-05-22,25047.55,25064.99,24812.06,24834.41
2018-05-23,24757.71,24889.46,24667.12,24886.81
2018-05-24,24877.36,24877.36,24605.9,24811.76
2018-05-25,24781.29,24824.22,24687.81,24753.09
2018-05-29,24606.59,24635.18,24247.84,24361.45
2018-05-30,24467.83,24714.48,24459.09,24667.78
2018-05-31,24620.79,24620.79,24352.15,24415.84
2018-06-01,24542.09,24673.6,24542.09,24635.21
2018-06-04,24727.55,24859.37,24722.14,24813.69
2018-06-05,24820.12,24838.78,24710.82,24799.98
2018-06-06,24854.14,25146.46,24854.14,25146.39
2018-06-07,25192.14,25326.09,25164.48,25241.41
2018-06-08,25209.29,25325.63,25165.7,25316.53
2018-06-11,25336.67,25402.83,25290.2,25322.31
2018-06-12,25346.82,25364.37,25247.04,25320.73
2018-06-13,25328.65,25362.07,25191.42,25201.2
2018-06-14,25254.65,25332.5,25138.6,25175.31
2018-06-15,25116.71,25130.82,24894.38,25090.48
2018-06-18,24944.28,25003.1,24825.77,24987.47
2018-06-19,24763.59,24763.59,24567.75,24700.21
2018-06-20,24771.17,24804.76,24628.39,24657.8
2018-06-21,24639.21,24639.21,24406.63,24461.7
2018-06-22,24526.97,24663.18,24526.97,24580.89
2018-06-25,24463.73,24463.73,24084.39,24252.8
2018-06-26,24281.89,24384.21,24241.22,24283.11
2018-06-27,24303.11,24569.02,24115.82,24117.59
2018-06-28,24064.19,24308.16,23997.21,24216.05
2018-06-29,24323.93,24509.52,24269.71,24271.41
2018-07-02,24161.53,24319.42,24077.56,24307.18
2018-07-03,24359.39,24444.88,24150.85,24174.82
2018-07-05,24285.82,24372.8,24177.44,24356.74
2018-07-06,24352.47,24520.29,24281.47,24456.48
2018-07-09,24519.2,24796.52,24518.43,24776.59
2018-07-10,24806.97,24945.38,24806.97,24919.66
2018-07-11,24789.48,24815.16,24663.82,24700.45
2018-07-12,24802.9,24939.97,24802.9,24924.89
2018-07-13,24926.07,25043.21,24890.06,25019.41
2018-07-16,25025.58,25072.41,24979.64,25064.36
2018-07-17,25033.92,25155.39,24989.61,25119.89
2018-07-18,25133.79,25215.32,25101.12,25199.29
2018-07-19,25139.15,25154.17,25052.62,25064.5
2018-07-20,25041.14,25124.1,24986.35,25058.12
2018-07-23,25036.9,25081.45,24983.33,25044.29
2018-07-24,25092.43,25286.62,25092.43,25241.94
2018-07-25,25183.7,25432.87,25113.55,25414.1
2018-07-26,25468.55,25587.24,25463.16,25527.07
2018-07-27,25520.52,25580.22,25370.07,25451.06
2018-07-30,25439.32,25500.16,25287.38,25306.83
2018-07-31,25345.21,25490.98,25345.21,25415.19
2018-08-01,25461.63,25488.8,25278.32,25333.82
2018-08-02,25256.45,25360.48,25120.07,25326.16
2018-08-03,25360.37,25467.9,25325.17,25462.58
2018-08-06,25437.43,25540.02,25381.38,25502.18
2018-08-07,25551.65,25692.72,25551.65,25628.91
2018-08-08,25615.72,25634.11,25557.48,25583.75
2018-08-09,25589.79,25613.31,25492.69,25509.23
2018-08-10,25401.19,25401.19,25222.88,25313.14
2018-08-13,25327.19,25381.39,25153.93,25187.7
2018-08-14,25215.69,25339.51,25201.87,25299.92
2018-08-15,25235.37,25235.37,24965.77,25162.41
2018-08-16,25294.97,25607.34,25294.97,25558.73
2018-08-17,25550.8,25728.16,25521.66,25669.32
2018-08-20,25727.7,25790.17,25716.41,25758.69
2018-08-21,25786.99,25888.82,25784.9,25822.29
2018-08-22,25825.06,25836.16,25722.43,25733.6
2018-08-23,25714.86,25762.56,25608.02,25656.98
2018-08-24,25688.58,25826.05,25688.58,25790.35
2018-08-27,25882.71,26067.57,25882.71,26049.64
2018-08-28,26092.7,26122.24,26037.85,26064.02
2018-08-29,26082.53,26167.94,26035.3,26124.57
2018-08-30,26099.01,26104.37,25934.8,25986.92
2018-08-31,25964.85,26028.83,25879.77,25964.82
2018-09-04,25916.07,25971.77,25805.95,25952.48
2018-09-05,25919.84,26011.22,25871.04,25974.99
2018-09-06,25973.02,26073.68,25880.84,25995.87
2018-09-07,25951.02,26002.99,25818.39,25916.54
2018-09-10,25991.91,26039.96,25854.13,25857.07
2018-09-11,25841.14,26019.92,25754.32,25971.06
2018-09-12,25989.07,26145.72,25929.43,25998.92
2018-09-13,26083.94,26191.64,26067.08,26145.99
2018-09-14,26169.56,26211.11,26068.29,26154.67
2018-09-17,26151.66,26184.47,26030.35,26062.12
2018-09-18,26076.21,26317.34,26076.21,26246.96
2018-09-19,26287.84,26464.41,26280.76,26405.76
2018-09-20,26519.39,26697.49,26519.39,26656.98
2018-09-21,26726.25,26769.16,26680.37,26743.5
2018-09-24,26705.25,26709.94,26548.68,26562.05
2018-09-25,26601.58,26634.85,26475.58,26492.21
2018-09-26,26536.86,26606.09,26349.34,26385.28
2018-09-27,26418.27,26557.01,26379.95,26439.93
2018-09-28,26407.66,26515.76,26383.57,26458.31
2018-10-01,26598.36,26737.98,26596.05,26651.21
2018-10-02,26648.91,26824.78,26627.66,26773.94
2018-10-03,26833.47,26951.81,26789.08,26828.39
2018-10-04,26784.08,26793.82,26471.61,26627.48
2018-10-05,26632.77,26676.16,26301.81,26447.05
2018-10-08,26399.45,26529.35,26223.09,26486.78
2018-10-09,26469.19,26539.94,26324.16,26430.57
2018-10-10,26441.73,26441.73,25593.65,25598.74
2018-10-11,25518.39,25683.64,24899.77,25052.83
2018-10-12,25407.63,25467.55,25000.83,25339.99
2018-10-15,25332.46,25482.42,25243.88,25250.55
2018-10-16,25351.53,25817.68,25351.53,25798.42
2018-10-17,25705.87,25810.09,25479.16,25706.68
2018-10-18,25645.56,25691.46,25236.01,25379.45
2018-10-19,25421.09,25608.71,25350.02,25444.34
2018-10-22,25492.14,25561.34,25236.05,25317.41
2018-10-23,25038.46,25307.7,24768.79,25191.43
2018-10-24,25172.88,25306.23,24533.19,24583.42
2018-10-25,24736.54,25104.29,24645.56,24984.55
2018-10-26,24770.25,24916.16,24445.19,24688.31
2018-10-29,24818.98,25040.58,24122.23,24442.92
2018-10-30,24482.04,24906.68,24415.69,24874.64
2018-10-31,25008.82,25336.55,25008.82,25115.76
2018-11-01,25142.08,25396.47,25108.11,25380.74
2018-11-02,25443.6,25578.98,25078.72,25270.83
2018-11-05,25261.47,25507.35,25261.47,25461.7
2018-11-06,25452.83,25651.86,25444.9,25635.01
2018-11-07,25788.46,26200.14,25765.88,26180.3
2018-11-08,26139.59,26277.82,26081.9,26191.22
2018-11-09,26149.11,26161.49,25882.91,25989.3
2018-11-12,25959.33,25966.71,25340.51,25387.18
2018-11-13,25321.21,25511.03,25193.78,25286.49
2018-11-14,25388.08,25501.29,24935.82,25080.5
2018-11-15,25061.48,25354.56,24787.79,25289.27
2018-11-16,25242.35,25510.23,25147.8,25413.22
2018-11-19,25392.61,25392.61,24900.98,25017.44
2018-11-20,24618.68,24707.26,24368.98,24465.64
2018-11-21,24541.65,24669.79,24463.28,24464.69
2018-11-23,24336.4,24408.8,24268.74,24285.95
2018-11-26,24364.13,24673.29,24364.13,24640.24
2018-11-27,24557.02,24750.73,24416.03,24748.73
2018-11-28,24832.84,25368.93,24832.84,25366.43
2018-11-29,25343.65,25479.04,25202.79,25338.84
2018-11-30,25307.14,25549.71,25250.97,25538.46
2018-12-03,25779.57,25980.21,25670.51,25826.43
2018-12-04,25752.56,25773.12,25008.11,25027.07
2018-12-06,24737.42,24951.01,24242.22,24947.67
2018-12-07,24918.82,25095.62,24284.78,24388.95
2018-12-10,24360.95,24500.81,23881.37,24423.26
2018-12-11,24719.91,24791.26,24221.06,24370.24
2018-12-12,24509.09,24828.29,24509.09,24527.27
2018-12-13,24575.86,24740.96,24473.29,24597.38
2018-12-14,24408.04,24431.14,24033.79,24100.51
2018-12-17,23986.83,24088.08,23456.88,23592.98
2018-12-18,23769.13,23927.77,23516.02,23675.64
2018-12-19,23693.33,24057.34,23162.64,23323.66
2018-12-20,23224.12,23282.2,22644.31,22859.6
2018-12-21,22871.74,23254.59,22396.34,22445.37
2018-12-24,22317.28,22339.87,21792.2,21792.2
2018-12-27,22629.06,23138.89,22267.42,23138.82
2018-12-28,23213.61,23381.88,22981.33,23062.4
2018-12-31,23153.94,23333.18,23118.3,23327.46
2019-01-02,23058.61,23413.47,22928.59,23346.24
2019-01-03,23176.39,23176.39,22638.41,22686.22
2019-01-04,22894.92,23518.64,22894.92,23433.16
2019-01-07,23474.26,23687.74,23301.59,23531.35
2019-01-08,23680.32,23864.65,23581.45,23787.45
2019-01-09,23844.27,23985.45,23776.56,23879.12
2019-01-10,23811.11,24014.78,23703.25,24001.92
2019-01-11,23940.01,23996.32,23798.16,23995.95
2019-01-14,23880.53,23964.9,23765.24,23909.84
2019-01-15,23914.11,24099.14,23887.93,24065.59
2019-01-16,24139.91,24288.61,24119.72,24207.16
2019-01-17,24147.09,24474.46,24088.9,24370.1
2019-01-18,24534.19,24750.22,24459.03,24706.35
2019-01-22,24607.76,24607.76,24244.31,24404.48
2019-01-23,24577.25,24700.98,24307.17,24575.62
2019-01-24,24579.96,24626.3,24422.73,24553.24
2019-01-25,24687.21,24860.15,24676.75,24737.2
2019-01-28,24596.98,24596.98,24323.94,24528.22
2019-01-29,24519.62,24674.87,24504.04,24579.96
2019-01-30,24826.52,25109.62,24790.9,25014.86
2019-01-31,24954.48,25049.62,24842.09,24999.67
2019-02-01,25025.31,25193.15,24982.49,25063.89
2019-02-04,25062.12,25239.91,24977.67,25239.37
2019-02-05,25287.93,25427.32,25287.65,25411.52
2019-02-06,25371.57,25439.04,25312.06,25390.3
2019-02-07,25265.81,25314.26,25000.52,25169.53
2019-02-08,25042.36,25106.39,24883.04,25106.33
2019-02-11,25142.81,25196.75,25009.1,25053.11
2019-02-12,25152.03,25458.98,25152.03,25425.76
2019-02-13,25480.86,25625.95,25480.86,25543.27
2019-02-14,25460.65,25558.9,25308.09,25439.39
2019-02-15,25564.63,25883.72,25564.63,25883.25
2019-02-19,25849.85,25961.44,25820.01,25891.32
2019-02-20,25872.26,25986.2,25846.48,25954.44
2019-02-21,25922.41,25938.88,25762.21,25850.63
2019-02-22,25906.27,26052.9,25906.27,26031.81
2019-02-25,26126.15,26241.42,26080.66,26091.95
2019-02-26,26051.61,26155.29,25966.01,26057.98
2019-02-27,25995.6,26039.68,25877.24,25985.16
2019-02-28,25984.28,26029.21,25896.56,25916.0
2019-03-01,26019.67,26143.92,25914.37,26026.32
2019-03-04,26122.19,26155.98,25611.55,25819.65
2019-03-05,25829.07,25877.15,25725.63,25806.63
2019-03-06,25818.76,25837.61,25633.71,25673.46
2019-03-07,25645.45,25645.45,25352.55,25473.23
2019-03-08,25347.38,25466.14,25252.46,25450.24
2019-03-11,25208.0,25661.63,25208.0,25650.88
2019-03-12,25600.3,25675.44,25522.17,25554.66
2019-03-13,25637.23,25776.49,25571.31,25702.89
2019-03-14,25692.31,25752.84,25621.31,25709.94
2019-03-15,25720.96,25927.91,25649.7,25848.87
2019-03-18,25801.88,25924.77,25785.66,25914.1
2019-03-19,25987.87,26109.68,25814.92,25887.38
2019-03-20,25867.79,25929.52,25670.63,25745.67
2019-03-21,25688.44,26009.9,25657.78,25962.51
2019-03-22,25844.65,25877.01,25501.45,25502.32
2019-03-25,25490.72,25603.27,25372.26,25516.83
2019-03-26,25649.56,25796.29,25544.78,25657.73
2019-03-27,25676.34,25758.17,25425.27,25625.59
2019-03-28,25693.32,25743.41,25576.69,25717.46
2019-03-29,25827.31,25949.32,25771.67,25928.68
2019-04-01,26075.1,26280.9,26071.69,26258.42
2019-04-02,26213.55,26221.24,26122.31,26179.13
2019-04-03,26238.03,26282.17,26138.47,26218.13
2019-04-04,26213.42,26398.9,26212.78,26384.63
2019-04-05,26427.56,26487.57,26370.82,26424.99
2019-04-08,26312.67,26344.65,26246.03,26341.02
2019-04-09,26243.54,26246.34,26103.14,26150.58
2019-04-10,26173.71,26209.49,26101.24,26157.16
2019-04-11,26188.21,26229.88,26062.59,26143.05
2019-04-12,26357.79,26436.68,26309.72,26412.3
2019-04-15,26407.76,26424.85,26316.42,26384.77
2019-04-16,26482.19,26530.71,26397.19,26452.66
2019-04-17,26468.53,26501.02,26391.86,26449.54
2019-04-18,26463.37,26602.42,26444.53,26559.54
2019-04-23,26513.83,26695.96,26503.56,26656.39
2019-04-24,26652.56,26680.58,26582.86,26597.05
2019-04-25,26426.37,26536.48,26310.28,26462.08
2019-04-26,26454.62,26543.56,26392.55,26543.33
2019-04-29,26559.87,26602.54,26520.75,26554.39
2019-04-30,26594.56,26614.04,26419.47,26592.91
2019-05-02,26407.15,26454.69,26180.36,26307.79
2019-05-03,26379.14,26534.96,26370.09,26504.95
2019-05-06,26160.62,26476.27,26033.95,26438.48
2019-05-07,26276.9,26276.9,25789.71,25965.09
2019-05-08,25933.79,26118.1,25889.41,25967.33
2019-05-09,25878.85,25884.89,25517.39,25828.36
2019-05-10,25763.72,26019.32,25469.86,25942.37
2019-05-13,25568.06,25568.06,25222.51,25324.99
2019-05-14,25384.03,25688.96,25384.03,25532.05
2019-05-15,25400.13,25724.89,25341.94,25648.02
2019-05-16,25692.14,25957.63,25692.14,25862.68
2019-05-17,25719.95,25948.74,25657.78,25764.0
2019-05-20,25655.31,25751.71,25560.55,25679.9
2019-05-21,25782.34,25898.27,25779.61,25877.33
2019-05-22,25818.46,25878.21,25755.11,25776.61
2019-05-23,25657.99,25657.99,25328.09,25490.47
2019-05-24,25551.07,25670.81,25496.2,25585.69
2019-05-28,25616.55,25717.63,25342.28,25347.77
2019-05-29,25231.46,25231.46,24938.24,25126.41
2019-05-30,25139.94,25218.54,25066.75,25169.88
2019-05-31,25046.31,25046.31,24809.51,24815.04
2019-06-03,24830.16,24935.21,24680.57,24819.78
2019-06-04,24962.82,25343.77,24962.82,25332.18
2019-06-05,25451.0,25544.66,25373.58,25539.57
2019-06-06,25567.45,25800.3,25518.05,25720.66
2019-06-07,25768.72,26072.75,25768.72,25983.94
2019-06-10,26090.22,26210.61,26054.31,26062.68
2019-06-11,26180.59,26248.67,25998.87,26048.51
2019-06-12,26040.3,26082.1,25958.66,26004.83
2019-06-13,26036.94,26146.91,25995.71,26106.77
2019-06-14,26076.36,26162.28,25988.09,26089.61
2019-06-17,26108.53,26165.78,26049.8,26112.53
2019-06-18,26228.88,26527.19,26227.76,26465.54
2019-06-19,26490.16,26569.75,26415.05,26504.0
2019-06-20,26665.38,26798.63,26539.69,26753.17
2019-06-21,26749.12,26907.37,26705.87,26719.13
2019-06-24,26727.61,26806.52,26723.37,26727.54
2019-06-25,26731.61,26752.31,26527.66,26548.22
2019-06-26,26599.42,26660.04,26536.33,26536.82
2019-06-27,26523.72,26607.24,26465.32,26526.58
2019-06-28,26605.93,26638.35,26522.27,26599.96
2019-07-01,26805.86,26890.64,26616.21,26717.43
2019-07-02,26719.53,26787.56,26632.65,26786.68
2019-07-03,26832.32,26966.0,26831.44,26966.0
2019-07-05,26867.75,26950.81,26733.33,26922.12
2019-07-08,26835.64,26839.14,26744.87,26806.14
2019-07-09,26725.12,26807.7,26665.57,26783.49
2019-07-10,26851.96,26983.45,26813.11,26860.2
2019-07-11,26950.16,27088.45,26916.32,27088.08
2019-07-12,27139.49,27333.79,27135.45,27332.03
2019-07-15,27364.69,27364.69,27294.17,27359.16
2019-07-16,27349.32,27398.68,27290.24,27335.63
2019-07-17,27320.91,27343.06,27218.38,27219.85
2019-07-18,27191.98,27266.81,27068.79,27222.97
2019-07-19,27246.38,27342.96,27145.78,27154.2
2019-07-22,27174.18,27227.77,27088.9,27171.9
2019-07-23,27231.86,27368.81,27204.58,27349.19
2019-07-24,27262.24,27291.04,27191.12,27269.97
2019-07-25,27247.39,27298.43,27062.48,27140.98
2019-07-26,27166.0,27213.7,27123.25,27192.45
2019-07-29,27192.24,27275.85,27178.06,27221.35
2019-07-30,27145.39,27224.36,27069.86,27198.02
2019-07-31,27244.67,27281.65,26719.6,26864.27
2019-08-01,26879.86,27175.59,26548.71,26583.42
2019-08-02,26528.66,26570.02,26249.22,26485.01
2019-08-05,26259.23,26259.23,25523.38,25717.74
2019-08-06,25810.62,26038.68,25710.87,26029.52
2019-08-07,25814.22,26073.21,25440.39,26007.07
2019-08-08,26086.52,26383.61,26038.1,26378.19
2019-08-09,26337.09,26413.36,26097.64,26287.44
2019-08-12,26169.91,26178.95,25824.94,25907.37
2019-08-13,25888.88,26426.97,25833.25,26279.91
2019-08-14,26035.08,26035.08,25471.59,25479.42
2019-08-15,25514.25,25639.69,25339.6,25579.39
2019-08-16,25678.17,25929.65,25678.17,25886.01
2019-08-19,26020.06,26222.32,26020.06,26135.79
2019-08-20,26086.86,26160.12,25952.0,25962.44
2019-08-21,26145.36,26268.32,26141.77,26202.73
2019-08-22,26271.64,26388.78,26099.01,26252.24
2019-08-23,26134.21,26320.29,25507.18,25628.9
2019-08-26,25826.05,25941.25,25716.39,25898.83
2019-08-27,26014.46,26054.02,25721.85,25777.9
2019-08-28,25712.99,26041.57,25637.43,26036.1
2019-08-29,26249.09,26408.84,26185.71,26362.25
2019-08-30,26476.39,26514.62,26295.59,26403.28
2019-09-03,26198.26,26198.26,25978.22,26118.02
2019-09-04,26301.99,26362.35,26244.44,26355.47
2019-09-05,26603.15,26836.3,26603.15,26728.15
2019-09-06,26790.25,26860.87,26708.39,26797.46
2019-09-09,26866.23,26900.83,26762.18,26835.51
2019-09-10,26805.83,26909.43,26717.05,26909.43
2019-09-11,26928.05,27137.04,26885.48,27137.04
2019-09-12,27197.32,27306.73,27105.01,27182.45
2019-09-13,27216.67,27277.55,27193.95,27219.52
2019-09-16,27146.06,27172.87,27032.56,27076.82
2019-09-17,27010.12,27110.8,26984.14,27110.8
2019-09-18,27075.39,27161.93,26899.15,27147.08
2019-09-19,27186.05,27272.17,27064.21,27094.79
2019-09-20,27102.18,27194.75,26926.68,26935.07
2019-09-23,26851.45,27011.07,26831.34,26949.99
2019-09-24,27034.07,27079.68,26704.96,26807.77
2019-09-25,26866.71,27016.56,26755.86,26970.71
2019-09-26,27004.11,27015.07,26803.84,26891.12
2019-09-27,26987.26,27012.54,26715.82,26820.25
2019-09-30,26852.33,26998.86,26852.33,26916.83
2019-10-01,26962.54,27046.21,26562.22,26573.04
2019-10-02,26425.86,26438.04,25974.12,26078.62
2019-10-03,26039.02,26205.2,25743.46,26201.04
2019-10-04,26271.7,26590.74,26271.7,26573.72
2019-10-07,26502.33,26655.84,26424.54,26478.02
2019-10-08,26276.59,26421.81,26139.8,26164.04
2019-10-09,26308.23,26424.31,26249.75,26346.01
2019-10-10,26317.35,26603.31,26314.51,26496.67
2019-10-11,26694.2,27013.97,26694.2,26816.59
2019-10-14,26766.43,26874.33,26749.18,26787.36
2019-10-15,26811.2,27120.11,26811.2,27024.8
2019-10-16,26972.31,27058.34,26943.29,27001.98
2019-10-17,27032.38,27112.16,26970.29,27025.88
2019-10-18,27004.49,27018.25,26770.13,26770.2
2019-10-21,26852.67,26852.67,26747.62,26827.64
2019-10-22,26850.43,26946.64,26782.61,26788.1
2019-10-23,26835.24,26896.89,26745.0,26833.95
2019-10-24,26893.93,26931.78,26714.34,26805.53
2019-10-25,26789.61,27015.37,26765.68,26958.06
2019-10-28,27040.33,27167.88,27028.71,27090.72
2019-10-29,27061.07,27165.94,27039.76,27071.42
2019-10-30,27110.71,27204.36,26999.64,27186.69
2019-10-31,27188.37,27188.37,26918.29,27046.23
2019-11-01,27142.95,27347.43,27142.95,27347.36
2019-11-04,27402.06,27517.58,27402.06,27462.11
2019-11-05,27500.23,27560.36,27453.55,27492.63
2019-11-06,27502.74,27526.05,27407.81,27492.56
2019-11-07,27590.16,27774.67,27590.16,27674.8
2019-11-08,27686.2,27694.95,27578.97,27681.24
2019-11-11,27580.66,27714.39,27517.67,27691.49
2019-11-12,27701.59,27770.86,27635.32,27691.49
2019-11-13,27622.04,27806.4,27587.2,27783.59
2019-11-14,27757.2,27800.71,27676.97,27781.96
2019-11-15,27843.54,28004.89,27843.54,28004.89
2019-11-18,27993.22,28040.97,27969.24,28036.22
2019-11-19,28079.76,28090.21,27894.52,27934.02
2019-11-20,27879.55,27897.28,27675.28,27821.09
2019-11-21,27820.28,27828.33,27708.34,27766.29
2019-11-22,27831.23,27898.46,27773.98,27875.62
2019-11-25,27917.77,28068.69,27917.77,28066.47
2019-11-26,28080.75,28146.02,28042.21,28121.68
2019-11-27,28156.47,28174.97,28075.23,28164.0
2019-11-29,28103.16,28119.51,28042.53,28051.41
2019-12-02,28109.74,28109.84,27782.35,27783.04
2019-12-03,27501.98,27524.74,27325.13,27502.81
2019-12-04,27634.63,27727.45,27612.08,27649.78
2019-12-05,27736.05,27745.2,27562.8,27677.79
2019-12-06,27839.68,28035.85,27839.68,28015.06
2019-12-09,27987.05,28010.42,27906.14,27909.6
2019-12-10,27900.65,27949.02,27804.0,27881.72
2019-12-11,27867.31,27925.5,27801.8,27911.3
2019-12-12,27898.34,28224.95,27859.87,28132.05
2019-12-13,28123.64,28290.73,28028.32,28135.38
2019-12-16,28191.67,28337.49,28191.67,28235.89
2019-12-17,28221.75,28328.63,28220.56,28267.16
2019-12-18,28291.44,28323.25,28239.28,28239.28
2019-12-19,28278.31,28381.48,28278.24,28376.96
2019-12-20,28608.64,28608.64,28445.6,28455.09
2019-12-23,28491.78,28582.49,28491.78,28551.53
2019-12-24,28572.57,28576.8,28503.21,28515.45
2019-12-27,28675.34,28701.66,28608.98,28645.26
2019-12-30,28654.76,28664.69,28428.98,28462.14
2019-12-31,28414.64,28547.35,28376.49,28538.44
2020-01-02,28638.97,28872.8,28627.77,28868.8
2020-01-03,28553.33,28716.31,28500.36,28634.88
2020-01-06,28465.5,28708.02,28418.63,28703.38
2020-01-07,28639.18,28685.5,28565.28,28583.68
2020-01-08,28556.14,28866.18,28522.51,28745.09
2020-01-09,28851.97,28988.01,28844.31,28956.9
2020-01-10,28977.52,29009.07,28789.1,28823.77
2020-01-13,28869.01,28909.91,28819.43,28907.05
2020-01-14,28895.5,29054.16,28872.27,28939.67
2020-01-15,28901.8,29127.59,28897.35,29030.22
2020-01-16,29131.95,29300.32,29131.95,29297.64
2020-01-17,29313.31,29373.62,29289.91,29348.1
2020-01-21,29269.05,29341.21,29146.47,29196.04
2020-01-22,29263.63,29320.2,29172.26,29186.27
2020-01-23,29111.02,29190.47,28966.98,29160.09
2020-01-24,29230.39,29288.79,28843.31,28989.73
2020-01-27,28542.49,28671.79,28440.47,28535.8
2020-01-28,28594.28,28823.23,28575.75,28722.85
2020-01-29,28820.53,28944.24,28728.19,28734.45
2020-01-30,28640.16,28879.71,28489.76,28859.44
2020-01-31,28813.04,28813.04,28169.53,28256.03
2020-02-03,28319.65,28630.39,28319.65,28399.81
2020-02-04,28696.74,28904.88,28696.74,28807.63
2020-02-05,29048.73,29308.89,29000.85,29290.85
2020-02-06,29388.58,29408.05,29246.93,29379.77
2020-02-07,29286.92,29286.92,29056.98,29102.51
2020-02-10,28995.66,29278.07,28995.66,29276.82
2020-02-11,29390.71,29415.39,29210.47,29276.34
2020-02-12,29406.75,29568.57,29406.75,29551.42
2020-02-13,29436.03,29535.4,29345.93,29423.31
2020-02-14,29440.47,29463.04,29283.18,29398.08
2020-02-18,29282.78,29330.16,29116.81,29232.19
2020-02-19,29312.7,29409.09,29274.38,29348.03
2020-02-20,29296.25,29368.45,28959.65,29219.98
2020-02-21,29146.53,29146.53,28892.7,28992.41
2020-02-24,28402.93,28402.93,27912.44,27960.8
2020-02-25,28037.65,28149.2,26997.62,27081.36
2020-02-26,27159.46,27542.78,26890.97,26957.59
2020-02-27,26526.0,26775.31,25752.82,25766.64
2020-02-28,25270.83,25494.24,24681.01,25409.36
2020-03-02,25590.51,26706.17,25391.96,26703.32
2020-03-03,26762.47,27084.59,25706.28,25917.41
2020-03-04,26383.68,27102.34,26286.31,27090.86
2020-03-05,26671.92,26671.92,25943.33,26121.28
2020-03-06,25457.21,25994.38,25226.62,25864.78
2020-03-09,24992.36,24992.36,23706.07,23851.02
2020-03-10,24453.0,25020.99,23690.34,25018.16
2020-03-11,24604.63,24604.63,23328.32,23553.22
2020-03-12,22184.71,22837.95,21154.46,21200.62
2020-03-13,21973.82,23189.76,21285.37,23185.62
2020-03-16,20917.53,21768.28,20116.46,20188.52
2020-03-17,20487.05,21379.35,19882.26,21237.38
2020-03-18,20188.69,20489.33,18917.46,19898.92
2020-03-19,19830.01,20442.63,19177.13,20087.19
2020-03-20,20253.15,20531.26,19094.27,19173.98
2020-03-23,19028.36,19121.01,18213.65,18591.93
2020-03-24,19722.19,20737.7,19649.25,20704.91
2020-03-25,21050.34,22019.93,20538.34,21200.55
2020-03-26,21468.38,22595.06,21427.1,22552.17
2020-03-27,21898.47,22327.57,21469.27,21636.78
2020-03-30,21678.22,22378.09,21522.08,22327.48
2020-03-31,22208.42,22480.37,21852.08,21917.16
2020-04-01,21227.38,21487.24,20784.43,20943.51
2020-04-02,20819.46,21477.77,20735.02,21413.44
2020-04-03,21285.93,21447.81,20863.09,21052.53
2020-04-06,21693.63,22783.45,21693.63,22679.99
2020-04-07,23537.44,23617.24,22634.45,22653.86
2020-04-08,22893.47,23513.4,22682.99,23433.57
2020-04-09,23690.66,24008.99,23504.09,23719.37
2020-04-14,23690.57,24040.58,23683.44,23949.76
2020-04-15,23600.72,23649.72,23233.32,23504.35
2020-04-16,23543.66,23598.08,23211.38,23537.68
2020-04-17,23817.15,24264.21,23817.15,24242.49
2020-04-20,24095.1,24108.69,23627.19,23650.44
2020-04-21,23365.25,23365.25,22941.88,23018.88
2020-04-22,23437.34,23613.1,23339.6,23475.82
2020-04-23,23543.09,23885.36,23483.35,23515.26
2020-04-24,23628.24,23826.0,23417.68,23775.27
2020-04-27,23866.15,24207.65,23840.61,24133.78
2020-04-28,24357.17,24512.24,24031.2,24101.55
2020-04-29,24490.37,24764.77,24453.99,24633.86
2020-04-30,24585.57,24585.57,24186.9,24345.72
2020-05-04,23581.55,23769.56,23361.16,23749.76
2020-05-05,23958.88,24169.72,23868.91,23883.09
2020-05-06,23978.88,24054.59,23661.14,23664.64
2020-05-07,23837.21,24094.62,23834.39,23875.89
2020-05-08,24107.82,24349.9,24107.05,24331.32
2020-05-11,24256.45,24366.21,24070.22,24221.99
2020-05-12,24292.84,24382.09,23761.58,23764.78
2020-05-13,23702.16,23708.9,23067.64,23247.97
2020-05-14,23049.06,23630.86,22789.62,23625.34
2020-05-15,23454.83,23730.08,23354.15,23685.42
2020-05-18,24059.98,24708.54,24059.98,24597.37
2020-05-19,24577.48,24599.5,24202.96,24206.86
2020-05-20,24455.94,24649.48,24455.94,24575.9
2020-05-21,24564.27,24718.46,24370.88,24474.12
2020-05-22,24461.98,24481.64,24294.07,24465.16
2020-05-26,24781.84,25176.42,24781.84,24995.11
2020-05-27,25298.63,25551.56,25009.87,25548.27
2020-05-28,25697.36,25758.79,25358.73,25400.64
2020-05-29,25324.15,25482.8,25031.67,25383.11
2020-06-01,25342.99,25508.83,25220.66,25475.02
2020-06-02,25582.52,25743.13,25523.74,25742.65
2020-06-03,25906.88,26337.75,25906.88,26269.89
2020-06-04,26226.49,26384.1,26082.31,26281.82
2020-06-05,26836.8,27338.3,26836.8,27110.98
2020-06-08,27232.93,27580.21,27232.48,27572.44
2020-06-09,27447.37,27447.37,27151.06,27272.3
2020-06-10,27251.89,27355.22,26938.05,26989.99
2020-06-11,26282.51,26294.08,25082.72,25128.17
2020-06-12,25659.42,25965.55,25078.41,25605.54
2020-06-15,25270.39,25891.58,24843.18,25763.16
2020-06-16,26326.68,26611.03,25811.7,26289.98
2020-06-17,26330.52,26400.07,26068.41,26119.61
2020-06-18,26016.45,26154.2,25848.53,26080.1
2020-06-19,26213.1,26451.44,25759.66,25871.46
2020-06-22,25865.08,26059.81,25667.68,26024.96
2020-06-23,26159.39,26314.97,26105.97,26156.1
2020-06-24,25992.96,25992.96,25296.73,25445.94
2020-06-25,25365.22,25769.61,25209.79,25745.6
2020-06-26,25641.69,25641.69,24971.03,25015.55
2020-06-29,25152.45,25601.15,25096.16,25595.8
2020-06-30,25512.43,25905.38,25475.14,25812.88
2020-07-01,25879.38,26019.31,25713.61,25734.97
2020-07-02,25936.45,26204.41,25778.12,25827.36
2020-07-06,25996.08,26297.53,25996.08,26287.03
2020-07-07,26172.01,26174.93,25866.58,25890.18
2020-07-08,25950.06,26109.49,25816.25,26067.28
2020-07-09,26094.92,26103.28,25523.51,25706.09
2020-07-10,25690.35,26101.32,25637.5,26075.3
2020-07-13,26225.07,26639.09,26044.23,26085.8
2020-07-14,26044.17,26690.52,25994.98,26642.59
2020-07-15,27009.81,27071.33,26692.48,26870.1
2020-07-16,26746.57,26879.16,26590.01,26734.71
2020-07-17,26774.62,26808.43,26619.88,26671.95
2020-07-20,26660.29,26765.02,26504.2,26680.87
2020-07-21,26833.14,27025.38,26766.22,26840.4
2020-07-22,26824.56,27035.24,26794.19,27005.84
2020-07-23,26955.97,26973.85,26560.04,26652.33
2020-07-24,26533.41,26625.7,26402.86,26469.89
2020-07-27,26447.67,26625.46,26426.92,26584.77
2020-07-28,26529.45,26556.84,26361.71,26379.28
2020-07-29,26388.44,26602.45,26375.39,26539.57
2020-07-30,26367.42,26374.93,25992.28,26313.65
2020-07-31,26409.33,26440.02,26013.59,26428.32
2020-08-03,26542.32,26707.26,26534.38,26664.4
2020-08-04,26664.61,26832.72,26597.82,26828.47
2020-08-05,26924.78,27221.67,26924.78,27201.52
2020-08-06,27170.82,27394.1,27145.25,27386.98
2020-08-07,27321.68,27456.24,27223.55,27433.48
2020-08-10,27488.21,27803.86,27488.21,27791.44
2020-08-11,27961.64,28154.88,27624.51,27686.91
2020-08-12,27860.24,28043.89,27843.32,27976.84
2020-08-13,27922.51,27986.1,27789.78,27896.72
2020-08-14,27828.93,27977.81,27759.39,27931.02
2020-08-17,27970.05,27999.81,27816.4,27844.91
2020-08-18,27853.48,27891.12,27668.79,27778.07
2020-08-19,27811.26,27920.42,27647.67,27692.88
2020-08-20,27622.68,27781.46,27526.25,27739.73
2020-08-21,27758.13,27959.48,27686.78,27930.33
2020-08-24,28077.58,28314.94,28041.75,28308.46
2020-08-25,28347.42,28400.74,28094.57,28248.44
2020-08-26,28257.88,28353.8,28153.91,28331.92
2020-08-27,28384.07,28634.22,28363.93,28492.27
2020-08-28,28601.29,28733.35,28487.98,28653.87
2020-08-31,28643.66,28643.66,28363.55,28430.05
2020-09-01,28439.61,28659.26,28290.72,28645.66
2020-09-02,28736.79,29162.88,28713.53,29100.5
2020-09-03,29090.7,29199.35,28074.76,28292.73
2020-09-04,28341.05,28539.75,27664.68,28133.31
2020-09-08,27925.23,27925.23,27464.9,27500.89
2020-09-09,27711.71,28206.21,27704.54,27940.47
2020-09-10,28022.51,28174.78,27447.08,27534.58
2020-09-11,27613.86,27828.82,27448.15,27665.64
2020-09-14,27718.74,28086.06,27718.74,27993.33
2020-09-15,28139.76,28231.06,27931.45,27995.6
2020-09-16,28031.69,28364.77,28021.67,28032.38
2020-09-17,27834.18,28056.79,27647.93,27901.98
2020-09-18,27864.87,27946.69,27487.97,27657.42
2020-09-21,27484.71,27484.71,26715.15,27147.7
2020-09-22,27170.34,27333.09,26989.93,27288.18
2020-09-23,27413.6,27464.46,26716.12,26763.13
2020-09-24,26716.09,27094.85,26537.01,26815.44
2020-09-25,26694.51,27239.29,26635.38,27173.96
2020-09-28,27362.14,27722.6,27362.14,27584.06
2020-09-29,27560.24,27605.6,27338.09,27452.66
2020-09-30,27514.64,28026.33,27511.06,27781.7
2020-10-01,27940.63,28041.46,27669.26,27816.9
2020-10-02,27536.39,27861.43,27382.94,27682.81
2020-10-05,27825.42,28162.64,27825.42,28148.64
2020-10-06,28214.24,28354.48,27728.03,27772.76
2020-10-07,27971.36,28369.66,27971.36,28303.46
2020-10-08,28348.86,28459.13,28265.56,28425.51
2020-10-09,28533.61,28676.29,28440.63,28586.9
2020-10-12,28671.12,28957.9,28659.67,28837.52
2020-10-13,28764.95,28808.84,28604.35,28679.81
2020-10-14,28731.3,28792.56,28461.73,28514.0
2020-10-15,28323.4,28535.85,28181.54,28494.2
2020-10-16,28570.72,28842.9,28570.72,28606.31
2020-10-19,28633.55,28711.93,28139.4,28195.42
2020-10-20,28245.85,28575.03,28243.04,28308.79
2020-10-21,28270.66,28450.64,28196.39,28210.82
2020-10-22,28197.42,28421.31,28040.18,28363.66
2020-10-23,28409.65,28436.52,28149.82,28335.57
2020-10-26,28185.82,28185.82,27370.16,27685.38
2020-10-27,27651.18,27707.69,27457.96,27463.19
2020-10-28,27102.14,27102.14,26497.39,26519.95
2020-10-29,26480.98,26891.89,26290.78,26659.11
2020-10-30,26572.27,26639.18,26143.77,26501.6
2020-11-02,26691.28,27043.48,26691.28,26925.05
2020-11-03,27138.69,27640.21,27138.69,27480.03
2020-11-04,27512.83,28301.5,27512.83,27847.66
2020-11-05,28083.37,28495.05,28083.37,28390.18
2020-11-06,28399.13,28431.96,28189.5,28323.4
2020-11-09,29467.9,29933.83,29130.66,29157.97
2020-11-10,29254.17,29478.86,29126.99,29420.92
2020-11-11,29524.35,29593.11,29281.22,29397.63
2020-11-12,29231.91,29311.83,28902.13,29080.17
2020-11-13,29203.9,29559.25,29203.9,29479.81
2020-11-16,29672.36,29964.29,29672.36,29950.44
2020-11-17,29800.15,29872.42,29520.29,29783.35
2020-11-18,29875.4,29930.85,29432.84,29438.42
2020-11-19,29370.92,29524.9,29228.38,29483.23
2020-11-20,29437.57,29469.89,29231.2,29263.48
2020-11-23,29332.82,29667.75,29332.82,29591.27
2020-11-24,29746.11,30116.51,29746.11,30046.24
2020-11-25,30058.87,30058.87,29806.25,29872.47
2020-11-27,29911.33,30015.13,29819.98,29910.37
2020-11-30,29854.51,29854.51,29463.64,29638.64
2020-12-01,29797.5,30083.31,29797.5,29823.92
2020-12-02,29695.09,29902.51,29599.29,29883.79
2020-12-03,29920.83,30110.88,29877.27,29969.52
2020-12-04,29989.56,30218.26,29989.56,30218.26
2020-12-07,30233.03,30233.03,29967.22,30069.79
2020-12-08,29997.95,30246.22,29972.07,30173.88
2020-12-09,30229.81,30319.7,29951.85,30068.81
2020-12-10,30032.55,30063.87,29876.82,29999.26
2020-12-11,29988.21,30071.13,29820.84,30046.37
2020-12-14,30123.91,30325.79,29849.15,29861.55
2020-12-15,29919.09,30243.26,29894.95,30199.31
2020-12-16,30191.38,30236.03,30080.11,30154.54
2020-12-17,30216.0,30323.78,30216.0,30303.37
2020-12-18,30314.26,30343.59,30029.44,30179.05
2020-12-21,30159.0,30304.14,29755.53,30216.45
2020-12-22,30200.2,30200.2,29992.89,30015.51
2020-12-23,30046.73,30292.53,30046.73,30129.83
2020-12-24,30155.92,30209.67,30099.3,30199.87
2020-12-25,30155.92,30209.67,30099.3,30199.87
2020-12-26,30155.92,30209.67,30099.3,30199.87
2020-12-27,30155.92,30209.67,30099.3,30199.87
2020-12-28,30283.23,30525.56,30283.23,30403.97
2020-12-29,30492.07,30588.79,30274.24,30335.67
2020-12-30,30415.09,30525.35,30393.04,30409.56
2020-12-31,30417.64,30637.47,30344.50,30606.48